EFTA00280596,9,avi,video,15872,0.02,https://www.justice.gov/epstein/files/DataSet%209/EFTA00280596.pdf,False,,,0.0,320x240,Silent surveillance video; 320x240
EFTA00280597,9,avi,video,49664,0.05,https://www.justice.gov/epstein/files/DataSet%209/EFTA00280597.pdf,False,,,0.0,320x240,Silent surveillance video; 320x240
EFTA00280598,9,avi,video,45568,0.04,https://www.justice.gov/epstein/files/DataSet%209/EFTA00280598.pdf,False,,,0.0,320x240,Silent surveillance video; 320x240
EFTA00280599,9,avi,video,510976,0.49,https://www.justice.gov/epstein/files/DataSet%209/EFTA00280599.pdf,False,,,0.0,320x240,Silent surveillance video; 320x240
EFTA00280600,9,avi,video,14336,0.01,https://www.justice.gov/epstein/files/DataSet%209/EFTA00280600.pdf,False,,,0.0,320x240,Silent surveillance video; 320x240
EFTA00280601,9,avi,video,37376,0.04,https://www.justice.gov/epstein/files/DataSet%209/EFTA00280601.pdf,False,,,0.0,320x240,Silent surveillance video; 320x240
EFTA00280602,9,avi,video,44544,0.04,https://www.justice.gov/epstein/files/DataSet%209/EFTA00280602.pdf,False,,,0.0,320x240,Silent surveillance video; 320x240
EFTA00280603,9,avi,video,15360,0.01,https://www.justice.gov/epstein/files/DataSet%209/EFTA00280603.pdf,False,,,0.0,320x240,Silent surveillance video; 320x240
EFTA00280604,9,avi,video,33792,0.03,https://www.justice.gov/epstein/files/DataSet%209/EFTA00280604.pdf,False,,,0.1,320x240,Silent surveillance video; 320x240; 0s
EFTA00280605,9,avi,video,15872,0.02,https://www.justice.gov/epstein/files/DataSet%209/EFTA00280605.pdf,False,,,0.0,320x240,Silent surveillance video; 320x240
EFTA00280606,9,avi,video,14336,0.01,https://www.justice.gov/epstein/files/DataSet%209/EFTA00280606.pdf,False,,,0.0,320x240,Silent surveillance video; 320x240
EFTA00280607,9,avi,video,33280,0.03,https://www.justice.gov/epstein/files/DataSet%209/EFTA00280607.pdf,False,,,0.1,320x240,Silent surveillance video; 320x240; 0s
EFTA00280608,9,avi,video,70144,0.07,https://www.justice.gov/epstein/files/DataSet%209/EFTA00280608.pdf,False,,,0.1,320x240,Silent surveillance video; 320x240; 0s
EFTA00280609,9,avi,video,15360,0.01,https://www.justice.gov/epstein/files/DataSet%209/EFTA00280609.pdf,False,,,0.1,320x240,Silent surveillance video; 320x240; 0s
EFTA00280610,9,avi,video,13824,0.01,https://www.justice.gov/epstein/files/DataSet%209/EFTA00280610.pdf,False,,,0.0,320x240,Silent surveillance video; 320x240
EFTA00280611,9,avi,video,39936,0.04,https://www.justice.gov/epstein/files/DataSet%209/EFTA00280611.pdf,False,,,0.2,320x240,Silent surveillance video; 320x240; 0s
EFTA00280612,9,avi,video,105984,0.1,https://www.justice.gov/epstein/files/DataSet%209/EFTA00280612.pdf,False,,,0.2,320x240,Silent surveillance video; 320x240; 0s
EFTA00280613,9,avi,video,13312,0.01,https://www.justice.gov/epstein/files/DataSet%209/EFTA00280613.pdf,False,,,0.0,320x240,Silent surveillance video; 320x240
EFTA00280614,9,avi,video,14336,0.01,https://www.justice.gov/epstein/files/DataSet%209/EFTA00280614.pdf,False,,,0.1,320x240,Silent surveillance video; 320x240; 0s
EFTA00280615,9,avi,video,12288,0.01,https://www.justice.gov/epstein/files/DataSet%209/EFTA00280615.pdf,False,,,0.1,320x240,Silent surveillance video; 320x240; 0s
EFTA00280616,9,avi,video,35328,0.03,https://www.justice.gov/epstein/files/DataSet%209/EFTA00280616.pdf,False,,,0.2,320x240,Silent surveillance video; 320x240; 0s
EFTA00280617,9,avi,video,13312,0.01,https://www.justice.gov/epstein/files/DataSet%209/EFTA00280617.pdf,False,,,0.0,320x240,Silent surveillance video; 320x240
EFTA00280618,9,avi,video,19456,0.02,https://www.justice.gov/epstein/files/DataSet%209/EFTA00280618.pdf,False,,,0.1,320x240,Silent surveillance video; 320x240; 0s
EFTA00280619,9,avi,video,36864,0.04,https://www.justice.gov/epstein/files/DataSet%209/EFTA00280619.pdf,False,,,0.0,320x240,Silent surveillance video; 320x240
EFTA00280620,9,avi,video,93184,0.09,https://www.justice.gov/epstein/files/DataSet%209/EFTA00280620.pdf,False,,,0.1,320x240,Silent surveillance video; 320x240; 0s
EFTA00280621,9,avi,video,14848,0.01,https://www.justice.gov/epstein/files/DataSet%209/EFTA00280621.pdf,False,,,0.1,320x240,Silent surveillance video; 320x240; 0s
EFTA00280622,9,avi,video,21504,0.02,https://www.justice.gov/epstein/files/DataSet%209/EFTA00280622.pdf,False,,,0.1,320x240,Silent surveillance video; 320x240; 0s
EFTA00280623,9,avi,video,52224,0.05,https://www.justice.gov/epstein/files/DataSet%209/EFTA00280623.pdf,False,,,0.1,320x240,Silent surveillance video; 320x240; 0s
EFTA00280624,9,avi,video,13312,0.01,https://www.justice.gov/epstein/files/DataSet%209/EFTA00280624.pdf,False,,,0.0,320x240,Silent surveillance video; 320x240
EFTA00280625,9,avi,video,13824,0.01,https://www.justice.gov/epstein/files/DataSet%209/EFTA00280625.pdf,False,,,0.1,320x240,Silent surveillance video; 320x240; 0s
EFTA00280626,9,avi,video,207872,0.2,https://www.justice.gov/epstein/files/DataSet%209/EFTA00280626.pdf,False,,,0.1,320x240,Silent surveillance video; 320x240; 0s
EFTA00280627,9,avi,video,14336,0.01,https://www.justice.gov/epstein/files/DataSet%209/EFTA00280627.pdf,False,,,0.0,320x240,Silent surveillance video; 320x240
EFTA00280628,9,avi,video,189952,0.18,https://www.justice.gov/epstein/files/DataSet%209/EFTA00280628.pdf,False,,,0.1,320x240,Silent surveillance video; 320x240; 0s
EFTA00280629,9,avi,video,266752,0.25,https://www.justice.gov/epstein/files/DataSet%209/EFTA00280629.pdf,False,,,0.1,320x240,Silent surveillance video; 320x240; 0s
EFTA00280630,9,avi,video,207360,0.2,https://www.justice.gov/epstein/files/DataSet%209/EFTA00280630.pdf,False,,,0.1,320x240,Silent surveillance video; 320x240; 0s
EFTA00280631,9,avi,video,75264,0.07,https://www.justice.gov/epstein/files/DataSet%209/EFTA00280631.pdf,False,,,0.1,320x240,Silent surveillance video; 320x240; 0s
EFTA00280632,9,avi,video,94208,0.09,https://www.justice.gov/epstein/files/DataSet%209/EFTA00280632.pdf,False,,,0.0,320x240,Silent surveillance video; 320x240
EFTA00280633,9,avi,video,78336,0.07,https://www.justice.gov/epstein/files/DataSet%209/EFTA00280633.pdf,False,,,0.1,320x240,Silent surveillance video; 320x240; 0s
EFTA00280634,9,avi,video,51712,0.05,https://www.justice.gov/epstein/files/DataSet%209/EFTA00280634.pdf,False,,,0.2,320x240,Silent surveillance video; 320x240; 0s
EFTA00280635,9,avi,video,27136,0.03,https://www.justice.gov/epstein/files/DataSet%209/EFTA00280635.pdf,False,,,0.1,320x240,Silent surveillance video; 320x240; 0s
EFTA00280636,9,avi,video,12288,0.01,https://www.justice.gov/epstein/files/DataSet%209/EFTA00280636.pdf,False,,,0.1,320x240,Silent surveillance video; 320x240; 0s
EFTA00280637,9,avi,video,78336,0.07,https://www.justice.gov/epstein/files/DataSet%209/EFTA00280637.pdf,False,,,0.1,320x240,Silent surveillance video; 320x240; 0s
EFTA00280638,9,avi,video,20480,0.02,https://www.justice.gov/epstein/files/DataSet%209/EFTA00280638.pdf,False,,,0.3,320x240,Silent surveillance video; 320x240; 0s
EFTA00280639,9,avi,video,705536,0.67,https://www.justice.gov/epstein/files/DataSet%209/EFTA00280639.pdf,False,,,0.4,320x240,Silent surveillance video; 320x240; 0s
EFTA00280640,9,avi,video,12288,0.01,https://www.justice.gov/epstein/files/DataSet%209/EFTA00280640.pdf,False,,,0.1,320x240,Silent surveillance video; 320x240; 0s
EFTA00280641,9,avi,video,18432,0.02,https://www.justice.gov/epstein/files/DataSet%209/EFTA00280641.pdf,False,,,0.0,320x240,Silent surveillance video; 320x240
EFTA00280642,9,avi,video,20480,0.02,https://www.justice.gov/epstein/files/DataSet%209/EFTA00280642.pdf,False,,,0.1,320x240,Silent surveillance video; 320x240; 0s
EFTA00280643,9,avi,video,34816,0.03,https://www.justice.gov/epstein/files/DataSet%209/EFTA00280643.pdf,False,,,0.0,320x240,Silent surveillance video; 320x240
EFTA00280644,9,avi,video,19968,0.02,https://www.justice.gov/epstein/files/DataSet%209/EFTA00280644.pdf,False,,,0.0,320x240,Silent surveillance video; 320x240
EFTA00280645,9,avi,video,21504,0.02,https://www.justice.gov/epstein/files/DataSet%209/EFTA00280645.pdf,False,,,0.0,320x240,Silent surveillance video; 320x240
EFTA00280646,9,avi,video,37376,0.04,https://www.justice.gov/epstein/files/DataSet%209/EFTA00280646.pdf,False,,,0.0,320x240,Silent surveillance video; 320x240
EFTA00280647,9,avi,video,20992,0.02,https://www.justice.gov/epstein/files/DataSet%209/EFTA00280647.pdf,False,,,0.0,320x240,Silent surveillance video; 320x240
EFTA00280648,9,avi,video,22016,0.02,https://www.justice.gov/epstein/files/DataSet%209/EFTA00280648.pdf,False,,,0.0,320x240,Silent surveillance video; 320x240
EFTA00280649,9,avi,video,41984,0.04,https://www.justice.gov/epstein/files/DataSet%209/EFTA00280649.pdf,False,,,0.0,320x240,Silent surveillance video; 320x240
EFTA00280650,9,avi,video,313856,0.3,https://www.justice.gov/epstein/files/DataSet%209/EFTA00280650.pdf,False,,,0.0,320x240,Silent surveillance video; 320x240
EFTA00280651,9,avi,video,37888,0.04,https://www.justice.gov/epstein/files/DataSet%209/EFTA00280651.pdf,False,,,0.1,320x240,Silent surveillance video; 320x240; 0s
EFTA00280652,9,avi,video,39424,0.04,https://www.justice.gov/epstein/files/DataSet%209/EFTA00280652.pdf,False,,,0.1,320x240,Silent surveillance video; 320x240; 0s
EFTA00280653,9,avi,video,806912,0.77,https://www.justice.gov/epstein/files/DataSet%209/EFTA00280653.pdf,False,,,0.0,320x240,Silent surveillance video; 320x240
EFTA00280654,9,avi,video,22528,0.02,https://www.justice.gov/epstein/files/DataSet%209/EFTA00280654.pdf,False,,,0.1,320x240,Silent surveillance video; 320x240; 0s
EFTA00280655,9,avi,video,4585472,4.37,https://www.justice.gov/epstein/files/DataSet%209/EFTA00280655.pdf,False,,,0.1,320x240,Silent surveillance video; 320x240; 0s
EFTA00280656,9,avi,video,214016,0.2,https://www.justice.gov/epstein/files/DataSet%209/EFTA00280656.pdf,False,,,0.1,320x240,Silent surveillance video; 320x240; 0s
EFTA00280657,9,avi,video,104448,0.1,https://www.justice.gov/epstein/files/DataSet%209/EFTA00280657.pdf,False,,,0.4,320x240,Silent surveillance video; 320x240; 0s
EFTA00280658,9,avi,video,31232,0.03,https://www.justice.gov/epstein/files/DataSet%209/EFTA00280658.pdf,False,,,0.1,320x240,Silent surveillance video; 320x240; 0s
EFTA00280659,9,avi,video,112640,0.11,https://www.justice.gov/epstein/files/DataSet%209/EFTA00280659.pdf,False,,,0.1,320x240,Silent surveillance video; 320x240; 0s
EFTA00280660,9,avi,video,55808,0.05,https://www.justice.gov/epstein/files/DataSet%209/EFTA00280660.pdf,False,,,0.2,320x240,Silent surveillance video; 320x240; 0s
EFTA00280661,9,avi,video,66560,0.06,https://www.justice.gov/epstein/files/DataSet%209/EFTA00280661.pdf,False,,,0.1,320x240,Silent surveillance video; 320x240; 0s
EFTA00280662,9,avi,video,650752,0.62,https://www.justice.gov/epstein/files/DataSet%209/EFTA00280662.pdf,False,,,0.8,320x240,Silent surveillance video; 320x240; 1s
EFTA00280663,9,avi,video,62464,0.06,https://www.justice.gov/epstein/files/DataSet%209/EFTA00280663.pdf,False,,,0.0,320x240,Silent surveillance video; 320x240
EFTA00280664,9,avi,video,16384,0.02,https://www.justice.gov/epstein/files/DataSet%209/EFTA00280664.pdf,False,,,0.1,320x240,Silent surveillance video; 320x240; 0s
EFTA00280665,9,avi,video,472064,0.45,https://www.justice.gov/epstein/files/DataSet%209/EFTA00280665.pdf,False,,,0.0,320x240,Silent surveillance video; 320x240
EFTA00280666,9,avi,video,3297280,3.14,https://www.justice.gov/epstein/files/DataSet%209/EFTA00280666.pdf,False,,,0.5,320x240,Silent surveillance video; 320x240; 0s
EFTA00280667,9,avi,video,1064960,1.02,https://www.justice.gov/epstein/files/DataSet%209/EFTA00280667.pdf,False,,,0.1,320x240,Silent surveillance video; 320x240; 0s
EFTA00280668,9,avi,video,3442688,3.28,https://www.justice.gov/epstein/files/DataSet%209/EFTA00280668.pdf,False,,,0.0,320x240,Silent surveillance video; 320x240
EFTA00280669,9,avi,video,2825216,2.69,https://www.justice.gov/epstein/files/DataSet%209/EFTA00280669.pdf,False,,,0.1,320x240,Silent surveillance video; 320x240; 0s
EFTA00280670,9,avi,video,1672192,1.59,https://www.justice.gov/epstein/files/DataSet%209/EFTA00280670.pdf,False,,,0.0,320x240,Silent surveillance video; 320x240
EFTA00280671,9,avi,video,1879552,1.79,https://www.justice.gov/epstein/files/DataSet%209/EFTA00280671.pdf,False,,,2.8,320x240,Silent surveillance video; 320x240; 3s
EFTA00280672,9,avi,video,198144,0.19,https://www.justice.gov/epstein/files/DataSet%209/EFTA00280672.pdf,False,,,0.2,320x240,Silent surveillance video; 320x240; 0s
EFTA00280673,9,avi,video,2721280,2.6,https://www.justice.gov/epstein/files/DataSet%209/EFTA00280673.pdf,False,,,0,,Video file
EFTA00280674,9,avi,video,2476544,2.36,https://www.justice.gov/epstein/files/DataSet%209/EFTA00280674.pdf,False,,,0,,Video file
EFTA00280675,9,avi,video,2654208,2.53,https://www.justice.gov/epstein/files/DataSet%209/EFTA00280675.pdf,False,,,0.6,320x240,Silent surveillance video; 320x240; 1s
EFTA00280676,9,avi,video,3735040,3.56,https://www.justice.gov/epstein/files/DataSet%209/EFTA00280676.pdf,False,,,5.1,320x240,Silent surveillance video; 320x240; 5s
EFTA00280677,9,avi,video,12288,0.01,https://www.justice.gov/epstein/files/DataSet%209/EFTA00280677.pdf,False,,,0.1,320x240,Silent surveillance video; 320x240; 0s
EFTA00280678,9,avi,video,8902144,8.49,https://www.justice.gov/epstein/files/DataSet%209/EFTA00280678.pdf,False,,,0.4,320x240,Silent surveillance video; 320x240; 0s
EFTA00280679,9,avi,video,17408,0.02,https://www.justice.gov/epstein/files/DataSet%209/EFTA00280679.pdf,False,,,0.1,320x240,Silent surveillance video; 320x240; 0s
EFTA00280680,9,avi,video,11264,0.01,https://www.justice.gov/epstein/files/DataSet%209/EFTA00280680.pdf,False,,,0.1,320x240,Silent surveillance video; 320x240; 0s
EFTA00280681,9,avi,video,10752,0.01,https://www.justice.gov/epstein/files/DataSet%209/EFTA00280681.pdf,False,,,0.1,320x240,Silent surveillance video; 320x240; 0s
EFTA00280682,9,avi,video,11264,0.01,https://www.justice.gov/epstein/files/DataSet%209/EFTA00280682.pdf,False,,,0.1,320x240,Silent surveillance video; 320x240; 0s
EFTA00280683,9,avi,video,12800,0.01,https://www.justice.gov/epstein/files/DataSet%209/EFTA00280683.pdf,False,,,0.1,320x240,Silent surveillance video; 320x240; 0s
EFTA00280684,9,avi,video,13312,0.01,https://www.justice.gov/epstein/files/DataSet%209/EFTA00280684.pdf,False,,,0.1,320x240,Silent surveillance video; 320x240; 0s
EFTA00280685,9,avi,video,599552,0.57,https://www.justice.gov/epstein/files/DataSet%209/EFTA00280685.pdf,False,,,0.4,320x240,Silent surveillance video; 320x240; 0s
EFTA00280686,9,avi,video,2576896,2.46,https://www.justice.gov/epstein/files/DataSet%209/EFTA00280686.pdf,False,,,0.1,320x240,Silent surveillance video; 320x240; 0s
EFTA00280687,9,avi,video,2744832,2.62,https://www.justice.gov/epstein/files/DataSet%209/EFTA00280687.pdf,False,,,0.1,320x240,Silent surveillance video; 320x240; 0s
EFTA00280688,9,avi,video,2736128,2.61,https://www.justice.gov/epstein/files/DataSet%209/EFTA00280688.pdf,False,,,4.1,320x240,Silent surveillance video; 320x240; 4s
EFTA00280689,9,avi,video,17408,0.02,https://www.justice.gov/epstein/files/DataSet%209/EFTA00280689.pdf,False,,,0.1,320x240,Silent surveillance video; 320x240; 0s
EFTA00280690,9,avi,video,3643392,3.47,https://www.justice.gov/epstein/files/DataSet%209/EFTA00280690.pdf,False,,,0.1,320x240,Silent surveillance video; 320x240; 0s
EFTA00280691,9,avi,video,4784128,4.56,https://www.justice.gov/epstein/files/DataSet%209/EFTA00280691.pdf,False,,,0.1,320x240,Silent surveillance video; 320x240; 0s
EFTA00280692,9,avi,video,20992,0.02,https://www.justice.gov/epstein/files/DataSet%209/EFTA00280692.pdf,False,,,0.1,320x240,Silent surveillance video; 320x240; 0s
EFTA00280693,9,avi,video,15872,0.02,https://www.justice.gov/epstein/files/DataSet%209/EFTA00280693.pdf,False,,,0.1,320x240,Silent surveillance video; 320x240; 0s
EFTA00280694,9,avi,video,290304,0.28,https://www.justice.gov/epstein/files/DataSet%209/EFTA00280694.pdf,False,,,0.1,320x240,Silent surveillance video; 320x240; 0s
EFTA00280695,9,avi,video,130048,0.12,https://www.justice.gov/epstein/files/DataSet%209/EFTA00280695.pdf,False,,,0.1,320x240,Silent surveillance video; 320x240; 0s
EFTA00280696,9,avi,video,10240,0.01,https://www.justice.gov/epstein/files/DataSet%209/EFTA00280696.pdf,False,,,0.0,320x240,Silent surveillance video; 320x240
EFTA00280697,9,avi,video,1601536,1.53,https://www.justice.gov/epstein/files/DataSet%209/EFTA00280697.pdf,False,,,0.0,320x240,Silent surveillance video; 320x240
EFTA00280698,9,avi,video,83968,0.08,https://www.justice.gov/epstein/files/DataSet%209/EFTA00280698.pdf,False,,,0.1,320x240,Silent surveillance video; 320x240; 0s
EFTA00280699,9,avi,video,11264,0.01,https://www.justice.gov/epstein/files/DataSet%209/EFTA00280699.pdf,False,,,0.1,320x240,Silent surveillance video; 320x240; 0s
EFTA00280700,9,avi,video,13312,0.01,https://www.justice.gov/epstein/files/DataSet%209/EFTA00280700.pdf,False,,,0.1,320x240,Silent surveillance video; 320x240; 0s
EFTA00280701,9,avi,video,1157120,1.1,https://www.justice.gov/epstein/files/DataSet%209/EFTA00280701.pdf,False,,,0.7,320x240,Silent surveillance video; 320x240; 1s
EFTA00280702,9,avi,video,41984,0.04,https://www.justice.gov/epstein/files/DataSet%209/EFTA00280702.pdf,False,,,0.1,320x240,Silent surveillance video; 320x240; 0s
EFTA00280703,9,avi,video,12288,0.01,https://www.justice.gov/epstein/files/DataSet%209/EFTA00280703.pdf,False,,,0.1,320x240,Silent surveillance video; 320x240; 0s
EFTA00280704,9,avi,video,264704,0.25,https://www.justice.gov/epstein/files/DataSet%209/EFTA00280704.pdf,False,,,0.0,320x240,Silent surveillance video; 320x240
EFTA00280705,9,avi,video,16896,0.02,https://www.justice.gov/epstein/files/DataSet%209/EFTA00280705.pdf,False,,,0.1,320x240,Silent surveillance video; 320x240; 0s
EFTA00280706,9,avi,video,761856,0.73,https://www.justice.gov/epstein/files/DataSet%209/EFTA00280706.pdf,False,,,0.1,320x240,Silent surveillance video; 320x240; 0s
EFTA00280707,9,avi,video,13824,0.01,https://www.justice.gov/epstein/files/DataSet%209/EFTA00280707.pdf,False,,,0.1,320x240,Silent surveillance video; 320x240; 0s
EFTA00280708,9,avi,video,21504,0.02,https://www.justice.gov/epstein/files/DataSet%209/EFTA00280708.pdf,False,,,0.1,320x240,Silent surveillance video; 320x240; 0s
EFTA00280709,9,avi,video,357376,0.34,https://www.justice.gov/epstein/files/DataSet%209/EFTA00280709.pdf,False,,,0.6,320x240,Silent surveillance video; 320x240; 1s
EFTA00280710,9,avi,video,11264,0.01,https://www.justice.gov/epstein/files/DataSet%209/EFTA00280710.pdf,False,,,0.1,320x240,Silent surveillance video; 320x240; 0s
EFTA00280711,9,avi,video,239104,0.23,https://www.justice.gov/epstein/files/DataSet%209/EFTA00280711.pdf,False,,,0.1,320x240,Silent surveillance video; 320x240; 0s
EFTA00280712,9,avi,video,16384,0.02,https://www.justice.gov/epstein/files/DataSet%209/EFTA00280712.pdf,False,,,0.0,320x240,Silent surveillance video; 320x240
EFTA00280713,9,avi,video,10240,0.01,https://www.justice.gov/epstein/files/DataSet%209/EFTA00280713.pdf,False,,,0.1,320x240,Silent surveillance video; 320x240; 0s
EFTA00280714,9,avi,video,15872,0.02,https://www.justice.gov/epstein/files/DataSet%209/EFTA00280714.pdf,False,,,0.0,320x240,Silent surveillance video; 320x240
EFTA00280715,9,avi,video,143872,0.14,https://www.justice.gov/epstein/files/DataSet%209/EFTA00280715.pdf,False,,,0.0,320x240,Silent surveillance video; 320x240
EFTA00280716,9,avi,video,68096,0.06,https://www.justice.gov/epstein/files/DataSet%209/EFTA00280716.pdf,False,,,0.4,320x240,Silent surveillance video; 320x240; 0s
EFTA00280717,9,avi,video,78336,0.07,https://www.justice.gov/epstein/files/DataSet%209/EFTA00280717.pdf,False,,,0.3,320x240,Silent surveillance video; 320x240; 0s
EFTA00280718,9,avi,video,16896,0.02,https://www.justice.gov/epstein/files/DataSet%209/EFTA00280718.pdf,False,,,0.0,320x240,Silent surveillance video; 320x240
EFTA00280719,9,avi,video,459264,0.44,https://www.justice.gov/epstein/files/DataSet%209/EFTA00280719.pdf,False,,,0.3,320x240,Silent surveillance video; 320x240; 0s
EFTA00280720,9,avi,video,221184,0.21,https://www.justice.gov/epstein/files/DataSet%209/EFTA00280720.pdf,False,,,0.0,320x240,Silent surveillance video; 320x240
EFTA00280721,9,avi,video,16384,0.02,https://www.justice.gov/epstein/files/DataSet%209/EFTA00280721.pdf,False,,,0.1,320x240,Silent surveillance video; 320x240; 0s
EFTA00280722,9,avi,video,16896,0.02,https://www.justice.gov/epstein/files/DataSet%209/EFTA00280722.pdf,False,,,0.1,320x240,Silent surveillance video; 320x240; 0s
EFTA00280723,9,avi,video,582656,0.56,https://www.justice.gov/epstein/files/DataSet%209/EFTA00280723.pdf,False,,,1.0,320x240,Silent surveillance video; 320x240; 1s
EFTA00280724,9,avi,video,14336,0.01,https://www.justice.gov/epstein/files/DataSet%209/EFTA00280724.pdf,False,,,0.1,320x240,Silent surveillance video; 320x240; 0s
EFTA00280725,9,avi,video,18944,0.02,https://www.justice.gov/epstein/files/DataSet%209/EFTA00280725.pdf,False,,,0.0,320x240,Silent surveillance video; 320x240
EFTA00280726,9,avi,video,220160,0.21,https://www.justice.gov/epstein/files/DataSet%209/EFTA00280726.pdf,False,,,0.3,320x240,Silent surveillance video; 320x240; 0s
EFTA00280727,9,avi,video,16384,0.02,https://www.justice.gov/epstein/files/DataSet%209/EFTA00280727.pdf,False,,,0.1,320x240,Silent surveillance video; 320x240; 0s
EFTA00280728,9,avi,video,16896,0.02,https://www.justice.gov/epstein/files/DataSet%209/EFTA00280728.pdf,False,,,0.1,320x240,Silent surveillance video; 320x240; 0s
EFTA00280729,9,avi,video,104448,0.1,https://www.justice.gov/epstein/files/DataSet%209/EFTA00280729.pdf,False,,,0.1,320x240,Silent surveillance video; 320x240; 0s
EFTA00280730,9,avi,video,281088,0.27,https://www.justice.gov/epstein/files/DataSet%209/EFTA00280730.pdf,False,,,0.0,320x240,Silent surveillance video; 320x240
EFTA00280731,9,avi,video,278016,0.27,https://www.justice.gov/epstein/files/DataSet%209/EFTA00280731.pdf,False,,,0.3,320x240,Silent surveillance video; 320x240; 0s
EFTA00280732,9,avi,video,148992,0.14,https://www.justice.gov/epstein/files/DataSet%209/EFTA00280732.pdf,False,,,0.1,320x240,Silent surveillance video; 320x240; 0s
EFTA00280733,9,avi,video,738304,0.7,https://www.justice.gov/epstein/files/DataSet%209/EFTA00280733.pdf,False,,,2.9,320x240,Silent surveillance video; 320x240; 3s
EFTA00280734,9,avi,video,571392,0.54,https://www.justice.gov/epstein/files/DataSet%209/EFTA00280734.pdf,False,,,0.1,320x240,Silent surveillance video; 320x240; 0s
EFTA00280735,9,avi,video,1432576,1.37,https://www.justice.gov/epstein/files/DataSet%209/EFTA00280735.pdf,False,,,0.1,320x240,Silent surveillance video; 320x240; 0s
EFTA00280736,9,avi,video,14336,0.01,https://www.justice.gov/epstein/files/DataSet%209/EFTA00280736.pdf,False,,,0.0,320x240,Silent surveillance video; 320x240
EFTA00280737,9,avi,video,14848,0.01,https://www.justice.gov/epstein/files/DataSet%209/EFTA00280737.pdf,False,,,0.1,320x240,Silent surveillance video; 320x240; 0s
EFTA00280738,9,avi,video,377344,0.36,https://www.justice.gov/epstein/files/DataSet%209/EFTA00280738.pdf,False,,,1.8,320x240,Silent surveillance video; 320x240; 2s
EFTA00280739,9,avi,video,475136,0.45,https://www.justice.gov/epstein/files/DataSet%209/EFTA00280739.pdf,False,,,0.4,320x240,Silent surveillance video; 320x240; 0s
EFTA00280740,9,avi,video,19968,0.02,https://www.justice.gov/epstein/files/DataSet%209/EFTA00280740.pdf,False,,,0.1,320x240,Silent surveillance video; 320x240; 0s
EFTA00280741,9,avi,video,18944,0.02,https://www.justice.gov/epstein/files/DataSet%209/EFTA00280741.pdf,False,,,0.1,320x240,Silent surveillance video; 320x240; 0s
EFTA00280742,9,avi,video,19456,0.02,https://www.justice.gov/epstein/files/DataSet%209/EFTA00280742.pdf,False,,,0.1,320x240,Silent surveillance video; 320x240; 0s
EFTA00280743,9,avi,video,1026048,0.98,https://www.justice.gov/epstein/files/DataSet%209/EFTA00280743.pdf,False,,,0.1,320x240,Silent surveillance video; 320x240; 0s
EFTA00280744,9,avi,video,323584,0.31,https://www.justice.gov/epstein/files/DataSet%209/EFTA00280744.pdf,False,,,0.1,320x240,Silent surveillance video; 320x240; 0s
EFTA00280745,9,avi,video,15872,0.02,https://www.justice.gov/epstein/files/DataSet%209/EFTA00280745.pdf,False,,,0.1,320x240,Silent surveillance video; 320x240; 0s
EFTA00280746,9,avi,video,15872,0.02,https://www.justice.gov/epstein/files/DataSet%209/EFTA00280746.pdf,True,yes,0,2.6,,Video (no speech detected); 3s
EFTA00280747,9,avi,video,655360,0.62,https://www.justice.gov/epstein/files/DataSet%209/EFTA00280747.pdf,False,,,0.1,320x240,Silent surveillance video; 320x240; 0s
EFTA00280748,9,avi,video,14848,0.01,https://www.justice.gov/epstein/files/DataSet%209/EFTA00280748.pdf,False,,,0.0,320x240,Silent surveillance video; 320x240
EFTA00280749,9,avi,video,1357312,1.29,https://www.justice.gov/epstein/files/DataSet%209/EFTA00280749.pdf,False,,,0.1,320x240,Silent surveillance video; 320x240; 0s
EFTA00280750,9,avi,video,6656,0.01,https://www.justice.gov/epstein/files/DataSet%209/EFTA00280750.pdf,False,,,0,,Video file
EFTA00280751,9,avi,video,20992,0.02,https://www.justice.gov/epstein/files/DataSet%209/EFTA00280751.pdf,False,,,0.1,320x240,Silent surveillance video; 320x240; 0s
EFTA00280752,9,avi,video,661504,0.63,https://www.justice.gov/epstein/files/DataSet%209/EFTA00280752.pdf,False,,,0.0,320x240,Silent surveillance video; 320x240
EFTA00280753,9,avi,video,14336,0.01,https://www.justice.gov/epstein/files/DataSet%209/EFTA00280753.pdf,False,,,0.1,320x240,Silent surveillance video; 320x240; 0s
EFTA00280754,9,avi,video,,,https://www.justice.gov/epstein/files/DataSet%209/EFTA00280754.pdf,,,,,,
EFTA00280755,9,avi,video,,,https://www.justice.gov/epstein/files/DataSet%209/EFTA00280755.pdf,,,,,,
EFTA00280756,9,avi,video,,,https://www.justice.gov/epstein/files/DataSet%209/EFTA00280756.pdf,,,,,,
EFTA00280757,9,avi,video,,,https://www.justice.gov/epstein/files/DataSet%209/EFTA00280757.pdf,,,,,,
EFTA00280758,9,avi,video,,,https://www.justice.gov/epstein/files/DataSet%209/EFTA00280758.pdf,,,,,,
EFTA00280759,9,avi,video,,,https://www.justice.gov/epstein/files/DataSet%209/EFTA00280759.pdf,,,,,,
EFTA00280760,9,avi,video,,,https://www.justice.gov/epstein/files/DataSet%209/EFTA00280760.pdf,,,,,,
EFTA00280761,9,avi,video,,,https://www.justice.gov/epstein/files/DataSet%209/EFTA00280761.pdf,,,,,,
EFTA00280762,9,avi,video,,,https://www.justice.gov/epstein/files/DataSet%209/EFTA00280762.pdf,,,,,,
EFTA00280763,9,avi,video,,,https://www.justice.gov/epstein/files/DataSet%209/EFTA00280763.pdf,,,,,,
EFTA00280764,9,avi,video,,,https://www.justice.gov/epstein/files/DataSet%209/EFTA00280764.pdf,,,,,,
EFTA00280765,9,avi,video,,,https://www.justice.gov/epstein/files/DataSet%209/EFTA00280765.pdf,,,,,,
EFTA00280766,9,avi,video,,,https://www.justice.gov/epstein/files/DataSet%209/EFTA00280766.pdf,,,,,,
EFTA00280767,9,avi,video,,,https://www.justice.gov/epstein/files/DataSet%209/EFTA00280767.pdf,,,,,,
EFTA00280768,9,avi,video,,,https://www.justice.gov/epstein/files/DataSet%209/EFTA00280768.pdf,,,,,,
EFTA00280769,9,avi,video,,,https://www.justice.gov/epstein/files/DataSet%209/EFTA00280769.pdf,,,,,,
EFTA00280770,9,avi,video,,,https://www.justice.gov/epstein/files/DataSet%209/EFTA00280770.pdf,,,,,,
EFTA00280771,9,avi,video,,,https://www.justice.gov/epstein/files/DataSet%209/EFTA00280771.pdf,,,,,,
EFTA00280772,9,avi,video,,,https://www.justice.gov/epstein/files/DataSet%209/EFTA00280772.pdf,,,,,,
EFTA00280773,9,avi,video,,,https://www.justice.gov/epstein/files/DataSet%209/EFTA00280773.pdf,,,,,,
EFTA00280774,9,avi,video,,,https://www.justice.gov/epstein/files/DataSet%209/EFTA00280774.pdf,,,,,,
EFTA00280775,9,avi,video,,,https://www.justice.gov/epstein/files/DataSet%209/EFTA00280775.pdf,,,,,,
EFTA00280776,9,avi,video,,,https://www.justice.gov/epstein/files/DataSet%209/EFTA00280776.pdf,,,,,,
EFTA00280777,9,avi,video,,,https://www.justice.gov/epstein/files/DataSet%209/EFTA00280777.pdf,,,,,,
EFTA00280778,9,avi,video,,,https://www.justice.gov/epstein/files/DataSet%209/EFTA00280778.pdf,,,,,,
EFTA00280779,9,avi,video,17408,0.02,https://www.justice.gov/epstein/files/DataSet%209/EFTA00280779.pdf,False,,,0.1,320x240,Silent surveillance video; 320x240; 0s
EFTA00280780,9,avi,video,15360,0.01,https://www.justice.gov/epstein/files/DataSet%209/EFTA00280780.pdf,False,,,0.0,320x240,Silent surveillance video; 320x240
EFTA00280781,9,avi,video,15360,0.01,https://www.justice.gov/epstein/files/DataSet%209/EFTA00280781.pdf,False,,,0.0,320x240,Silent surveillance video; 320x240
EFTA00280782,9,avi,video,30208,0.03,https://www.justice.gov/epstein/files/DataSet%209/EFTA00280782.pdf,False,,,0.0,320x240,Silent surveillance video; 320x240
EFTA00280783,9,avi,video,17408,0.02,https://www.justice.gov/epstein/files/DataSet%209/EFTA00280783.pdf,False,,,0.1,320x240,Silent surveillance video; 320x240; 0s
EFTA00280784,9,avi,video,17920,0.02,https://www.justice.gov/epstein/files/DataSet%209/EFTA00280784.pdf,False,,,0.0,320x240,Silent surveillance video; 320x240
EFTA00280785,9,avi,video,20480,0.02,https://www.justice.gov/epstein/files/DataSet%209/EFTA00280785.pdf,False,,,0.1,320x240,Silent surveillance video; 320x240; 0s
EFTA00280786,9,avi,video,21504,0.02,https://www.justice.gov/epstein/files/DataSet%209/EFTA00280786.pdf,False,,,0.2,320x240,Silent surveillance video; 320x240; 0s
EFTA00280787,9,avi,video,163840,0.16,https://www.justice.gov/epstein/files/DataSet%209/EFTA00280787.pdf,False,,,0.0,320x240,Silent surveillance video; 320x240
EFTA00280788,9,avi,video,30720,0.03,https://www.justice.gov/epstein/files/DataSet%209/EFTA00280788.pdf,False,,,0.1,320x240,Silent surveillance video; 320x240; 0s
EFTA00280789,9,avi,video,16384,0.02,https://www.justice.gov/epstein/files/DataSet%209/EFTA00280789.pdf,False,,,0.0,320x240,Silent surveillance video; 320x240
EFTA00280790,9,avi,video,336384,0.32,https://www.justice.gov/epstein/files/DataSet%209/EFTA00280790.pdf,False,,,0.1,320x240,Silent surveillance video; 320x240; 0s
EFTA00280791,9,avi,video,95744,0.09,https://www.justice.gov/epstein/files/DataSet%209/EFTA00280791.pdf,False,,,0.0,320x240,Silent surveillance video; 320x240
EFTA00280792,9,avi,video,293376,0.28,https://www.justice.gov/epstein/files/DataSet%209/EFTA00280792.pdf,False,,,0.1,320x240,Silent surveillance video; 320x240; 0s
EFTA00280793,9,avi,video,57344,0.05,https://www.justice.gov/epstein/files/DataSet%209/EFTA00280793.pdf,False,,,0.1,320x240,Silent surveillance video; 320x240; 0s
EFTA00280794,9,avi,video,17920,0.02,https://www.justice.gov/epstein/files/DataSet%209/EFTA00280794.pdf,False,,,0.1,320x240,Silent surveillance video; 320x240; 0s
EFTA00280795,9,avi,video,10752,0.01,https://www.justice.gov/epstein/files/DataSet%209/EFTA00280795.pdf,False,,,0.1,320x240,Silent surveillance video; 320x240; 0s
EFTA00280796,9,avi,video,13824,0.01,https://www.justice.gov/epstein/files/DataSet%209/EFTA00280796.pdf,False,,,0.0,320x240,Silent surveillance video; 320x240
EFTA00280797,9,avi,video,26624,0.03,https://www.justice.gov/epstein/files/DataSet%209/EFTA00280797.pdf,False,,,0.1,320x240,Silent surveillance video; 320x240; 0s
EFTA00280798,9,avi,video,15360,0.01,https://www.justice.gov/epstein/files/DataSet%209/EFTA00280798.pdf,False,,,0.0,320x240,Silent surveillance video; 320x240
EFTA00280799,9,avi,video,14336,0.01,https://www.justice.gov/epstein/files/DataSet%209/EFTA00280799.pdf,False,,,0.0,320x240,Silent surveillance video; 320x240
EFTA00280800,9,avi,video,15872,0.02,https://www.justice.gov/epstein/files/DataSet%209/EFTA00280800.pdf,False,,,0.0,320x240,Silent surveillance video; 320x240
EFTA00280801,9,avi,video,14848,0.01,https://www.justice.gov/epstein/files/DataSet%209/EFTA00280801.pdf,False,,,0.0,320x240,Silent surveillance video; 320x240
EFTA00280802,9,avi,video,40448,0.04,https://www.justice.gov/epstein/files/DataSet%209/EFTA00280802.pdf,False,,,0.1,320x240,Silent surveillance video; 320x240; 0s
EFTA00280803,9,avi,video,14336,0.01,https://www.justice.gov/epstein/files/DataSet%209/EFTA00280803.pdf,False,,,0.0,320x240,Silent surveillance video; 320x240
EFTA00280804,9,avi,video,15360,0.01,https://www.justice.gov/epstein/files/DataSet%209/EFTA00280804.pdf,False,,,0.0,320x240,Silent surveillance video; 320x240
EFTA00280805,9,avi,video,14848,0.01,https://www.justice.gov/epstein/files/DataSet%209/EFTA00280805.pdf,False,,,0.0,320x240,Silent surveillance video; 320x240
EFTA00280806,9,avi,video,26624,0.03,https://www.justice.gov/epstein/files/DataSet%209/EFTA00280806.pdf,False,,,0.1,320x240,Silent surveillance video; 320x240; 0s
EFTA00280807,9,avi,video,14848,0.01,https://www.justice.gov/epstein/files/DataSet%209/EFTA00280807.pdf,False,,,0.0,320x240,Silent surveillance video; 320x240
EFTA00280808,9,avi,video,14336,0.01,https://www.justice.gov/epstein/files/DataSet%209/EFTA00280808.pdf,False,,,0.0,320x240,Silent surveillance video; 320x240
EFTA00280809,9,avi,video,25600,0.02,https://www.justice.gov/epstein/files/DataSet%209/EFTA00280809.pdf,False,,,0.1,320x240,Silent surveillance video; 320x240; 0s
EFTA00280810,9,avi,video,14848,0.01,https://www.justice.gov/epstein/files/DataSet%209/EFTA00280810.pdf,False,,,0.0,320x240,Silent surveillance video; 320x240
EFTA00280811,9,avi,video,14336,0.01,https://www.justice.gov/epstein/files/DataSet%209/EFTA00280811.pdf,False,,,0.0,320x240,Silent surveillance video; 320x240
EFTA00280812,9,avi,video,14848,0.01,https://www.justice.gov/epstein/files/DataSet%209/EFTA00280812.pdf,False,,,0.0,320x240,Silent surveillance video; 320x240
EFTA00280813,9,avi,video,14336,0.01,https://www.justice.gov/epstein/files/DataSet%209/EFTA00280813.pdf,False,,,0.0,320x240,Silent surveillance video; 320x240
EFTA00280814,9,avi,video,14848,0.01,https://www.justice.gov/epstein/files/DataSet%209/EFTA00280814.pdf,False,,,0.0,320x240,Silent surveillance video; 320x240
EFTA00280815,9,avi,video,14336,0.01,https://www.justice.gov/epstein/files/DataSet%209/EFTA00280815.pdf,False,,,0.0,320x240,Silent surveillance video; 320x240
EFTA00280816,9,avi,video,15872,0.02,https://www.justice.gov/epstein/files/DataSet%209/EFTA00280816.pdf,False,,,0.0,320x240,Silent surveillance video; 320x240
EFTA00280817,9,avi,video,26624,0.03,https://www.justice.gov/epstein/files/DataSet%209/EFTA00280817.pdf,False,,,0.1,320x240,Silent surveillance video; 320x240; 0s
EFTA00280818,9,avi,video,14336,0.01,https://www.justice.gov/epstein/files/DataSet%209/EFTA00280818.pdf,False,,,0.0,320x240,Silent surveillance video; 320x240
EFTA00280819,9,avi,video,15360,0.01,https://www.justice.gov/epstein/files/DataSet%209/EFTA00280819.pdf,False,,,0.0,320x240,Silent surveillance video; 320x240
EFTA00280820,9,avi,video,14336,0.01,https://www.justice.gov/epstein/files/DataSet%209/EFTA00280820.pdf,False,,,0.0,320x240,Silent surveillance video; 320x240
EFTA00280821,9,avi,video,28160,0.03,https://www.justice.gov/epstein/files/DataSet%209/EFTA00280821.pdf,False,,,0.1,320x240,Silent surveillance video; 320x240; 0s
EFTA00280822,9,avi,video,15360,0.01,https://www.justice.gov/epstein/files/DataSet%209/EFTA00280822.pdf,False,,,0.0,320x240,Silent surveillance video; 320x240
EFTA00280823,9,avi,video,15360,0.01,https://www.justice.gov/epstein/files/DataSet%209/EFTA00280823.pdf,False,,,0.0,320x240,Silent surveillance video; 320x240
EFTA00280824,9,avi,video,14336,0.01,https://www.justice.gov/epstein/files/DataSet%209/EFTA00280824.pdf,False,,,0.0,320x240,Silent surveillance video; 320x240
EFTA00280825,9,avi,video,29184,0.03,https://www.justice.gov/epstein/files/DataSet%209/EFTA00280825.pdf,False,,,0.1,320x240,Silent surveillance video; 320x240; 0s
EFTA00280826,9,avi,video,25600,0.02,https://www.justice.gov/epstein/files/DataSet%209/EFTA00280826.pdf,False,,,0.1,320x240,Silent surveillance video; 320x240; 0s
EFTA00280827,9,avi,video,14336,0.01,https://www.justice.gov/epstein/files/DataSet%209/EFTA00280827.pdf,False,,,0.0,320x240,Silent surveillance video; 320x240
EFTA00280828,9,avi,video,25600,0.02,https://www.justice.gov/epstein/files/DataSet%209/EFTA00280828.pdf,False,,,0.1,320x240,Silent surveillance video; 320x240; 0s
EFTA00280829,9,avi,video,27648,0.03,https://www.justice.gov/epstein/files/DataSet%209/EFTA00280829.pdf,False,,,0.1,320x240,Silent surveillance video; 320x240; 0s
EFTA00280830,9,avi,video,27648,0.03,https://www.justice.gov/epstein/files/DataSet%209/EFTA00280830.pdf,False,,,0.1,320x240,Silent surveillance video; 320x240; 0s
EFTA00280831,9,avi,video,28160,0.03,https://www.justice.gov/epstein/files/DataSet%209/EFTA00280831.pdf,False,,,0.1,320x240,Silent surveillance video; 320x240; 0s
EFTA00280832,9,avi,video,15360,0.01,https://www.justice.gov/epstein/files/DataSet%209/EFTA00280832.pdf,False,,,0.0,320x240,Silent surveillance video; 320x240
EFTA00280833,9,avi,video,14336,0.01,https://www.justice.gov/epstein/files/DataSet%209/EFTA00280833.pdf,False,,,0.0,320x240,Silent surveillance video; 320x240
EFTA00280834,9,avi,video,28160,0.03,https://www.justice.gov/epstein/files/DataSet%209/EFTA00280834.pdf,False,,,0.1,320x240,Silent surveillance video; 320x240; 0s
EFTA00280835,9,avi,video,26624,0.03,https://www.justice.gov/epstein/files/DataSet%209/EFTA00280835.pdf,False,,,0.1,320x240,Silent surveillance video; 320x240; 0s
EFTA00280836,9,avi,video,15872,0.02,https://www.justice.gov/epstein/files/DataSet%209/EFTA00280836.pdf,False,,,0.0,320x240,Silent surveillance video; 320x240
EFTA00280837,9,avi,video,27136,0.03,https://www.justice.gov/epstein/files/DataSet%209/EFTA00280837.pdf,False,,,0.1,320x240,Silent surveillance video; 320x240; 0s
EFTA00280838,9,avi,video,15360,0.01,https://www.justice.gov/epstein/files/DataSet%209/EFTA00280838.pdf,False,,,0.0,320x240,Silent surveillance video; 320x240
EFTA00280839,9,avi,video,14848,0.01,https://www.justice.gov/epstein/files/DataSet%209/EFTA00280839.pdf,False,,,0.0,320x240,Silent surveillance video; 320x240
EFTA00280840,9,avi,video,16384,0.02,https://www.justice.gov/epstein/files/DataSet%209/EFTA00280840.pdf,False,,,0.0,320x240,Silent surveillance video; 320x240
EFTA00280841,9,avi,video,26112,0.02,https://www.justice.gov/epstein/files/DataSet%209/EFTA00280841.pdf,False,,,0.1,320x240,Silent surveillance video; 320x240; 0s
EFTA00280842,9,avi,video,14336,0.01,https://www.justice.gov/epstein/files/DataSet%209/EFTA00280842.pdf,False,,,0.0,320x240,Silent surveillance video; 320x240
EFTA00280843,9,avi,video,15360,0.01,https://www.justice.gov/epstein/files/DataSet%209/EFTA00280843.pdf,False,,,0.0,320x240,Silent surveillance video; 320x240
EFTA00280844,9,avi,video,14848,0.01,https://www.justice.gov/epstein/files/DataSet%209/EFTA00280844.pdf,False,,,0.0,320x240,Silent surveillance video; 320x240
EFTA00280845,9,avi,video,14848,0.01,https://www.justice.gov/epstein/files/DataSet%209/EFTA00280845.pdf,False,,,0.0,320x240,Silent surveillance video; 320x240
EFTA00280846,9,avi,video,14336,0.01,https://www.justice.gov/epstein/files/DataSet%209/EFTA00280846.pdf,False,,,0.0,320x240,Silent surveillance video; 320x240
EFTA00280847,9,avi,video,26112,0.02,https://www.justice.gov/epstein/files/DataSet%209/EFTA00280847.pdf,False,,,0.1,320x240,Silent surveillance video; 320x240; 0s
EFTA00280848,9,avi,video,26112,0.02,https://www.justice.gov/epstein/files/DataSet%209/EFTA00280848.pdf,False,,,0.1,320x240,Silent surveillance video; 320x240; 0s
EFTA00280849,9,avi,video,27648,0.03,https://www.justice.gov/epstein/files/DataSet%209/EFTA00280849.pdf,False,,,0.1,320x240,Silent surveillance video; 320x240; 0s
EFTA00280850,9,avi,video,15360,0.01,https://www.justice.gov/epstein/files/DataSet%209/EFTA00280850.pdf,False,,,0.0,320x240,Silent surveillance video; 320x240
EFTA00280851,9,avi,video,14848,0.01,https://www.justice.gov/epstein/files/DataSet%209/EFTA00280851.pdf,False,,,0.0,320x240,Silent surveillance video; 320x240
EFTA00280852,9,avi,video,18432,0.02,https://www.justice.gov/epstein/files/DataSet%209/EFTA00280852.pdf,False,,,0.0,320x240,Silent surveillance video; 320x240
EFTA00280853,9,avi,video,14848,0.01,https://www.justice.gov/epstein/files/DataSet%209/EFTA00280853.pdf,False,,,0.0,320x240,Silent surveillance video; 320x240
EFTA00280854,9,avi,video,26112,0.02,https://www.justice.gov/epstein/files/DataSet%209/EFTA00280854.pdf,False,,,0.1,320x240,Silent surveillance video; 320x240; 0s
EFTA00280855,9,avi,video,27648,0.03,https://www.justice.gov/epstein/files/DataSet%209/EFTA00280855.pdf,False,,,0.1,320x240,Silent surveillance video; 320x240; 0s
EFTA00280856,9,avi,video,26112,0.02,https://www.justice.gov/epstein/files/DataSet%209/EFTA00280856.pdf,False,,,0.1,320x240,Silent surveillance video; 320x240; 0s
EFTA00280857,9,avi,video,15360,0.01,https://www.justice.gov/epstein/files/DataSet%209/EFTA00280857.pdf,False,,,0.0,320x240,Silent surveillance video; 320x240
EFTA00280858,9,avi,video,14336,0.01,https://www.justice.gov/epstein/files/DataSet%209/EFTA00280858.pdf,False,,,0.0,320x240,Silent surveillance video; 320x240
EFTA00280859,9,avi,video,15360,0.01,https://www.justice.gov/epstein/files/DataSet%209/EFTA00280859.pdf,False,,,0.0,320x240,Silent surveillance video; 320x240
EFTA00280860,9,avi,video,14336,0.01,https://www.justice.gov/epstein/files/DataSet%209/EFTA00280860.pdf,False,,,0.0,320x240,Silent surveillance video; 320x240
EFTA00280861,9,avi,video,28160,0.03,https://www.justice.gov/epstein/files/DataSet%209/EFTA00280861.pdf,False,,,0.1,320x240,Silent surveillance video; 320x240; 0s
EFTA00280862,9,avi,video,15360,0.01,https://www.justice.gov/epstein/files/DataSet%209/EFTA00280862.pdf,False,,,0.0,320x240,Silent surveillance video; 320x240
EFTA00280863,9,avi,video,15360,0.01,https://www.justice.gov/epstein/files/DataSet%209/EFTA00280863.pdf,False,,,0.0,320x240,Silent surveillance video; 320x240
EFTA00280864,9,avi,video,15360,0.01,https://www.justice.gov/epstein/files/DataSet%209/EFTA00280864.pdf,False,,,0.0,320x240,Silent surveillance video; 320x240
EFTA00280865,9,avi,video,14336,0.01,https://www.justice.gov/epstein/files/DataSet%209/EFTA00280865.pdf,False,,,0.0,320x240,Silent surveillance video; 320x240
EFTA00280866,9,avi,video,15360,0.01,https://www.justice.gov/epstein/files/DataSet%209/EFTA00280866.pdf,False,,,0.0,320x240,Silent surveillance video; 320x240
EFTA00280867,9,avi,video,14848,0.01,https://www.justice.gov/epstein/files/DataSet%209/EFTA00280867.pdf,False,,,0.0,320x240,Silent surveillance video; 320x240
EFTA00280868,9,avi,video,16384,0.02,https://www.justice.gov/epstein/files/DataSet%209/EFTA00280868.pdf,False,,,0.0,320x240,Silent surveillance video; 320x240
EFTA00280869,9,avi,video,14336,0.01,https://www.justice.gov/epstein/files/DataSet%209/EFTA00280869.pdf,False,,,0.0,320x240,Silent surveillance video; 320x240
EFTA00280870,9,avi,video,27648,0.03,https://www.justice.gov/epstein/files/DataSet%209/EFTA00280870.pdf,False,,,0.1,320x240,Silent surveillance video; 320x240; 0s
EFTA00280871,9,avi,video,14848,0.01,https://www.justice.gov/epstein/files/DataSet%209/EFTA00280871.pdf,False,,,0.0,320x240,Silent surveillance video; 320x240
EFTA00280872,9,avi,video,36352,0.03,https://www.justice.gov/epstein/files/DataSet%209/EFTA00280872.pdf,False,,,0.1,320x240,Silent surveillance video; 320x240; 0s
EFTA00280873,9,avi,video,26112,0.02,https://www.justice.gov/epstein/files/DataSet%209/EFTA00280873.pdf,False,,,0.1,320x240,Silent surveillance video; 320x240; 0s
EFTA00280874,9,avi,video,15360,0.01,https://www.justice.gov/epstein/files/DataSet%209/EFTA00280874.pdf,False,,,0.0,320x240,Silent surveillance video; 320x240
EFTA00280875,9,avi,video,14336,0.01,https://www.justice.gov/epstein/files/DataSet%209/EFTA00280875.pdf,False,,,0.0,320x240,Silent surveillance video; 320x240
EFTA00280876,9,avi,video,26112,0.02,https://www.justice.gov/epstein/files/DataSet%209/EFTA00280876.pdf,False,,,0.1,320x240,Silent surveillance video; 320x240; 0s
EFTA00280877,9,avi,video,16384,0.02,https://www.justice.gov/epstein/files/DataSet%209/EFTA00280877.pdf,False,,,0.0,320x240,Silent surveillance video; 320x240
EFTA00280878,9,avi,video,25600,0.02,https://www.justice.gov/epstein/files/DataSet%209/EFTA00280878.pdf,False,,,0.1,320x240,Silent surveillance video; 320x240; 0s
EFTA00280879,9,avi,video,51200,0.05,https://www.justice.gov/epstein/files/DataSet%209/EFTA00280879.pdf,False,,,0.1,320x240,Silent surveillance video; 320x240; 0s
EFTA00280880,9,avi,video,14848,0.01,https://www.justice.gov/epstein/files/DataSet%209/EFTA00280880.pdf,False,,,0.0,320x240,Silent surveillance video; 320x240
EFTA00280881,9,avi,video,15872,0.02,https://www.justice.gov/epstein/files/DataSet%209/EFTA00280881.pdf,False,,,0.0,320x240,Silent surveillance video; 320x240
EFTA00280882,9,avi,video,14336,0.01,https://www.justice.gov/epstein/files/DataSet%209/EFTA00280882.pdf,False,,,0.0,320x240,Silent surveillance video; 320x240
EFTA00280883,9,avi,video,15360,0.01,https://www.justice.gov/epstein/files/DataSet%209/EFTA00280883.pdf,False,,,0.0,320x240,Silent surveillance video; 320x240
EFTA00280884,9,avi,video,36352,0.03,https://www.justice.gov/epstein/files/DataSet%209/EFTA00280884.pdf,False,,,0.1,320x240,Silent surveillance video; 320x240; 0s
EFTA00280885,9,avi,video,15360,0.01,https://www.justice.gov/epstein/files/DataSet%209/EFTA00280885.pdf,False,,,0.0,320x240,Silent surveillance video; 320x240
EFTA00280886,9,avi,video,14336,0.01,https://www.justice.gov/epstein/files/DataSet%209/EFTA00280886.pdf,False,,,0.0,320x240,Silent surveillance video; 320x240
EFTA00280887,9,avi,video,14848,0.01,https://www.justice.gov/epstein/files/DataSet%209/EFTA00280887.pdf,False,,,0.0,320x240,Silent surveillance video; 320x240
EFTA00280888,9,avi,video,15360,0.01,https://www.justice.gov/epstein/files/DataSet%209/EFTA00280888.pdf,False,,,0.0,320x240,Silent surveillance video; 320x240
EFTA00280889,9,avi,video,27136,0.03,https://www.justice.gov/epstein/files/DataSet%209/EFTA00280889.pdf,False,,,0.1,320x240,Silent surveillance video; 320x240; 0s
EFTA00280890,9,avi,video,14848,0.01,https://www.justice.gov/epstein/files/DataSet%209/EFTA00280890.pdf,False,,,0.0,320x240,Silent surveillance video; 320x240
EFTA00280891,9,avi,video,14336,0.01,https://www.justice.gov/epstein/files/DataSet%209/EFTA00280891.pdf,False,,,0.0,320x240,Silent surveillance video; 320x240
EFTA00280892,9,avi,video,15360,0.01,https://www.justice.gov/epstein/files/DataSet%209/EFTA00280892.pdf,False,,,0.0,320x240,Silent surveillance video; 320x240
EFTA00280893,9,avi,video,14336,0.01,https://www.justice.gov/epstein/files/DataSet%209/EFTA00280893.pdf,False,,,0.0,320x240,Silent surveillance video; 320x240
EFTA00280894,9,avi,video,27136,0.03,https://www.justice.gov/epstein/files/DataSet%209/EFTA00280894.pdf,False,,,0.1,320x240,Silent surveillance video; 320x240; 0s
EFTA00280895,9,avi,video,26624,0.03,https://www.justice.gov/epstein/files/DataSet%209/EFTA00280895.pdf,False,,,0.1,320x240,Silent surveillance video; 320x240; 0s
EFTA00280896,9,avi,video,30208,0.03,https://www.justice.gov/epstein/files/DataSet%209/EFTA00280896.pdf,False,,,0.1,320x240,Silent surveillance video; 320x240; 0s
EFTA00280897,9,avi,video,14336,0.01,https://www.justice.gov/epstein/files/DataSet%209/EFTA00280897.pdf,False,,,0.0,320x240,Silent surveillance video; 320x240
EFTA00280898,9,avi,video,15872,0.02,https://www.justice.gov/epstein/files/DataSet%209/EFTA00280898.pdf,False,,,0.0,320x240,Silent surveillance video; 320x240
EFTA00280899,9,avi,video,14336,0.01,https://www.justice.gov/epstein/files/DataSet%209/EFTA00280899.pdf,False,,,0.0,320x240,Silent surveillance video; 320x240
EFTA00280900,9,avi,video,26624,0.03,https://www.justice.gov/epstein/files/DataSet%209/EFTA00280900.pdf,False,,,0.1,320x240,Silent surveillance video; 320x240; 0s
EFTA00280901,9,avi,video,28160,0.03,https://www.justice.gov/epstein/files/DataSet%209/EFTA00280901.pdf,False,,,0.1,320x240,Silent surveillance video; 320x240; 0s
EFTA00280902,9,avi,video,15360,0.01,https://www.justice.gov/epstein/files/DataSet%209/EFTA00280902.pdf,False,,,0.0,320x240,Silent surveillance video; 320x240
EFTA00280903,9,avi,video,15360,0.01,https://www.justice.gov/epstein/files/DataSet%209/EFTA00280903.pdf,False,,,0.0,320x240,Silent surveillance video; 320x240
EFTA00280904,9,avi,video,14848,0.01,https://www.justice.gov/epstein/files/DataSet%209/EFTA00280904.pdf,False,,,0.0,320x240,Silent surveillance video; 320x240
EFTA00280905,9,avi,video,15872,0.02,https://www.justice.gov/epstein/files/DataSet%209/EFTA00280905.pdf,False,,,0.0,320x240,Silent surveillance video; 320x240
EFTA00280906,9,avi,video,15360,0.01,https://www.justice.gov/epstein/files/DataSet%209/EFTA00280906.pdf,False,,,0.0,320x240,Silent surveillance video; 320x240
EFTA00280907,9,avi,video,27136,0.03,https://www.justice.gov/epstein/files/DataSet%209/EFTA00280907.pdf,False,,,0.1,320x240,Silent surveillance video; 320x240; 0s
EFTA00280908,9,avi,video,27648,0.03,https://www.justice.gov/epstein/files/DataSet%209/EFTA00280908.pdf,False,,,0.1,320x240,Silent surveillance video; 320x240; 0s
EFTA00280909,9,avi,video,14336,0.01,https://www.justice.gov/epstein/files/DataSet%209/EFTA00280909.pdf,False,,,0.0,320x240,Silent surveillance video; 320x240
EFTA00280910,9,avi,video,15872,0.02,https://www.justice.gov/epstein/files/DataSet%209/EFTA00280910.pdf,False,,,0.0,320x240,Silent surveillance video; 320x240
EFTA00280911,9,avi,video,14848,0.01,https://www.justice.gov/epstein/files/DataSet%209/EFTA00280911.pdf,False,,,0.0,320x240,Silent surveillance video; 320x240
EFTA00280912,9,avi,video,16384,0.02,https://www.justice.gov/epstein/files/DataSet%209/EFTA00280912.pdf,False,,,0.0,320x240,Silent surveillance video; 320x240
EFTA00280913,9,avi,video,14848,0.01,https://www.justice.gov/epstein/files/DataSet%209/EFTA00280913.pdf,False,,,0.0,320x240,Silent surveillance video; 320x240
EFTA00280914,9,avi,video,15360,0.01,https://www.justice.gov/epstein/files/DataSet%209/EFTA00280914.pdf,False,,,0.0,320x240,Silent surveillance video; 320x240
EFTA00280915,9,avi,video,37888,0.04,https://www.justice.gov/epstein/files/DataSet%209/EFTA00280915.pdf,False,,,0.1,320x240,Silent surveillance video; 320x240; 0s
EFTA00280916,9,avi,video,25600,0.02,https://www.justice.gov/epstein/files/DataSet%209/EFTA00280916.pdf,False,,,0.1,320x240,Silent surveillance video; 320x240; 0s
EFTA00280917,9,avi,video,15360,0.01,https://www.justice.gov/epstein/files/DataSet%209/EFTA00280917.pdf,False,,,0.0,320x240,Silent surveillance video; 320x240
EFTA00280918,9,avi,video,15360,0.01,https://www.justice.gov/epstein/files/DataSet%209/EFTA00280918.pdf,False,,,0.0,320x240,Silent surveillance video; 320x240
EFTA00280919,9,avi,video,14336,0.01,https://www.justice.gov/epstein/files/DataSet%209/EFTA00280919.pdf,False,,,0.0,320x240,Silent surveillance video; 320x240
EFTA00280920,9,avi,video,26112,0.02,https://www.justice.gov/epstein/files/DataSet%209/EFTA00280920.pdf,False,,,0.1,320x240,Silent surveillance video; 320x240; 0s
EFTA00280921,9,avi,video,15872,0.02,https://www.justice.gov/epstein/files/DataSet%209/EFTA00280921.pdf,False,,,0.0,320x240,Silent surveillance video; 320x240
EFTA00280922,9,avi,video,14848,0.01,https://www.justice.gov/epstein/files/DataSet%209/EFTA00280922.pdf,False,,,0.0,320x240,Silent surveillance video; 320x240
EFTA00280923,9,avi,video,14336,0.01,https://www.justice.gov/epstein/files/DataSet%209/EFTA00280923.pdf,False,,,0.0,320x240,Silent surveillance video; 320x240
EFTA00280924,9,avi,video,15360,0.01,https://www.justice.gov/epstein/files/DataSet%209/EFTA00280924.pdf,False,,,0.0,320x240,Silent surveillance video; 320x240
EFTA00280925,9,avi,video,26112,0.02,https://www.justice.gov/epstein/files/DataSet%209/EFTA00280925.pdf,False,,,0.1,320x240,Silent surveillance video; 320x240; 0s
EFTA00280926,9,avi,video,14848,0.01,https://www.justice.gov/epstein/files/DataSet%209/EFTA00280926.pdf,False,,,0.0,320x240,Silent surveillance video; 320x240
EFTA00280927,9,avi,video,14336,0.01,https://www.justice.gov/epstein/files/DataSet%209/EFTA00280927.pdf,False,,,0.0,320x240,Silent surveillance video; 320x240
EFTA00280928,9,avi,video,15360,0.01,https://www.justice.gov/epstein/files/DataSet%209/EFTA00280928.pdf,False,,,0.0,320x240,Silent surveillance video; 320x240
EFTA00280929,9,avi,video,14336,0.01,https://www.justice.gov/epstein/files/DataSet%209/EFTA00280929.pdf,False,,,0.0,320x240,Silent surveillance video; 320x240
EFTA00280930,9,avi,video,14848,0.01,https://www.justice.gov/epstein/files/DataSet%209/EFTA00280930.pdf,False,,,0.0,320x240,Silent surveillance video; 320x240
EFTA00280931,9,avi,video,14336,0.01,https://www.justice.gov/epstein/files/DataSet%209/EFTA00280931.pdf,False,,,0.0,320x240,Silent surveillance video; 320x240
EFTA00280932,9,avi,video,14848,0.01,https://www.justice.gov/epstein/files/DataSet%209/EFTA00280932.pdf,False,,,0.0,320x240,Silent surveillance video; 320x240
EFTA00280933,9,avi,video,16384,0.02,https://www.justice.gov/epstein/files/DataSet%209/EFTA00280933.pdf,False,,,0.0,320x240,Silent surveillance video; 320x240
EFTA00280934,9,avi,video,15360,0.01,https://www.justice.gov/epstein/files/DataSet%209/EFTA00280934.pdf,False,,,0.0,320x240,Silent surveillance video; 320x240
EFTA00280935,9,avi,video,14848,0.01,https://www.justice.gov/epstein/files/DataSet%209/EFTA00280935.pdf,False,,,0.0,320x240,Silent surveillance video; 320x240
EFTA00280936,9,avi,video,51200,0.05,https://www.justice.gov/epstein/files/DataSet%209/EFTA00280936.pdf,False,,,0.1,320x240,Silent surveillance video; 320x240; 0s
EFTA00280937,9,avi,video,27648,0.03,https://www.justice.gov/epstein/files/DataSet%209/EFTA00280937.pdf,False,,,0.1,320x240,Silent surveillance video; 320x240; 0s
EFTA00280938,9,avi,video,14848,0.01,https://www.justice.gov/epstein/files/DataSet%209/EFTA00280938.pdf,False,,,0.0,320x240,Silent surveillance video; 320x240
EFTA00280939,9,avi,video,38400,0.04,https://www.justice.gov/epstein/files/DataSet%209/EFTA00280939.pdf,False,,,0.1,320x240,Silent surveillance video; 320x240; 0s
EFTA00280940,9,avi,video,14336,0.01,https://www.justice.gov/epstein/files/DataSet%209/EFTA00280940.pdf,False,,,0.0,320x240,Silent surveillance video; 320x240
EFTA00280941,9,avi,video,29184,0.03,https://www.justice.gov/epstein/files/DataSet%209/EFTA00280941.pdf,False,,,0.1,320x240,Silent surveillance video; 320x240; 0s
EFTA00280942,9,avi,video,28160,0.03,https://www.justice.gov/epstein/files/DataSet%209/EFTA00280942.pdf,False,,,0.1,320x240,Silent surveillance video; 320x240; 0s
EFTA00280943,9,avi,video,29184,0.03,https://www.justice.gov/epstein/files/DataSet%209/EFTA00280943.pdf,False,,,0.1,320x240,Silent surveillance video; 320x240; 0s
EFTA00280944,9,avi,video,15360,0.01,https://www.justice.gov/epstein/files/DataSet%209/EFTA00280944.pdf,False,,,0.0,320x240,Silent surveillance video; 320x240
EFTA00280945,9,avi,video,27648,0.03,https://www.justice.gov/epstein/files/DataSet%209/EFTA00280945.pdf,False,,,0.1,320x240,Silent surveillance video; 320x240; 0s
EFTA00280946,9,avi,video,15872,0.02,https://www.justice.gov/epstein/files/DataSet%209/EFTA00280946.pdf,False,,,0.0,320x240,Silent surveillance video; 320x240
EFTA00280947,9,avi,video,15872,0.02,https://www.justice.gov/epstein/files/DataSet%209/EFTA00280947.pdf,False,,,0.0,320x240,Silent surveillance video; 320x240
EFTA00280948,9,avi,video,14848,0.01,https://www.justice.gov/epstein/files/DataSet%209/EFTA00280948.pdf,False,,,0.0,320x240,Silent surveillance video; 320x240
EFTA00280949,9,avi,video,27136,0.03,https://www.justice.gov/epstein/files/DataSet%209/EFTA00280949.pdf,False,,,0.1,320x240,Silent surveillance video; 320x240; 0s
EFTA00280950,9,avi,video,15360,0.01,https://www.justice.gov/epstein/files/DataSet%209/EFTA00280950.pdf,False,,,0.0,320x240,Silent surveillance video; 320x240
EFTA00280951,9,avi,video,15872,0.02,https://www.justice.gov/epstein/files/DataSet%209/EFTA00280951.pdf,False,,,0.0,320x240,Silent surveillance video; 320x240
EFTA00280952,9,avi,video,14848,0.01,https://www.justice.gov/epstein/files/DataSet%209/EFTA00280952.pdf,False,,,0.0,320x240,Silent surveillance video; 320x240
EFTA00280953,9,avi,video,16384,0.02,https://www.justice.gov/epstein/files/DataSet%209/EFTA00280953.pdf,False,,,0.0,320x240,Silent surveillance video; 320x240
EFTA00280954,9,avi,video,15872,0.02,https://www.justice.gov/epstein/files/DataSet%209/EFTA00280954.pdf,False,,,0.0,320x240,Silent surveillance video; 320x240
EFTA00280955,9,avi,video,15872,0.02,https://www.justice.gov/epstein/files/DataSet%209/EFTA00280955.pdf,False,,,0.0,320x240,Silent surveillance video; 320x240
EFTA00280956,9,avi,video,14848,0.01,https://www.justice.gov/epstein/files/DataSet%209/EFTA00280956.pdf,False,,,0.0,320x240,Silent surveillance video; 320x240
EFTA00280957,9,avi,video,28160,0.03,https://www.justice.gov/epstein/files/DataSet%209/EFTA00280957.pdf,False,,,0.1,320x240,Silent surveillance video; 320x240; 0s
EFTA00280958,9,avi,video,22016,0.02,https://www.justice.gov/epstein/files/DataSet%209/EFTA00280958.pdf,False,,,0.0,320x240,Silent surveillance video; 320x240
EFTA00280959,9,avi,video,14848,0.01,https://www.justice.gov/epstein/files/DataSet%209/EFTA00280959.pdf,False,,,0.0,320x240,Silent surveillance video; 320x240
EFTA00280960,9,avi,video,15360,0.01,https://www.justice.gov/epstein/files/DataSet%209/EFTA00280960.pdf,False,,,0.0,320x240,Silent surveillance video; 320x240
EFTA00280961,9,avi,video,16384,0.02,https://www.justice.gov/epstein/files/DataSet%209/EFTA00280961.pdf,False,,,0.0,320x240,Silent surveillance video; 320x240
EFTA00280962,9,avi,video,15872,0.02,https://www.justice.gov/epstein/files/DataSet%209/EFTA00280962.pdf,False,,,0.0,320x240,Silent surveillance video; 320x240
EFTA00280963,9,avi,video,14848,0.01,https://www.justice.gov/epstein/files/DataSet%209/EFTA00280963.pdf,False,,,0.0,320x240,Silent surveillance video; 320x240
EFTA00280964,9,avi,video,26624,0.03,https://www.justice.gov/epstein/files/DataSet%209/EFTA00280964.pdf,False,,,0.1,320x240,Silent surveillance video; 320x240; 0s
EFTA00280965,9,avi,video,26112,0.02,https://www.justice.gov/epstein/files/DataSet%209/EFTA00280965.pdf,False,,,0.1,320x240,Silent surveillance video; 320x240; 0s
EFTA00280966,9,avi,video,16384,0.02,https://www.justice.gov/epstein/files/DataSet%209/EFTA00280966.pdf,False,,,0.0,320x240,Silent surveillance video; 320x240
EFTA00280967,9,avi,video,14848,0.01,https://www.justice.gov/epstein/files/DataSet%209/EFTA00280967.pdf,False,,,0.0,320x240,Silent surveillance video; 320x240
EFTA00280968,9,avi,video,27648,0.03,https://www.justice.gov/epstein/files/DataSet%209/EFTA00280968.pdf,False,,,0.1,320x240,Silent surveillance video; 320x240; 0s
EFTA00280969,9,avi,video,15360,0.01,https://www.justice.gov/epstein/files/DataSet%209/EFTA00280969.pdf,False,,,0.0,320x240,Silent surveillance video; 320x240
EFTA00280970,9,avi,video,28160,0.03,https://www.justice.gov/epstein/files/DataSet%209/EFTA00280970.pdf,False,,,0.1,320x240,Silent surveillance video; 320x240; 0s
EFTA00280971,9,avi,video,14848,0.01,https://www.justice.gov/epstein/files/DataSet%209/EFTA00280971.pdf,False,,,0.0,320x240,Silent surveillance video; 320x240
EFTA00280972,9,avi,video,15872,0.02,https://www.justice.gov/epstein/files/DataSet%209/EFTA00280972.pdf,False,,,0.0,320x240,Silent surveillance video; 320x240
EFTA00280973,9,avi,video,14848,0.01,https://www.justice.gov/epstein/files/DataSet%209/EFTA00280973.pdf,False,,,0.0,320x240,Silent surveillance video; 320x240
EFTA00280974,9,avi,video,15360,0.01,https://www.justice.gov/epstein/files/DataSet%209/EFTA00280974.pdf,False,,,0.0,320x240,Silent surveillance video; 320x240
EFTA00280975,9,avi,video,15360,0.01,https://www.justice.gov/epstein/files/DataSet%209/EFTA00280975.pdf,False,,,0.0,320x240,Silent surveillance video; 320x240
EFTA00280976,9,avi,video,16896,0.02,https://www.justice.gov/epstein/files/DataSet%209/EFTA00280976.pdf,False,,,0.0,320x240,Silent surveillance video; 320x240
EFTA00280977,9,avi,video,28160,0.03,https://www.justice.gov/epstein/files/DataSet%209/EFTA00280977.pdf,False,,,0.1,320x240,Silent surveillance video; 320x240; 0s
EFTA00280978,9,avi,video,14848,0.01,https://www.justice.gov/epstein/files/DataSet%209/EFTA00280978.pdf,False,,,0.0,320x240,Silent surveillance video; 320x240
EFTA00280979,9,avi,video,27136,0.03,https://www.justice.gov/epstein/files/DataSet%209/EFTA00280979.pdf,False,,,0.1,320x240,Silent surveillance video; 320x240; 0s
EFTA00280980,9,avi,video,27136,0.03,https://www.justice.gov/epstein/files/DataSet%209/EFTA00280980.pdf,False,,,0.1,320x240,Silent surveillance video; 320x240; 0s
EFTA00280981,9,avi,video,15872,0.02,https://www.justice.gov/epstein/files/DataSet%209/EFTA00280981.pdf,False,,,0.0,320x240,Silent surveillance video; 320x240
EFTA00280982,9,avi,video,26112,0.02,https://www.justice.gov/epstein/files/DataSet%209/EFTA00280982.pdf,False,,,0.1,320x240,Silent surveillance video; 320x240; 0s
EFTA00280983,9,avi,video,14848,0.01,https://www.justice.gov/epstein/files/DataSet%209/EFTA00280983.pdf,False,,,0.0,320x240,Silent surveillance video; 320x240
EFTA00280984,9,avi,video,15872,0.02,https://www.justice.gov/epstein/files/DataSet%209/EFTA00280984.pdf,False,,,0.0,320x240,Silent surveillance video; 320x240
EFTA00280985,9,avi,video,14848,0.01,https://www.justice.gov/epstein/files/DataSet%209/EFTA00280985.pdf,False,,,0.0,320x240,Silent surveillance video; 320x240
EFTA00280986,9,avi,video,15872,0.02,https://www.justice.gov/epstein/files/DataSet%209/EFTA00280986.pdf,False,,,0.0,320x240,Silent surveillance video; 320x240
EFTA00280987,9,avi,video,14848,0.01,https://www.justice.gov/epstein/files/DataSet%209/EFTA00280987.pdf,False,,,0.0,320x240,Silent surveillance video; 320x240
EFTA00280988,9,avi,video,15872,0.02,https://www.justice.gov/epstein/files/DataSet%209/EFTA00280988.pdf,False,,,0.0,320x240,Silent surveillance video; 320x240
EFTA00280989,9,avi,video,14848,0.01,https://www.justice.gov/epstein/files/DataSet%209/EFTA00280989.pdf,False,,,0.0,320x240,Silent surveillance video; 320x240
EFTA00280990,9,avi,video,15360,0.01,https://www.justice.gov/epstein/files/DataSet%209/EFTA00280990.pdf,False,,,0.0,320x240,Silent surveillance video; 320x240
EFTA00280991,9,avi,video,14848,0.01,https://www.justice.gov/epstein/files/DataSet%209/EFTA00280991.pdf,False,,,0.0,320x240,Silent surveillance video; 320x240
EFTA00280992,9,avi,video,15872,0.02,https://www.justice.gov/epstein/files/DataSet%209/EFTA00280992.pdf,False,,,0.0,320x240,Silent surveillance video; 320x240
EFTA00280993,9,avi,video,15360,0.01,https://www.justice.gov/epstein/files/DataSet%209/EFTA00280993.pdf,False,,,0.0,320x240,Silent surveillance video; 320x240
EFTA00280994,9,avi,video,40448,0.04,https://www.justice.gov/epstein/files/DataSet%209/EFTA00280994.pdf,False,,,0.1,320x240,Silent surveillance video; 320x240; 0s
EFTA00280995,9,avi,video,14848,0.01,https://www.justice.gov/epstein/files/DataSet%209/EFTA00280995.pdf,False,,,0.0,320x240,Silent surveillance video; 320x240
EFTA00280996,9,avi,video,16384,0.02,https://www.justice.gov/epstein/files/DataSet%209/EFTA00280996.pdf,False,,,0.0,320x240,Silent surveillance video; 320x240
EFTA00280997,9,avi,video,40960,0.04,https://www.justice.gov/epstein/files/DataSet%209/EFTA00280997.pdf,False,,,0.1,320x240,Silent surveillance video; 320x240; 0s
EFTA00280998,9,avi,video,27648,0.03,https://www.justice.gov/epstein/files/DataSet%209/EFTA00280998.pdf,False,,,0.1,320x240,Silent surveillance video; 320x240; 0s
EFTA00280999,9,avi,video,28672,0.03,https://www.justice.gov/epstein/files/DataSet%209/EFTA00280999.pdf,False,,,0.1,320x240,Silent surveillance video; 320x240; 0s
EFTA00281000,9,avi,video,15360,0.01,https://www.justice.gov/epstein/files/DataSet%209/EFTA00281000.pdf,False,,,0.0,320x240,Silent surveillance video; 320x240
EFTA00281001,9,avi,video,15360,0.01,https://www.justice.gov/epstein/files/DataSet%209/EFTA00281001.pdf,False,,,0.0,320x240,Silent surveillance video; 320x240
EFTA00281002,9,avi,video,15360,0.01,https://www.justice.gov/epstein/files/DataSet%209/EFTA00281002.pdf,False,,,0.0,320x240,Silent surveillance video; 320x240
EFTA00281003,9,avi,video,15360,0.01,https://www.justice.gov/epstein/files/DataSet%209/EFTA00281003.pdf,False,,,0.0,320x240,Silent surveillance video; 320x240
EFTA00281004,9,avi,video,15360,0.01,https://www.justice.gov/epstein/files/DataSet%209/EFTA00281004.pdf,False,,,0.0,320x240,Silent surveillance video; 320x240
EFTA00281005,9,avi,video,14336,0.01,https://www.justice.gov/epstein/files/DataSet%209/EFTA00281005.pdf,False,,,0.0,320x240,Silent surveillance video; 320x240
EFTA00281006,9,avi,video,15360,0.01,https://www.justice.gov/epstein/files/DataSet%209/EFTA00281006.pdf,False,,,0.0,320x240,Silent surveillance video; 320x240
EFTA00281007,9,avi,video,14336,0.01,https://www.justice.gov/epstein/files/DataSet%209/EFTA00281007.pdf,False,,,0.0,320x240,Silent surveillance video; 320x240
EFTA00281008,9,avi,video,15360,0.01,https://www.justice.gov/epstein/files/DataSet%209/EFTA00281008.pdf,False,,,0.0,320x240,Silent surveillance video; 320x240
EFTA00281009,9,avi,video,15360,0.01,https://www.justice.gov/epstein/files/DataSet%209/EFTA00281009.pdf,False,,,0.0,320x240,Silent surveillance video; 320x240
EFTA00281010,9,avi,video,28672,0.03,https://www.justice.gov/epstein/files/DataSet%209/EFTA00281010.pdf,False,,,0.1,320x240,Silent surveillance video; 320x240; 0s
EFTA00281011,9,avi,video,27136,0.03,https://www.justice.gov/epstein/files/DataSet%209/EFTA00281011.pdf,False,,,0.1,320x240,Silent surveillance video; 320x240; 0s
EFTA00281012,9,avi,video,31232,0.03,https://www.justice.gov/epstein/files/DataSet%209/EFTA00281012.pdf,False,,,0.1,320x240,Silent surveillance video; 320x240; 0s
EFTA00281013,9,avi,video,15360,0.01,https://www.justice.gov/epstein/files/DataSet%209/EFTA00281013.pdf,False,,,0.0,320x240,Silent surveillance video; 320x240
EFTA00281014,9,avi,video,26112,0.02,https://www.justice.gov/epstein/files/DataSet%209/EFTA00281014.pdf,False,,,0.1,320x240,Silent surveillance video; 320x240; 0s
EFTA00281015,9,avi,video,28160,0.03,https://www.justice.gov/epstein/files/DataSet%209/EFTA00281015.pdf,False,,,0.1,320x240,Silent surveillance video; 320x240; 0s
EFTA00281016,9,avi,video,14336,0.01,https://www.justice.gov/epstein/files/DataSet%209/EFTA00281016.pdf,False,,,0.0,320x240,Silent surveillance video; 320x240
EFTA00281017,9,avi,video,15872,0.02,https://www.justice.gov/epstein/files/DataSet%209/EFTA00281017.pdf,False,,,0.0,320x240,Silent surveillance video; 320x240
EFTA00281018,9,avi,video,15872,0.02,https://www.justice.gov/epstein/files/DataSet%209/EFTA00281018.pdf,False,,,0.0,320x240,Silent surveillance video; 320x240
EFTA00281019,9,avi,video,14848,0.01,https://www.justice.gov/epstein/files/DataSet%209/EFTA00281019.pdf,False,,,0.0,320x240,Silent surveillance video; 320x240
EFTA00281020,9,avi,video,15360,0.01,https://www.justice.gov/epstein/files/DataSet%209/EFTA00281020.pdf,False,,,0.0,320x240,Silent surveillance video; 320x240
EFTA00281021,9,avi,video,14336,0.01,https://www.justice.gov/epstein/files/DataSet%209/EFTA00281021.pdf,False,,,0.0,320x240,Silent surveillance video; 320x240
EFTA00281022,9,avi,video,15360,0.01,https://www.justice.gov/epstein/files/DataSet%209/EFTA00281022.pdf,False,,,0.0,320x240,Silent surveillance video; 320x240
EFTA00281023,9,avi,video,15360,0.01,https://www.justice.gov/epstein/files/DataSet%209/EFTA00281023.pdf,False,,,0.0,320x240,Silent surveillance video; 320x240
EFTA00281024,9,avi,video,14336,0.01,https://www.justice.gov/epstein/files/DataSet%209/EFTA00281024.pdf,False,,,0.0,320x240,Silent surveillance video; 320x240
EFTA00281025,9,avi,video,27136,0.03,https://www.justice.gov/epstein/files/DataSet%209/EFTA00281025.pdf,False,,,0.1,320x240,Silent surveillance video; 320x240; 0s
EFTA00281026,9,avi,video,28160,0.03,https://www.justice.gov/epstein/files/DataSet%209/EFTA00281026.pdf,False,,,0.1,320x240,Silent surveillance video; 320x240; 0s
EFTA00281027,9,avi,video,26112,0.02,https://www.justice.gov/epstein/files/DataSet%209/EFTA00281027.pdf,False,,,0.1,320x240,Silent surveillance video; 320x240; 0s
EFTA00281028,9,avi,video,15360,0.01,https://www.justice.gov/epstein/files/DataSet%209/EFTA00281028.pdf,False,,,0.0,320x240,Silent surveillance video; 320x240
EFTA00281029,9,avi,video,38400,0.04,https://www.justice.gov/epstein/files/DataSet%209/EFTA00281029.pdf,False,,,0.1,320x240,Silent surveillance video; 320x240; 0s
EFTA00281030,9,avi,video,26624,0.03,https://www.justice.gov/epstein/files/DataSet%209/EFTA00281030.pdf,False,,,0.1,320x240,Silent surveillance video; 320x240; 0s
EFTA00281031,9,avi,video,15872,0.02,https://www.justice.gov/epstein/files/DataSet%209/EFTA00281031.pdf,False,,,0.0,320x240,Silent surveillance video; 320x240
EFTA00281032,9,avi,video,29184,0.03,https://www.justice.gov/epstein/files/DataSet%209/EFTA00281032.pdf,False,,,0.1,320x240,Silent surveillance video; 320x240; 0s
EFTA00281033,9,avi,video,28160,0.03,https://www.justice.gov/epstein/files/DataSet%209/EFTA00281033.pdf,False,,,0.1,320x240,Silent surveillance video; 320x240; 0s
EFTA00281034,9,avi,video,25088,0.02,https://www.justice.gov/epstein/files/DataSet%209/EFTA00281034.pdf,False,,,0.1,320x240,Silent surveillance video; 320x240; 0s
EFTA00281035,9,avi,video,12288,0.01,https://www.justice.gov/epstein/files/DataSet%209/EFTA00281035.pdf,False,,,0.0,320x240,Silent surveillance video; 320x240
EFTA00281036,9,avi,video,12800,0.01,https://www.justice.gov/epstein/files/DataSet%209/EFTA00281036.pdf,False,,,0.0,320x240,Silent surveillance video; 320x240
EFTA00281037,9,avi,video,13312,0.01,https://www.justice.gov/epstein/files/DataSet%209/EFTA00281037.pdf,False,,,0.0,320x240,Silent surveillance video; 320x240
EFTA00281038,9,avi,video,13312,0.01,https://www.justice.gov/epstein/files/DataSet%209/EFTA00281038.pdf,False,,,0.0,320x240,Silent surveillance video; 320x240
EFTA00281039,9,avi,video,12288,0.01,https://www.justice.gov/epstein/files/DataSet%209/EFTA00281039.pdf,False,,,0.0,320x240,Silent surveillance video; 320x240
EFTA00281040,9,avi,video,10752,0.01,https://www.justice.gov/epstein/files/DataSet%209/EFTA00281040.pdf,False,,,0.0,320x240,Silent surveillance video; 320x240
EFTA00281041,9,avi,video,40960,0.04,https://www.justice.gov/epstein/files/DataSet%209/EFTA00281041.pdf,False,,,0.1,320x240,Silent surveillance video; 320x240; 0s
EFTA00281042,9,avi,video,12800,0.01,https://www.justice.gov/epstein/files/DataSet%209/EFTA00281042.pdf,False,,,0.0,320x240,Silent surveillance video; 320x240
EFTA00281043,9,avi,video,36864,0.04,https://www.justice.gov/epstein/files/DataSet%209/EFTA00281043.pdf,False,,,0.1,320x240,Silent surveillance video; 320x240; 0s
EFTA00281044,9,avi,video,13824,0.01,https://www.justice.gov/epstein/files/DataSet%209/EFTA00281044.pdf,False,,,0.0,320x240,Silent surveillance video; 320x240
EFTA00281045,9,avi,video,24576,0.02,https://www.justice.gov/epstein/files/DataSet%209/EFTA00281045.pdf,False,,,0.1,320x240,Silent surveillance video; 320x240; 0s
EFTA00281046,9,avi,video,14336,0.01,https://www.justice.gov/epstein/files/DataSet%209/EFTA00281046.pdf,False,,,0.0,320x240,Silent surveillance video; 320x240
EFTA00281047,9,avi,video,13824,0.01,https://www.justice.gov/epstein/files/DataSet%209/EFTA00281047.pdf,False,,,0.0,320x240,Silent surveillance video; 320x240
EFTA00281048,9,avi,video,14336,0.01,https://www.justice.gov/epstein/files/DataSet%209/EFTA00281048.pdf,False,,,0.0,320x240,Silent surveillance video; 320x240
EFTA00281049,9,avi,video,13824,0.01,https://www.justice.gov/epstein/files/DataSet%209/EFTA00281049.pdf,False,,,0.0,320x240,Silent surveillance video; 320x240
EFTA00281050,9,avi,video,14336,0.01,https://www.justice.gov/epstein/files/DataSet%209/EFTA00281050.pdf,False,,,0.0,320x240,Silent surveillance video; 320x240
EFTA00281051,9,avi,video,46592,0.04,https://www.justice.gov/epstein/files/DataSet%209/EFTA00281051.pdf,False,,,0.1,320x240,Silent surveillance video; 320x240; 0s
EFTA00281052,9,avi,video,13312,0.01,https://www.justice.gov/epstein/files/DataSet%209/EFTA00281052.pdf,False,,,0.0,320x240,Silent surveillance video; 320x240
EFTA00281053,9,avi,video,14336,0.01,https://www.justice.gov/epstein/files/DataSet%209/EFTA00281053.pdf,False,,,0.0,320x240,Silent surveillance video; 320x240
EFTA00281054,9,avi,video,15360,0.01,https://www.justice.gov/epstein/files/DataSet%209/EFTA00281054.pdf,False,,,0.0,320x240,Silent surveillance video; 320x240
EFTA00281055,9,avi,video,13312,0.01,https://www.justice.gov/epstein/files/DataSet%209/EFTA00281055.pdf,False,,,0.0,320x240,Silent surveillance video; 320x240
EFTA00281056,9,avi,video,27648,0.03,https://www.justice.gov/epstein/files/DataSet%209/EFTA00281056.pdf,False,,,0.1,320x240,Silent surveillance video; 320x240; 0s
EFTA00281057,9,avi,video,37888,0.04,https://www.justice.gov/epstein/files/DataSet%209/EFTA00281057.pdf,False,,,0.1,320x240,Silent surveillance video; 320x240; 0s
EFTA00281058,9,avi,video,14848,0.01,https://www.justice.gov/epstein/files/DataSet%209/EFTA00281058.pdf,False,,,0.0,320x240,Silent surveillance video; 320x240
EFTA00281059,9,avi,video,14848,0.01,https://www.justice.gov/epstein/files/DataSet%209/EFTA00281059.pdf,False,,,0.0,320x240,Silent surveillance video; 320x240
EFTA00281060,9,avi,video,188928,0.18,https://www.justice.gov/epstein/files/DataSet%209/EFTA00281060.pdf,False,,,0.4,320x240,Silent surveillance video; 320x240; 0s
EFTA00281061,9,avi,video,23552,0.02,https://www.justice.gov/epstein/files/DataSet%209/EFTA00281061.pdf,False,,,0.1,320x240,Silent surveillance video; 320x240; 0s
EFTA00281062,9,avi,video,22016,0.02,https://www.justice.gov/epstein/files/DataSet%209/EFTA00281062.pdf,False,,,0.1,320x240,Silent surveillance video; 320x240; 0s
EFTA00281063,9,avi,video,25088,0.02,https://www.justice.gov/epstein/files/DataSet%209/EFTA00281063.pdf,False,,,0.1,320x240,Silent surveillance video; 320x240; 0s
EFTA00281064,9,avi,video,14336,0.01,https://www.justice.gov/epstein/files/DataSet%209/EFTA00281064.pdf,False,,,0.0,320x240,Silent surveillance video; 320x240
EFTA00281065,9,avi,video,25600,0.02,https://www.justice.gov/epstein/files/DataSet%209/EFTA00281065.pdf,False,,,0.1,320x240,Silent surveillance video; 320x240; 0s
EFTA00281066,9,avi,video,13312,0.01,https://www.justice.gov/epstein/files/DataSet%209/EFTA00281066.pdf,False,,,0.0,320x240,Silent surveillance video; 320x240
EFTA00281067,9,avi,video,52736,0.05,https://www.justice.gov/epstein/files/DataSet%209/EFTA00281067.pdf,False,,,0.1,320x240,Silent surveillance video; 320x240; 0s
EFTA00281068,9,avi,video,15872,0.02,https://www.justice.gov/epstein/files/DataSet%209/EFTA00281068.pdf,False,,,0.0,320x240,Silent surveillance video; 320x240
EFTA00281069,9,avi,video,30208,0.03,https://www.justice.gov/epstein/files/DataSet%209/EFTA00281069.pdf,False,,,0.1,320x240,Silent surveillance video; 320x240; 0s
EFTA00281070,9,avi,video,13312,0.01,https://www.justice.gov/epstein/files/DataSet%209/EFTA00281070.pdf,False,,,0.0,320x240,Silent surveillance video; 320x240
EFTA00281071,9,avi,video,192000,0.18,https://www.justice.gov/epstein/files/DataSet%209/EFTA00281071.pdf,True,yes,0,6.3,,Video (no speech detected); 6s
EFTA00281072,9,avi,video,6091776,5.81,https://www.justice.gov/epstein/files/DataSet%209/EFTA00281072.pdf,False,,,0.0,320x240,Silent surveillance video; 320x240
EFTA00281073,9,avi,video,4796416,4.57,https://www.justice.gov/epstein/files/DataSet%209/EFTA00281073.pdf,False,,,0.0,320x240,Silent surveillance video; 320x240
EFTA00281074,9,avi,video,74752,0.07,https://www.justice.gov/epstein/files/DataSet%209/EFTA00281074.pdf,False,,,0.1,320x240,Silent surveillance video; 320x240; 0s
EFTA00326497,9,unknown,unknown,,,https://www.justice.gov/epstein/files/DataSet%209/EFTA00326497.pdf,,,,,,No Images Produced — native file type unknown
EFTA00326501,9,unknown,unknown,,,https://www.justice.gov/epstein/files/DataSet%209/EFTA00326501.pdf,,,,,,No Images Produced — native file type unknown
EFTA00335487,9,unknown,unknown,,,https://www.justice.gov/epstein/files/DataSet%209/EFTA00335487.pdf,,,,,,No Images Produced — native file type unknown
EFTA00387143,9,unknown,unknown,,,https://www.justice.gov/epstein/files/DataSet%209/EFTA00387143.pdf,,,,,,No Images Produced — native file type unknown
EFTA00387145,9,unknown,unknown,,,https://www.justice.gov/epstein/files/DataSet%209/EFTA00387145.pdf,,,,,,No Images Produced — native file type unknown
EFTA00387259,9,unknown,unknown,,,https://www.justice.gov/epstein/files/DataSet%209/EFTA00387259.pdf,,,,,,No Images Produced — native file type unknown
EFTA00387260,9,unknown,unknown,,,https://www.justice.gov/epstein/files/DataSet%209/EFTA00387260.pdf,,,,,,No Images Produced — native file type unknown
EFTA00387291,9,unknown,unknown,,,https://www.justice.gov/epstein/files/DataSet%209/EFTA00387291.pdf,,,,,,No Images Produced — native file type unknown
EFTA00416849,9,unknown,unknown,,,https://www.justice.gov/epstein/files/DataSet%209/EFTA00416849.pdf,,,,,,No Images Produced — native file type unknown
EFTA00416850,9,unknown,unknown,,,https://www.justice.gov/epstein/files/DataSet%209/EFTA00416850.pdf,,,,,,No Images Produced — native file type unknown
EFTA00416851,9,unknown,unknown,,,https://www.justice.gov/epstein/files/DataSet%209/EFTA00416851.pdf,,,,,,No Images Produced — native file type unknown
EFTA00416852,9,unknown,unknown,,,https://www.justice.gov/epstein/files/DataSet%209/EFTA00416852.pdf,,,,,,No Images Produced — native file type unknown
EFTA00417088,9,unknown,unknown,,,https://www.justice.gov/epstein/files/DataSet%209/EFTA00417088.pdf,,,,,,No Images Produced — native file type unknown
EFTA00417089,9,unknown,unknown,,,https://www.justice.gov/epstein/files/DataSet%209/EFTA00417089.pdf,,,,,,No Images Produced — native file type unknown
EFTA00417090,9,unknown,unknown,,,https://www.justice.gov/epstein/files/DataSet%209/EFTA00417090.pdf,,,,,,No Images Produced — native file type unknown
EFTA00417091,9,unknown,unknown,,,https://www.justice.gov/epstein/files/DataSet%209/EFTA00417091.pdf,,,,,,No Images Produced — native file type unknown
EFTA00417095,9,unknown,unknown,,,https://www.justice.gov/epstein/files/DataSet%209/EFTA00417095.pdf,,,,,,No Images Produced — native file type unknown
EFTA00417096,9,unknown,unknown,,,https://www.justice.gov/epstein/files/DataSet%209/EFTA00417096.pdf,,,,,,No Images Produced — native file type unknown
EFTA00417097,9,unknown,unknown,,,https://www.justice.gov/epstein/files/DataSet%209/EFTA00417097.pdf,,,,,,No Images Produced — native file type unknown
EFTA00417098,9,unknown,unknown,,,https://www.justice.gov/epstein/files/DataSet%209/EFTA00417098.pdf,,,,,,No Images Produced — native file type unknown
EFTA00478790,9,unknown,unknown,,,https://www.justice.gov/epstein/files/DataSet%209/EFTA00478790.pdf,,,,,,No Images Produced — native file type unknown
EFTA00481186,9,unknown,unknown,,,https://www.justice.gov/epstein/files/DataSet%209/EFTA00481186.pdf,,,,,,No Images Produced — native file type unknown
EFTA00528935,9,avi,video,3671690,3.5,https://www.justice.gov/epstein/files/DataSet%209/EFTA00528935.pdf,True,yes,82,33.9,568x320,Video with speech (82 words transcribed); 568x320; 34s
EFTA00534391,9,unknown,unknown,,,https://www.justice.gov/epstein/files/DataSet%209/EFTA00534391.pdf,,,,,,No Images Produced — native file type unknown
EFTA00536323,9,mov,video,,,https://www.justice.gov/epstein/files/DataSet%209/EFTA00536323.pdf,,,,,,
EFTA00536324,9,mov,video,,,https://www.justice.gov/epstein/files/DataSet%209/EFTA00536324.pdf,,,,,,
EFTA00537470,9,unknown,unknown,,,https://www.justice.gov/epstein/files/DataSet%209/EFTA00537470.pdf,,,,,,No Images Produced — native file type unknown
EFTA00543065,9,avi,video,1578332,1.51,https://www.justice.gov/epstein/files/DataSet%209/EFTA00543065.pdf,True,yes,2,15.2,480x272,Video with speech (2 words transcribed); 480x272; 15s
EFTA00543388,9,avi,video,,,https://www.justice.gov/epstein/files/DataSet%209/EFTA00543388.pdf,,,,,,
EFTA00547564,9,xls,spreadsheet,,,https://www.justice.gov/epstein/files/DataSet%209/EFTA00547564.pdf,,,,,,
EFTA00547565,9,unknown,unknown,,,https://www.justice.gov/epstein/files/DataSet%209/EFTA00547565.pdf,,,,,,No Images Produced — native file type unknown
EFTA00547654,9,unknown,unknown,,,https://www.justice.gov/epstein/files/DataSet%209/EFTA00547654.pdf,,,,,,No Images Produced — native file type unknown
EFTA00547655,9,unknown,unknown,,,https://www.justice.gov/epstein/files/DataSet%209/EFTA00547655.pdf,,,,,,No Images Produced — native file type unknown
EFTA00547917,9,unknown,unknown,,,https://www.justice.gov/epstein/files/DataSet%209/EFTA00547917.pdf,,,,,,No Images Produced — native file type unknown
EFTA00548119,9,unknown,unknown,,,https://www.justice.gov/epstein/files/DataSet%209/EFTA00548119.pdf,,,,,,No Images Produced — native file type unknown
EFTA00548155,9,unknown,unknown,,,https://www.justice.gov/epstein/files/DataSet%209/EFTA00548155.pdf,,,,,,No Images Produced — native file type unknown
EFTA00550101,9,m4a,audio,1314604,1.25,https://www.justice.gov/epstein/files/DataSet%209/EFTA00550101.pdf,True,yes,74,82.2,,Audio recording (74 words transcribed); 1.4min
EFTA00553300,9,avi,video,12624360,12.04,https://www.justice.gov/epstein/files/DataSet%209/EFTA00553300.pdf,True,yes,51,44.9,960x540,Video with speech (51 words transcribed); 960x540; 45s
EFTA00555345,9,m4a,audio,3228338,3.08,https://www.justice.gov/epstein/files/DataSet%209/EFTA00555345.pdf,True,yes,304,161.3,,Audio recording (304 words transcribed); 2.7min
EFTA00576839,9,wmv,video,32741444,31.22,https://www.justice.gov/epstein/files/DataSet%209/EFTA00576839.pdf,True,yes,0,30.9,1920x1080,Video (no speech detected); 1920x1080; 31s
EFTA00576840,9,avi,video,19532032,18.63,https://www.justice.gov/epstein/files/DataSet%209/EFTA00576840.pdf,False,,,7.8,1964x1280,Silent surveillance video; 1964x1280; 8s
EFTA00576841,9,wmv,video,16964035,16.18,https://www.justice.gov/epstein/files/DataSet%209/EFTA00576841.pdf,True,yes,0,30.1,720x576,Video (no speech detected); 720x576; 30s
EFTA00576842,9,wav,audio,614700,0.59,https://www.justice.gov/epstein/files/DataSet%209/EFTA00576842.pdf,True,yes,1,13.9,,Audio recording (1 words transcribed); 14s
EFTA00580184,9,unknown,unknown,,,https://www.justice.gov/epstein/files/DataSet%209/EFTA00580184.pdf,,,,,,No Images Produced — native file type unknown
EFTA00638224,9,unknown,unknown,,,https://www.justice.gov/epstein/files/DataSet%209/EFTA00638224.pdf,,,,,,No Images Produced — native file type unknown
EFTA00639714,9,unknown,unknown,,,https://www.justice.gov/epstein/files/DataSet%209/EFTA00639714.pdf,,,,,,No Images Produced — native file type unknown
EFTA00710823,9,unknown,unknown,,,https://www.justice.gov/epstein/files/DataSet%209/EFTA00710823.pdf,,,,,,No Images Produced — native file type unknown
EFTA00734116,9,unknown,unknown,,,https://www.justice.gov/epstein/files/DataSet%209/EFTA00734116.pdf,,,,,,No Images Produced — native file type unknown
EFTA00735905,9,unknown,unknown,,,https://www.justice.gov/epstein/files/DataSet%209/EFTA00735905.pdf,,,,,,No Images Produced — native file type unknown
EFTA00741059,9,avi,video,145408,0.14,https://www.justice.gov/epstein/files/DataSet%209/EFTA00741059.pdf,False,,,33.3,560x420,Silent surveillance video; 560x420; 33s
EFTA00743572,9,mp3,audio,3526406,3.36,https://www.justice.gov/epstein/files/DataSet%209/EFTA00743572.pdf,True,yes,16,220.2,,Audio recording (16 words transcribed); 3.7min
EFTA00744478,9,mov,video,690557,0.66,https://www.justice.gov/epstein/files/DataSet%209/EFTA00744478.pdf,True,yes,2,6.8,480x360,Video with speech (2 words transcribed); 480x360; 7s
EFTA00750646,9,wmv,video,3968610,3.78,https://www.justice.gov/epstein/files/DataSet%209/EFTA00750646.pdf,True,yes,205,119.5,320x240,Video with speech (205 words transcribed); 320x240; 2.0min
EFTA00754471,9,wmv,video,641131,0.61,https://www.justice.gov/epstein/files/DataSet%209/EFTA00754471.pdf,True,yes,1,22.0,320x240,Video with speech (1 words transcribed); 320x240; 22s
EFTA00759424,9,m4v,video,34111,0.03,https://www.justice.gov/epstein/files/DataSet%209/EFTA00759424.pdf,True,yes,0,1.0,320x240,Video (no speech detected); 320x240; 1s
EFTA00765143,9,mp3,audio,2293386,2.19,https://www.justice.gov/epstein/files/DataSet%209/EFTA00765143.pdf,True,yes,1067,286.2,,Audio recording (1067 words transcribed); 4.8min
EFTA00771461,9,unknown,unknown,,,https://www.justice.gov/epstein/files/DataSet%209/EFTA00771461.pdf,,,,,,No Images Produced — native file type unknown
EFTA00771462,9,unknown,unknown,,,https://www.justice.gov/epstein/files/DataSet%209/EFTA00771462.pdf,,,,,,No Images Produced — native file type unknown
EFTA00771463,9,unknown,unknown,,,https://www.justice.gov/epstein/files/DataSet%209/EFTA00771463.pdf,,,,,,No Images Produced — native file type unknown
EFTA00775463,9,png,image,47487,0.05,https://www.justice.gov/epstein/files/DataSet%209/EFTA00775463.pdf,,,,,,Image file
EFTA00776196,9,m4a,audio,589798,0.56,https://www.justice.gov/epstein/files/DataSet%209/EFTA00776196.pdf,True,yes,80,37.3,,Audio recording (80 words transcribed); 37s
EFTA00780135,9,unknown,unknown,,,https://www.justice.gov/epstein/files/DataSet%209/EFTA00780135.pdf,,,,,,No Images Produced — native file type unknown
EFTA00780136,9,unknown,unknown,,,https://www.justice.gov/epstein/files/DataSet%209/EFTA00780136.pdf,,,,,,No Images Produced — native file type unknown
EFTA00780137,9,unknown,unknown,,,https://www.justice.gov/epstein/files/DataSet%209/EFTA00780137.pdf,,,,,,No Images Produced — native file type unknown
EFTA00780138,9,unknown,unknown,,,https://www.justice.gov/epstein/files/DataSet%209/EFTA00780138.pdf,,,,,,No Images Produced — native file type unknown
EFTA00780139,9,unknown,unknown,,,https://www.justice.gov/epstein/files/DataSet%209/EFTA00780139.pdf,,,,,,No Images Produced — native file type unknown
EFTA00780140,9,unknown,unknown,,,https://www.justice.gov/epstein/files/DataSet%209/EFTA00780140.pdf,,,,,,No Images Produced — native file type unknown
EFTA00780141,9,unknown,unknown,,,https://www.justice.gov/epstein/files/DataSet%209/EFTA00780141.pdf,,,,,,No Images Produced — native file type unknown
EFTA00780142,9,unknown,unknown,,,https://www.justice.gov/epstein/files/DataSet%209/EFTA00780142.pdf,,,,,,No Images Produced — native file type unknown
EFTA00780143,9,unknown,unknown,,,https://www.justice.gov/epstein/files/DataSet%209/EFTA00780143.pdf,,,,,,No Images Produced — native file type unknown
EFTA00780144,9,unknown,unknown,,,https://www.justice.gov/epstein/files/DataSet%209/EFTA00780144.pdf,,,,,,No Images Produced — native file type unknown
EFTA00780145,9,unknown,unknown,,,https://www.justice.gov/epstein/files/DataSet%209/EFTA00780145.pdf,,,,,,No Images Produced — native file type unknown
EFTA00780146,9,unknown,unknown,,,https://www.justice.gov/epstein/files/DataSet%209/EFTA00780146.pdf,,,,,,No Images Produced — native file type unknown
EFTA00780147,9,unknown,unknown,,,https://www.justice.gov/epstein/files/DataSet%209/EFTA00780147.pdf,,,,,,No Images Produced — native file type unknown
EFTA00780148,9,unknown,unknown,,,https://www.justice.gov/epstein/files/DataSet%209/EFTA00780148.pdf,,,,,,No Images Produced — native file type unknown
EFTA00780149,9,unknown,unknown,,,https://www.justice.gov/epstein/files/DataSet%209/EFTA00780149.pdf,,,,,,No Images Produced — native file type unknown
EFTA00823174,9,unknown,unknown,,,https://www.justice.gov/epstein/files/DataSet%209/EFTA00823174.pdf,,,,,,No Images Produced — native file type unknown
EFTA00823175,9,unknown,unknown,,,https://www.justice.gov/epstein/files/DataSet%209/EFTA00823175.pdf,,,,,,No Images Produced — native file type unknown
EFTA00823176,9,unknown,unknown,,,https://www.justice.gov/epstein/files/DataSet%209/EFTA00823176.pdf,,,,,,No Images Produced — native file type unknown
EFTA00823177,9,unknown,unknown,,,https://www.justice.gov/epstein/files/DataSet%209/EFTA00823177.pdf,,,,,,No Images Produced — native file type unknown
EFTA00823323,9,unknown,unknown,,,https://www.justice.gov/epstein/files/DataSet%209/EFTA00823323.pdf,,,,,,No Images Produced — native file type unknown
EFTA00823324,9,unknown,unknown,,,https://www.justice.gov/epstein/files/DataSet%209/EFTA00823324.pdf,,,,,,No Images Produced — native file type unknown
EFTA00823325,9,unknown,unknown,,,https://www.justice.gov/epstein/files/DataSet%209/EFTA00823325.pdf,,,,,,No Images Produced — native file type unknown
EFTA00823326,9,unknown,unknown,,,https://www.justice.gov/epstein/files/DataSet%209/EFTA00823326.pdf,,,,,,No Images Produced — native file type unknown
EFTA00823327,9,unknown,unknown,,,https://www.justice.gov/epstein/files/DataSet%209/EFTA00823327.pdf,,,,,,No Images Produced — native file type unknown
EFTA00823328,9,unknown,unknown,,,https://www.justice.gov/epstein/files/DataSet%209/EFTA00823328.pdf,,,,,,No Images Produced — native file type unknown
EFTA00823329,9,unknown,unknown,,,https://www.justice.gov/epstein/files/DataSet%209/EFTA00823329.pdf,,,,,,No Images Produced — native file type unknown
EFTA00823330,9,unknown,unknown,,,https://www.justice.gov/epstein/files/DataSet%209/EFTA00823330.pdf,,,,,,No Images Produced — native file type unknown
EFTA00823331,9,unknown,unknown,,,https://www.justice.gov/epstein/files/DataSet%209/EFTA00823331.pdf,,,,,,No Images Produced — native file type unknown
EFTA00823332,9,unknown,unknown,,,https://www.justice.gov/epstein/files/DataSet%209/EFTA00823332.pdf,,,,,,No Images Produced — native file type unknown
EFTA00823333,9,unknown,unknown,,,https://www.justice.gov/epstein/files/DataSet%209/EFTA00823333.pdf,,,,,,No Images Produced — native file type unknown
EFTA00823334,9,unknown,unknown,,,https://www.justice.gov/epstein/files/DataSet%209/EFTA00823334.pdf,,,,,,No Images Produced — native file type unknown
EFTA00823364,9,unknown,unknown,,,https://www.justice.gov/epstein/files/DataSet%209/EFTA00823364.pdf,,,,,,No Images Produced — native file type unknown
EFTA00840930,9,unknown,unknown,,,https://www.justice.gov/epstein/files/DataSet%209/EFTA00840930.pdf,,,,,,No Images Produced — native file type unknown
EFTA00846394,9,unknown,unknown,,,https://www.justice.gov/epstein/files/DataSet%209/EFTA00846394.pdf,,,,,,No Images Produced — native file type unknown
EFTA00859997,9,unknown,unknown,,,https://www.justice.gov/epstein/files/DataSet%209/EFTA00859997.pdf,,,,,,No Images Produced — native file type unknown
EFTA00899084,9,unknown,unknown,,,https://www.justice.gov/epstein/files/DataSet%209/EFTA00899084.pdf,,,,,,No Images Produced — native file type unknown
EFTA00899085,9,unknown,unknown,,,https://www.justice.gov/epstein/files/DataSet%209/EFTA00899085.pdf,,,,,,No Images Produced — native file type unknown
EFTA00899086,9,unknown,unknown,,,https://www.justice.gov/epstein/files/DataSet%209/EFTA00899086.pdf,,,,,,No Images Produced — native file type unknown
EFTA00899087,9,unknown,unknown,,,https://www.justice.gov/epstein/files/DataSet%209/EFTA00899087.pdf,,,,,,No Images Produced — native file type unknown
EFTA00899088,9,unknown,unknown,,,https://www.justice.gov/epstein/files/DataSet%209/EFTA00899088.pdf,,,,,,No Images Produced — native file type unknown
EFTA00899089,9,unknown,unknown,,,https://www.justice.gov/epstein/files/DataSet%209/EFTA00899089.pdf,,,,,,No Images Produced — native file type unknown
EFTA00899090,9,unknown,unknown,,,https://www.justice.gov/epstein/files/DataSet%209/EFTA00899090.pdf,,,,,,No Images Produced — native file type unknown
EFTA00899091,9,unknown,unknown,,,https://www.justice.gov/epstein/files/DataSet%209/EFTA00899091.pdf,,,,,,No Images Produced — native file type unknown
EFTA00899092,9,unknown,unknown,,,https://www.justice.gov/epstein/files/DataSet%209/EFTA00899092.pdf,,,,,,No Images Produced — native file type unknown
EFTA00899093,9,unknown,unknown,,,https://www.justice.gov/epstein/files/DataSet%209/EFTA00899093.pdf,,,,,,No Images Produced — native file type unknown
EFTA00899094,9,unknown,unknown,,,https://www.justice.gov/epstein/files/DataSet%209/EFTA00899094.pdf,,,,,,No Images Produced — native file type unknown
EFTA00899095,9,unknown,unknown,,,https://www.justice.gov/epstein/files/DataSet%209/EFTA00899095.pdf,,,,,,No Images Produced — native file type unknown
EFTA00899096,9,unknown,unknown,,,https://www.justice.gov/epstein/files/DataSet%209/EFTA00899096.pdf,,,,,,No Images Produced — native file type unknown
EFTA00899097,9,unknown,unknown,,,https://www.justice.gov/epstein/files/DataSet%209/EFTA00899097.pdf,,,,,,No Images Produced — native file type unknown
EFTA00899098,9,unknown,unknown,,,https://www.justice.gov/epstein/files/DataSet%209/EFTA00899098.pdf,,,,,,No Images Produced — native file type unknown
EFTA00917638,9,wmv,video,2671574,2.55,https://www.justice.gov/epstein/files/DataSet%209/EFTA00917638.pdf,True,yes,201,78.9,472x320,Video with speech (201 words transcribed); 472x320; 1.3min
EFTA00984662,9,unknown,unknown,,,https://www.justice.gov/epstein/files/DataSet%209/EFTA00984662.pdf,,,,,,No Images Produced — native file type unknown
EFTA00984666,9,unknown,unknown,,,https://www.justice.gov/epstein/files/DataSet%209/EFTA00984666.pdf,,,,,,No Images Produced — native file type unknown
EFTA00984667,9,unknown,unknown,,,https://www.justice.gov/epstein/files/DataSet%209/EFTA00984667.pdf,,,,,,No Images Produced — native file type unknown
EFTA00984668,9,unknown,unknown,,,https://www.justice.gov/epstein/files/DataSet%209/EFTA00984668.pdf,,,,,,No Images Produced — native file type unknown
EFTA00984888,9,unknown,unknown,,,https://www.justice.gov/epstein/files/DataSet%209/EFTA00984888.pdf,,,,,,No Images Produced — native file type unknown
EFTA00984889,9,unknown,unknown,,,https://www.justice.gov/epstein/files/DataSet%209/EFTA00984889.pdf,,,,,,No Images Produced — native file type unknown
EFTA00984890,9,unknown,unknown,,,https://www.justice.gov/epstein/files/DataSet%209/EFTA00984890.pdf,,,,,,No Images Produced — native file type unknown
EFTA00984891,9,unknown,unknown,,,https://www.justice.gov/epstein/files/DataSet%209/EFTA00984891.pdf,,,,,,No Images Produced — native file type unknown
EFTA00984892,9,unknown,unknown,,,https://www.justice.gov/epstein/files/DataSet%209/EFTA00984892.pdf,,,,,,No Images Produced — native file type unknown
EFTA00984893,9,unknown,unknown,,,https://www.justice.gov/epstein/files/DataSet%209/EFTA00984893.pdf,,,,,,No Images Produced — native file type unknown
EFTA00984894,9,unknown,unknown,,,https://www.justice.gov/epstein/files/DataSet%209/EFTA00984894.pdf,,,,,,No Images Produced — native file type unknown
EFTA00984895,9,unknown,unknown,,,https://www.justice.gov/epstein/files/DataSet%209/EFTA00984895.pdf,,,,,,No Images Produced — native file type unknown
EFTA01014471,9,unknown,unknown,,,https://www.justice.gov/epstein/files/DataSet%209/EFTA01014471.pdf,,,,,,No Images Produced — native file type unknown
EFTA01019216,9,mov,video,,,https://www.justice.gov/epstein/files/DataSet%209/EFTA01019216.pdf,,,,,,
EFTA01019245,9,unknown,unknown,,,https://www.justice.gov/epstein/files/DataSet%209/EFTA01019245.pdf,,,,,,No Images Produced — native file type unknown
EFTA01085325,9,mp4,video,,,https://www.justice.gov/epstein/files/DataSet%209/EFTA01085325.pdf,,,,,,
EFTA01131127,9,unknown,unknown,,,https://www.justice.gov/epstein/files/DataSet%209/EFTA01131127.pdf,,,,,,No Images Produced — native file type unknown
EFTA01131169,9,mov,video,,,https://www.justice.gov/epstein/files/DataSet%209/EFTA01131169.pdf,,,,,,
EFTA01131170,9,mov,video,,,https://www.justice.gov/epstein/files/DataSet%209/EFTA01131170.pdf,,,,,,
EFTA01131192,9,unknown,unknown,,,https://www.justice.gov/epstein/files/DataSet%209/EFTA01131192.pdf,,,,,,No Images Produced — native file type unknown
EFTA01131291,9,m4a,audio,,,https://www.justice.gov/epstein/files/DataSet%209/EFTA01131291.pdf,,,,,,
EFTA01131378,9,avi,video,,,https://www.justice.gov/epstein/files/DataSet%209/EFTA01131378.pdf,,,,,,
EFTA01131379,9,avi,video,,,https://www.justice.gov/epstein/files/DataSet%209/EFTA01131379.pdf,,,,,,
EFTA01131380,9,avi,video,,,https://www.justice.gov/epstein/files/DataSet%209/EFTA01131380.pdf,,,,,,
EFTA01131717,9,mov,video,,,https://www.justice.gov/epstein/files/DataSet%209/EFTA01131717.pdf,,,,,,
EFTA01131744,9,avi,video,,,https://www.justice.gov/epstein/files/DataSet%209/EFTA01131744.pdf,,,,,,
EFTA01131745,9,avi,video,,,https://www.justice.gov/epstein/files/DataSet%209/EFTA01131745.pdf,,,,,,
EFTA01131746,9,mov,video,,,https://www.justice.gov/epstein/files/DataSet%209/EFTA01131746.pdf,,,,,,
EFTA01131747,9,mov,video,,,https://www.justice.gov/epstein/files/DataSet%209/EFTA01131747.pdf,,,,,,
EFTA01131748,9,mov,video,,,https://www.justice.gov/epstein/files/DataSet%209/EFTA01131748.pdf,,,,,,
EFTA01131749,9,mov,video,,,https://www.justice.gov/epstein/files/DataSet%209/EFTA01131749.pdf,,,,,,
EFTA01131785,9,avi,video,,,https://www.justice.gov/epstein/files/DataSet%209/EFTA01131785.pdf,,,,,,
EFTA01131962,9,avi,video,,,https://www.justice.gov/epstein/files/DataSet%209/EFTA01131962.pdf,,,,,,
EFTA01132029,9,mov,video,,,https://www.justice.gov/epstein/files/DataSet%209/EFTA01132029.pdf,,,,,,
EFTA01132042,9,avi,video,,,https://www.justice.gov/epstein/files/DataSet%209/EFTA01132042.pdf,,,,,,
EFTA01132054,9,avi,video,,,https://www.justice.gov/epstein/files/DataSet%209/EFTA01132054.pdf,,,,,,
EFTA01132055,9,avi,video,,,https://www.justice.gov/epstein/files/DataSet%209/EFTA01132055.pdf,,,,,,
EFTA01132159,9,mov,video,,,https://www.justice.gov/epstein/files/DataSet%209/EFTA01132159.pdf,,,,,,
EFTA01132161,9,mov,video,,,https://www.justice.gov/epstein/files/DataSet%209/EFTA01132161.pdf,,,,,,
EFTA01132162,9,avi,video,,,https://www.justice.gov/epstein/files/DataSet%209/EFTA01132162.pdf,,,,,,
EFTA01132164,9,mov,video,,,https://www.justice.gov/epstein/files/DataSet%209/EFTA01132164.pdf,,,,,,
EFTA01132307,9,avi,video,,,https://www.justice.gov/epstein/files/DataSet%209/EFTA01132307.pdf,,,,,,
EFTA01133333,9,m4a,audio,,,https://www.justice.gov/epstein/files/DataSet%209/EFTA01133333.pdf,,,,,,
EFTA01133546,9,m4v,video,,,https://www.justice.gov/epstein/files/DataSet%209/EFTA01133546.pdf,,,,,,
EFTA01135723,9,mp4,video,,,https://www.justice.gov/epstein/files/DataSet%209/EFTA01135723.pdf,,,,,,
EFTA01135946,9,unknown,unknown,,,https://www.justice.gov/epstein/files/DataSet%209/EFTA01135946.pdf,,,,,,No Images Produced — native file type unknown
EFTA01135950,9,unknown,unknown,,,https://www.justice.gov/epstein/files/DataSet%209/EFTA01135950.pdf,,,,,,No Images Produced — native file type unknown
EFTA01135960,9,unknown,unknown,,,https://www.justice.gov/epstein/files/DataSet%209/EFTA01135960.pdf,,,,,,No Images Produced — native file type unknown
EFTA01135968,9,unknown,unknown,,,https://www.justice.gov/epstein/files/DataSet%209/EFTA01135968.pdf,,,,,,No Images Produced — native file type unknown
EFTA01135969,9,unknown,unknown,,,https://www.justice.gov/epstein/files/DataSet%209/EFTA01135969.pdf,,,,,,No Images Produced — native file type unknown
EFTA01135970,9,unknown,unknown,,,https://www.justice.gov/epstein/files/DataSet%209/EFTA01135970.pdf,,,,,,No Images Produced — native file type unknown
EFTA01135971,9,unknown,unknown,,,https://www.justice.gov/epstein/files/DataSet%209/EFTA01135971.pdf,,,,,,No Images Produced — native file type unknown
EFTA01135972,9,unknown,unknown,,,https://www.justice.gov/epstein/files/DataSet%209/EFTA01135972.pdf,,,,,,No Images Produced — native file type unknown
EFTA01135973,9,unknown,unknown,,,https://www.justice.gov/epstein/files/DataSet%209/EFTA01135973.pdf,,,,,,No Images Produced — native file type unknown
EFTA01135974,9,unknown,unknown,,,https://www.justice.gov/epstein/files/DataSet%209/EFTA01135974.pdf,,,,,,No Images Produced — native file type unknown
EFTA01135975,9,unknown,unknown,,,https://www.justice.gov/epstein/files/DataSet%209/EFTA01135975.pdf,,,,,,No Images Produced — native file type unknown
EFTA01135976,9,unknown,unknown,,,https://www.justice.gov/epstein/files/DataSet%209/EFTA01135976.pdf,,,,,,No Images Produced — native file type unknown
EFTA01135977,9,unknown,unknown,,,https://www.justice.gov/epstein/files/DataSet%209/EFTA01135977.pdf,,,,,,No Images Produced — native file type unknown
EFTA01135978,9,unknown,unknown,,,https://www.justice.gov/epstein/files/DataSet%209/EFTA01135978.pdf,,,,,,No Images Produced — native file type unknown
EFTA01135979,9,unknown,unknown,,,https://www.justice.gov/epstein/files/DataSet%209/EFTA01135979.pdf,,,,,,No Images Produced — native file type unknown
EFTA01135980,9,unknown,unknown,,,https://www.justice.gov/epstein/files/DataSet%209/EFTA01135980.pdf,,,,,,No Images Produced — native file type unknown
EFTA01135981,9,unknown,unknown,,,https://www.justice.gov/epstein/files/DataSet%209/EFTA01135981.pdf,,,,,,No Images Produced — native file type unknown
EFTA01135982,9,unknown,unknown,,,https://www.justice.gov/epstein/files/DataSet%209/EFTA01135982.pdf,,,,,,No Images Produced — native file type unknown
EFTA01135983,9,unknown,unknown,,,https://www.justice.gov/epstein/files/DataSet%209/EFTA01135983.pdf,,,,,,No Images Produced — native file type unknown
EFTA01135984,9,unknown,unknown,,,https://www.justice.gov/epstein/files/DataSet%209/EFTA01135984.pdf,,,,,,No Images Produced — native file type unknown
EFTA01135985,9,unknown,unknown,,,https://www.justice.gov/epstein/files/DataSet%209/EFTA01135985.pdf,,,,,,No Images Produced — native file type unknown
EFTA01135986,9,unknown,unknown,,,https://www.justice.gov/epstein/files/DataSet%209/EFTA01135986.pdf,,,,,,No Images Produced — native file type unknown
EFTA01135987,9,unknown,unknown,,,https://www.justice.gov/epstein/files/DataSet%209/EFTA01135987.pdf,,,,,,No Images Produced — native file type unknown
EFTA01135988,9,unknown,unknown,,,https://www.justice.gov/epstein/files/DataSet%209/EFTA01135988.pdf,,,,,,No Images Produced — native file type unknown
EFTA01135989,9,unknown,unknown,,,https://www.justice.gov/epstein/files/DataSet%209/EFTA01135989.pdf,,,,,,No Images Produced — native file type unknown
EFTA01135990,9,unknown,unknown,,,https://www.justice.gov/epstein/files/DataSet%209/EFTA01135990.pdf,,,,,,No Images Produced — native file type unknown
