EFTA01648536,10,mp4,video,1912698,1.82,https://www.justice.gov/epstein/files/DataSet%2010/EFTA01648536.pdf,True,yes,0,155.4,352x640,Video (no speech detected); 352x640; 2.6min
EFTA01648537,10,mp4,video,59660912,56.9,https://www.justice.gov/epstein/files/DataSet%2010/EFTA01648537.pdf,True,yes,0,127.7,1080x1920,Video (no speech detected); 1080x1920; 2.1min
EFTA01648538,10,mp4,video,1263495,1.2,https://www.justice.gov/epstein/files/DataSet%2010/EFTA01648538.pdf,True,yes,80,21.8,400x304,Video with speech (80 words transcribed); 400x304; 22s
EFTA01648539,10,mp4,video,18908228,18.03,https://www.justice.gov/epstein/files/DataSet%2010/EFTA01648539.pdf,True,yes,0,96.2,1080x1920,Video (no speech detected); 1080x1920; 1.6min
EFTA01648540,10,mp4,video,22419325,21.38,https://www.justice.gov/epstein/files/DataSet%2010/EFTA01648540.pdf,True,yes,67,126.5,1080x1920,Video with speech (67 words transcribed); 1080x1920; 2.1min
EFTA01648541,10,mp4,video,77508654,73.92,https://www.justice.gov/epstein/files/DataSet%2010/EFTA01648541.pdf,True,yes,0,519.8,1080x1920,Video (no speech detected); 1080x1920; 8.7min
EFTA01648542,10,mp4,video,598108,0.57,https://www.justice.gov/epstein/files/DataSet%2010/EFTA01648542.pdf,False,,,30.9,640x352,Silent surveillance video; 640x352; 31s
EFTA01648543,10,mp4,video,3464076,3.3,https://www.justice.gov/epstein/files/DataSet%2010/EFTA01648543.pdf,True,yes,0,244.4,352x640,Video (no speech detected); 352x640; 4.1min
EFTA01648544,10,mp4,video,20947879,19.98,https://www.justice.gov/epstein/files/DataSet%2010/EFTA01648544.pdf,True,yes,17,286.6,640x360,Video with speech (17 words transcribed); 640x360; 4.8min
EFTA01648545,10,mp4,video,29081706,27.73,https://www.justice.gov/epstein/files/DataSet%2010/EFTA01648545.pdf,True,yes,7,134.7,1080x1920,Video with speech (7 words transcribed); 1080x1920; 2.2min
EFTA01648546,10,mp4,video,1884535,1.8,https://www.justice.gov/epstein/files/DataSet%2010/EFTA01648546.pdf,True,yes,1,47.7,640x480,Video with speech (1 words transcribed); 640x480; 48s
EFTA01648547,10,mp4,video,261716,0.25,https://www.justice.gov/epstein/files/DataSet%2010/EFTA01648547.pdf,True,yes,0,12.0,352x640,Video (no speech detected); 352x640; 12s
EFTA01648548,10,mp4,video,503716,0.48,https://www.justice.gov/epstein/files/DataSet%2010/EFTA01648548.pdf,True,yes,0,17.5,352x640,Video (no speech detected); 352x640; 18s
EFTA01648549,10,mp4,video,5655387,5.39,https://www.justice.gov/epstein/files/DataSet%2010/EFTA01648549.pdf,True,yes,0,173.6,352x640,Video (no speech detected); 352x640; 2.9min
EFTA01648550,10,mp4,video,1649148,1.57,https://www.justice.gov/epstein/files/DataSet%2010/EFTA01648550.pdf,True,yes,0,90.7,104x192,Video (no speech detected); 104x192; 1.5min
EFTA01648551,10,mp4,video,7629677,7.28,https://www.justice.gov/epstein/files/DataSet%2010/EFTA01648551.pdf,True,yes,0,211.0,640x360,Video (no speech detected); 640x360; 3.5min
EFTA01648552,10,mp4,video,36474344,34.78,https://www.justice.gov/epstein/files/DataSet%2010/EFTA01648552.pdf,True,yes,0,201.6,1080x1920,Video (no speech detected); 1080x1920; 3.4min
EFTA01648553,10,mp4,video,38893,0.04,https://www.justice.gov/epstein/files/DataSet%2010/EFTA01648553.pdf,True,yes,0,6.0,360x416,Video (no speech detected); 360x416; 6s
EFTA01648554,10,mp4,video,598464,0.57,https://www.justice.gov/epstein/files/DataSet%2010/EFTA01648554.pdf,True,yes,0,27.2,480x480,Video (no speech detected); 480x480; 27s
EFTA01648555,10,mp4,video,404154,0.39,https://www.justice.gov/epstein/files/DataSet%2010/EFTA01648555.pdf,True,yes,1,15.3,720x1280,Video with speech (1 words transcribed); 720x1280; 15s
EFTA01648556,10,mp4,video,4869798,4.64,https://www.justice.gov/epstein/files/DataSet%2010/EFTA01648556.pdf,True,yes,2,106.0,400x224,Video with speech (2 words transcribed); 400x224; 1.8min
EFTA01648557,10,mp4,video,1135657,1.08,https://www.justice.gov/epstein/files/DataSet%2010/EFTA01648557.pdf,True,yes,0,16.9,720x1280,Video (no speech detected); 720x1280; 17s
EFTA01648558,10,mp4,video,11073371,10.56,https://www.justice.gov/epstein/files/DataSet%2010/EFTA01648558.pdf,True,yes,72,220.2,320x240,Video with speech (72 words transcribed); 320x240; 3.7min
EFTA01648559,10,mp4,video,5637001,5.38,https://www.justice.gov/epstein/files/DataSet%2010/EFTA01648559.pdf,True,yes,0,173.7,352x640,Video (no speech detected); 352x640; 2.9min
EFTA01648560,10,mp4,video,354382,0.34,https://www.justice.gov/epstein/files/DataSet%2010/EFTA01648560.pdf,True,yes,0,62.2,352x640,Video (no speech detected); 352x640; 1.0min
EFTA01648561,10,mp4,video,110082,0.1,https://www.justice.gov/epstein/files/DataSet%2010/EFTA01648561.pdf,True,yes,0,16.6,320x240,Video (no speech detected); 320x240; 17s
EFTA01648562,10,mp4,video,295394,0.28,https://www.justice.gov/epstein/files/DataSet%2010/EFTA01648562.pdf,True,yes,0,46.4,320x240,Video (no speech detected); 320x240; 46s
EFTA01648563,10,mp4,video,413128,0.39,https://www.justice.gov/epstein/files/DataSet%2010/EFTA01648563.pdf,True,yes,0,45.1,318x178,Video (no speech detected); 318x178; 45s
EFTA01648564,10,mp4,video,5961141,5.68,https://www.justice.gov/epstein/files/DataSet%2010/EFTA01648564.pdf,True,yes,438,154.0,400x400,Video with speech (438 words transcribed); 400x400; 2.6min
EFTA01648565,10,mp4,video,777194,0.74,https://www.justice.gov/epstein/files/DataSet%2010/EFTA01648565.pdf,True,yes,39,22.2,208x160,Video with speech (39 words transcribed); 208x160; 22s
EFTA01648566,10,mp4,video,337738,0.32,https://www.justice.gov/epstein/files/DataSet%2010/EFTA01648566.pdf,True,yes,0,26.2,320x176,Video (no speech detected); 320x176; 26s
EFTA01648567,10,mp4,video,32539950,31.03,https://www.justice.gov/epstein/files/DataSet%2010/EFTA01648567.pdf,True,yes,0,170.5,1080x1920,Video (no speech detected); 1080x1920; 2.8min
EFTA01648568,10,mp4,video,9084395,8.66,https://www.justice.gov/epstein/files/DataSet%2010/EFTA01648568.pdf,True,yes,437,203.1,400x300,Video with speech (437 words transcribed); 400x300; 3.4min
EFTA01648569,10,mp4,video,1029875,0.98,https://www.justice.gov/epstein/files/DataSet%2010/EFTA01648569.pdf,True,yes,3,28.3,480x608,Video with speech (3 words transcribed); 480x608; 28s
EFTA01648570,10,mp4,video,2076132,1.98,https://www.justice.gov/epstein/files/DataSet%2010/EFTA01648570.pdf,True,yes,0,65.4,320x240,Video (no speech detected); 320x240; 1.1min
EFTA01648571,10,mp4,video,34431313,32.84,https://www.justice.gov/epstein/files/DataSet%2010/EFTA01648571.pdf,True,yes,5,144.4,1080x1920,Video with speech (5 words transcribed); 1080x1920; 2.4min
EFTA01648572,10,mp4,video,3730422,3.56,https://www.justice.gov/epstein/files/DataSet%2010/EFTA01648572.pdf,True,yes,129,100.1,400x720,Video with speech (129 words transcribed); 400x720; 1.7min
EFTA01648573,10,mp4,video,54835,0.05,https://www.justice.gov/epstein/files/DataSet%2010/EFTA01648573.pdf,True,yes,0,1.1,272x480,Video (no speech detected); 272x480; 1s
EFTA01648574,10,mp4,video,26581558,25.35,https://www.justice.gov/epstein/files/DataSet%2010/EFTA01648574.pdf,True,yes,0,84.5,1080x1920,Video (no speech detected); 1080x1920; 1.4min
EFTA01648575,10,mp4,video,79658,0.08,https://www.justice.gov/epstein/files/DataSet%2010/EFTA01648575.pdf,True,yes,0,11.0,320x568,Video (no speech detected); 320x568; 11s
EFTA01648576,10,mp4,video,1377485,1.31,https://www.justice.gov/epstein/files/DataSet%2010/EFTA01648576.pdf,True,yes,0,27.2,400x400,Video (no speech detected); 400x400; 27s
EFTA01648577,10,mp4,video,26309440,25.09,https://www.justice.gov/epstein/files/DataSet%2010/EFTA01648577.pdf,True,yes,0,142.3,1080x1920,Video (no speech detected); 1080x1920; 2.4min
EFTA01648578,10,mp4,video,930397,0.89,https://www.justice.gov/epstein/files/DataSet%2010/EFTA01648578.pdf,True,yes,0,43.9,320x240,Video (no speech detected); 320x240; 44s
EFTA01648579,10,mp4,video,2281612,2.18,https://www.justice.gov/epstein/files/DataSet%2010/EFTA01648579.pdf,True,yes,0,62.8,640x480,Video (no speech detected); 640x480; 1.0min
EFTA01648580,10,mp4,video,32674432,31.16,https://www.justice.gov/epstein/files/DataSet%2010/EFTA01648580.pdf,True,yes,0,42.0,1920x1080,Video (no speech detected); 1920x1080; 42s
EFTA01648581,10,mp4,video,25145056,23.98,https://www.justice.gov/epstein/files/DataSet%2010/EFTA01648581.pdf,True,yes,0,106.6,1080x1920,Video (no speech detected); 1080x1920; 1.8min
EFTA01648582,10,mp4,video,297444,0.28,https://www.justice.gov/epstein/files/DataSet%2010/EFTA01648582.pdf,True,yes,0,11.7,352x640,Video (no speech detected); 352x640; 12s
EFTA01648583,10,mp4,video,1303875,1.24,https://www.justice.gov/epstein/files/DataSet%2010/EFTA01648583.pdf,True,yes,0,121.7,352x640,Video (no speech detected); 352x640; 2.0min
EFTA01648584,10,mp4,video,2577097,2.46,https://www.justice.gov/epstein/files/DataSet%2010/EFTA01648584.pdf,True,yes,4,127.2,416x240,Video with speech (4 words transcribed); 416x240; 2.1min
EFTA01648585,10,mp4,video,5148618,4.91,https://www.justice.gov/epstein/files/DataSet%2010/EFTA01648585.pdf,True,yes,0,102.3,480x268,Video (no speech detected); 480x268; 1.7min
EFTA01648586,10,mp4,video,507020,0.48,https://www.justice.gov/epstein/files/DataSet%2010/EFTA01648586.pdf,True,yes,3,37.9,320x240,Video with speech (3 words transcribed); 320x240; 38s
EFTA01648587,10,mp4,video,2584683,2.46,https://www.justice.gov/epstein/files/DataSet%2010/EFTA01648587.pdf,True,yes,1,288.0,640x368,Video with speech (1 words transcribed); 640x368; 4.8min
EFTA01648588,10,mp4,video,352795,0.34,https://www.justice.gov/epstein/files/DataSet%2010/EFTA01648588.pdf,True,yes,0,31.3,320x240,Video (no speech detected); 320x240; 31s
EFTA01648589,10,mp4,video,6715552,6.4,https://www.justice.gov/epstein/files/DataSet%2010/EFTA01648589.pdf,True,yes,0,28.1,1080x1920,Video (no speech detected); 1080x1920; 28s
EFTA01648590,10,mp4,video,908541,0.87,https://www.justice.gov/epstein/files/DataSet%2010/EFTA01648590.pdf,True,yes,0,155.3,264x480,Video (no speech detected); 264x480; 2.6min
EFTA01648591,10,mp4,video,13876224,13.23,https://www.justice.gov/epstein/files/DataSet%2010/EFTA01648591.pdf,True,yes,0,64.7,1080x1920,Video (no speech detected); 1080x1920; 1.1min
EFTA01648592,10,mp4,video,275031,0.26,https://www.justice.gov/epstein/files/DataSet%2010/EFTA01648592.pdf,True,yes,0,1.9,854x480,Video (no speech detected); 854x480; 2s
EFTA01648593,10,mp4,video,2136217,2.04,https://www.justice.gov/epstein/files/DataSet%2010/EFTA01648593.pdf,True,yes,0,27.7,640x480,Video (no speech detected); 640x480; 28s
EFTA01648594,10,mp4,video,751087,0.72,https://www.justice.gov/epstein/files/DataSet%2010/EFTA01648594.pdf,True,yes,0,3.0,540x720,Video (no speech detected); 540x720; 3s
EFTA01648595,10,mp4,video,13848483,13.21,https://www.justice.gov/epstein/files/DataSet%2010/EFTA01648595.pdf,True,yes,0,95.4,1080x1920,Video (no speech detected); 1080x1920; 1.6min
EFTA01648596,10,mp4,video,32664567,31.15,https://www.justice.gov/epstein/files/DataSet%2010/EFTA01648596.pdf,True,yes,0,109.9,1920x1080,Video (no speech detected); 1920x1080; 1.8min
EFTA01648597,10,mp4,video,6783932,6.47,https://www.justice.gov/epstein/files/DataSet%2010/EFTA01648597.pdf,True,yes,0,125.6,1920x1080,Video (no speech detected); 1920x1080; 2.1min
EFTA01648598,10,mp4,video,3850408,3.67,https://www.justice.gov/epstein/files/DataSet%2010/EFTA01648598.pdf,True,yes,0,76.3,1920x1080,Video (no speech detected); 1920x1080; 1.3min
EFTA01648599,10,mp4,video,22303638,21.27,https://www.justice.gov/epstein/files/DataSet%2010/EFTA01648599.pdf,True,yes,0,158.1,1920x1080,Video (no speech detected); 1920x1080; 2.6min
EFTA01648600,10,mp4,video,56788597,54.16,https://www.justice.gov/epstein/files/DataSet%2010/EFTA01648600.pdf,True,yes,0,137.6,1080x1920,Video (no speech detected); 1080x1920; 2.3min
EFTA01648601,10,mp4,video,53518743,51.04,https://www.justice.gov/epstein/files/DataSet%2010/EFTA01648601.pdf,True,yes,0,222.0,1080x1920,Video (no speech detected); 1080x1920; 3.7min
EFTA01648602,10,mp4,video,14512943,13.84,https://www.justice.gov/epstein/files/DataSet%2010/EFTA01648602.pdf,True,yes,0,37.1,1920x1080,Video (no speech detected); 1920x1080; 37s
EFTA01648603,10,mp4,video,142508,0.14,https://www.justice.gov/epstein/files/DataSet%2010/EFTA01648603.pdf,True,yes,0,19.0,568x320,Video (no speech detected); 568x320; 19s
EFTA01648604,10,mp4,video,27555135,26.28,https://www.justice.gov/epstein/files/DataSet%2010/EFTA01648604.pdf,True,yes,0,107.4,1080x1920,Video (no speech detected); 1080x1920; 1.8min
EFTA01648605,10,mp4,video,82796,0.08,https://www.justice.gov/epstein/files/DataSet%2010/EFTA01648605.pdf,False,,,107.4,640x480,Silent surveillance video; 640x480; 1.8min
EFTA01648606,10,mp4,video,92793,0.09,https://www.justice.gov/epstein/files/DataSet%2010/EFTA01648606.pdf,True,yes,0,19.0,320x568,Video (no speech detected); 320x568; 19s
EFTA01648607,10,mp4,video,88261,0.08,https://www.justice.gov/epstein/files/DataSet%2010/EFTA01648607.pdf,True,yes,0,19.0,320x568,Video (no speech detected); 320x568; 19s
EFTA01648608,10,mp4,video,492204,0.47,https://www.justice.gov/epstein/files/DataSet%2010/EFTA01648608.pdf,True,yes,0,36.8,480x640,Video (no speech detected); 480x640; 37s
EFTA01648609,10,mp4,video,144995,0.14,https://www.justice.gov/epstein/files/DataSet%2010/EFTA01648609.pdf,True,yes,0,11.2,720x1280,Video (no speech detected); 720x1280; 11s
EFTA01648610,10,mp4,video,49675,0.05,https://www.justice.gov/epstein/files/DataSet%2010/EFTA01648610.pdf,False,,,12.8,720x1280,Silent surveillance video; 720x1280; 13s
EFTA01648611,10,mp4,video,2883378,2.75,https://www.justice.gov/epstein/files/DataSet%2010/EFTA01648611.pdf,True,yes,0,39.6,488x960,Video (no speech detected); 488x960; 40s
EFTA01648612,10,mp4,video,100135,0.1,https://www.justice.gov/epstein/files/DataSet%2010/EFTA01648612.pdf,True,yes,0,18.0,320x568,Video (no speech detected); 320x568; 18s
EFTA01648613,10,mp4,video,313025,0.3,https://www.justice.gov/epstein/files/DataSet%2010/EFTA01648613.pdf,True,yes,0,19.0,320x568,Video (no speech detected); 320x568; 19s
EFTA01648614,10,mp4,video,900008,0.86,https://www.justice.gov/epstein/files/DataSet%2010/EFTA01648614.pdf,True,yes,9,12.5,720x1282,Video with speech (9 words transcribed); 720x1282; 12s
EFTA01648615,10,mp4,video,11604904,11.07,https://www.justice.gov/epstein/files/DataSet%2010/EFTA01648615.pdf,True,yes,0,31.6,1080x1920,Video (no speech detected); 1080x1920; 32s
EFTA01648616,10,mp4,video,2967300,2.83,https://www.justice.gov/epstein/files/DataSet%2010/EFTA01648616.pdf,True,yes,0,18.6,1080x1920,Video (no speech detected); 1080x1920; 19s
EFTA01648617,10,mp4,video,10985802,10.48,https://www.justice.gov/epstein/files/DataSet%2010/EFTA01648617.pdf,True,yes,0,68.2,720x1280,Video (no speech detected); 720x1280; 1.1min
EFTA01648618,10,mp4,video,1805892,1.72,https://www.justice.gov/epstein/files/DataSet%2010/EFTA01648618.pdf,True,yes,0,31.5,720x1280,Video (no speech detected); 720x1280; 32s
EFTA01648619,10,mp4,video,463645,0.44,https://www.justice.gov/epstein/files/DataSet%2010/EFTA01648619.pdf,True,yes,0,2.0,960x720,Video (no speech detected); 960x720; 2s
EFTA01648620,10,mp4,video,66445467,63.37,https://www.justice.gov/epstein/files/DataSet%2010/EFTA01648620.pdf,True,yes,0,189.6,1920x1080,Video (no speech detected); 1920x1080; 3.2min
EFTA01648621,10,mp4,video,2813093,2.68,https://www.justice.gov/epstein/files/DataSet%2010/EFTA01648621.pdf,True,yes,0,46.0,720x1280,Video (no speech detected); 720x1280; 46s
EFTA01648622,10,mp4,video,496517,0.47,https://www.justice.gov/epstein/files/DataSet%2010/EFTA01648622.pdf,True,yes,0,10.9,480x270,Video (no speech detected); 480x270; 11s
EFTA01648623,10,mp4,video,4963812,4.73,https://www.justice.gov/epstein/files/DataSet%2010/EFTA01648623.pdf,True,yes,0,8.0,1080x1920,Video (no speech detected); 1080x1920; 8s
EFTA01648624,10,mp4,video,361876,0.35,https://www.justice.gov/epstein/files/DataSet%2010/EFTA01648624.pdf,True,yes,0,2.8,720x960,Video (no speech detected); 720x960; 3s
EFTA01648625,10,mp4,video,124170723,118.42,https://www.justice.gov/epstein/files/DataSet%2010/EFTA01648625.pdf,True,yes,0,179.6,1080x1920,Video (no speech detected); 1080x1920; 3.0min
EFTA01648626,10,mp4,video,139197,0.13,https://www.justice.gov/epstein/files/DataSet%2010/EFTA01648626.pdf,True,yes,0,13.1,568x320,Video (no speech detected); 568x320; 13s
EFTA01648627,10,mp4,video,157627,0.15,https://www.justice.gov/epstein/files/DataSet%2010/EFTA01648627.pdf,True,yes,0,15.1,568x320,Video (no speech detected); 568x320; 15s
EFTA01648628,10,mp4,video,182821,0.17,https://www.justice.gov/epstein/files/DataSet%2010/EFTA01648628.pdf,True,yes,0,18.1,320x568,Video (no speech detected); 320x568; 18s
EFTA01648629,10,mp4,video,673986,0.64,https://www.justice.gov/epstein/files/DataSet%2010/EFTA01648629.pdf,True,yes,0,27.3,480x640,Video (no speech detected); 480x640; 27s
EFTA01648630,10,mp4,video,348752,0.33,https://www.justice.gov/epstein/files/DataSet%2010/EFTA01648630.pdf,True,yes,0,1.0,720x1280,Video (no speech detected); 720x1280; 1s
EFTA01648631,10,mp4,video,162681,0.16,https://www.justice.gov/epstein/files/DataSet%2010/EFTA01648631.pdf,True,yes,6,14.5,720x1280,Video with speech (6 words transcribed); 720x1280; 14s
EFTA01648632,10,mp4,video,808045,0.77,https://www.justice.gov/epstein/files/DataSet%2010/EFTA01648632.pdf,True,yes,0,2.9,568x320,Video (no speech detected); 568x320; 3s
EFTA01648633,10,mp4,video,242130,0.23,https://www.justice.gov/epstein/files/DataSet%2010/EFTA01648633.pdf,True,yes,0,18.0,320x568,Video (no speech detected); 320x568; 18s
EFTA01648634,10,mp4,video,3861802,3.68,https://www.justice.gov/epstein/files/DataSet%2010/EFTA01648634.pdf,True,yes,4,54.4,720x1280,Video with speech (4 words transcribed); 720x1280; 54s
EFTA01648635,10,mp4,video,1203679,1.15,https://www.justice.gov/epstein/files/DataSet%2010/EFTA01648635.pdf,True,yes,4,54.1,272x480,Video with speech (4 words transcribed); 272x480; 54s
EFTA01648636,10,mp4,video,638751,0.61,https://www.justice.gov/epstein/files/DataSet%2010/EFTA01648636.pdf,True,yes,1,36.6,272x480,Video with speech (1 words transcribed); 272x480; 37s
EFTA01648637,10,mp4,video,42703,0.04,https://www.justice.gov/epstein/files/DataSet%2010/EFTA01648637.pdf,False,,,54.3,640x480,Silent surveillance video; 640x480; 54s
EFTA01648638,10,mp4,video,3332492,3.18,https://www.justice.gov/epstein/files/DataSet%2010/EFTA01648638.pdf,True,yes,0,47.4,720x1280,Video (no speech detected); 720x1280; 47s
EFTA01648639,10,mp4,video,968488,0.92,https://www.justice.gov/epstein/files/DataSet%2010/EFTA01648639.pdf,True,yes,0,47.4,272x480,Video (no speech detected); 272x480; 47s
EFTA01648640,10,mp4,video,851553,0.81,https://www.justice.gov/epstein/files/DataSet%2010/EFTA01648640.pdf,True,yes,0,47.4,272x480,Video (no speech detected); 272x480; 47s
EFTA01648641,10,mp4,video,37461,0.04,https://www.justice.gov/epstein/files/DataSet%2010/EFTA01648641.pdf,False,,,47.4,640x480,Silent surveillance video; 640x480; 47s
EFTA01648642,10,mp4,video,842315,0.8,https://www.justice.gov/epstein/files/DataSet%2010/EFTA01648642.pdf,True,yes,5,9.4,1920x1080,Video with speech (5 words transcribed); 1920x1080; 9s
EFTA01648643,10,mp4,video,8808,0.01,https://www.justice.gov/epstein/files/DataSet%2010/EFTA01648643.pdf,False,,,9.5,640x480,Silent surveillance video; 640x480; 10s
EFTA01648644,10,mp4,video,3139286,2.99,https://www.justice.gov/epstein/files/DataSet%2010/EFTA01648644.pdf,True,yes,45,30.6,1080x1920,Video with speech (45 words transcribed); 1080x1920; 31s
EFTA01648645,10,mp4,video,24734,0.02,https://www.justice.gov/epstein/files/DataSet%2010/EFTA01648645.pdf,False,,,30.6,640x480,Silent surveillance video; 640x480; 31s
EFTA01648646,10,mp4,video,24734,0.02,https://www.justice.gov/epstein/files/DataSet%2010/EFTA01648646.pdf,False,,,30.6,640x480,Silent surveillance video; 640x480; 31s
EFTA01648647,10,mp4,video,14292639,13.63,https://www.justice.gov/epstein/files/DataSet%2010/EFTA01648647.pdf,True,yes,4,25.8,1080x1920,Video with speech (4 words transcribed); 1080x1920; 26s
EFTA01648648,10,mp4,video,21104,0.02,https://www.justice.gov/epstein/files/DataSet%2010/EFTA01648648.pdf,False,,,25.8,640x480,Silent surveillance video; 640x480; 26s
EFTA01648649,10,mp4,video,21104,0.02,https://www.justice.gov/epstein/files/DataSet%2010/EFTA01648649.pdf,False,,,25.8,640x480,Silent surveillance video; 640x480; 26s
EFTA01648650,10,mp4,video,1369365,1.31,https://www.justice.gov/epstein/files/DataSet%2010/EFTA01648650.pdf,True,yes,19,8.6,1080x1920,Video with speech (19 words transcribed); 1080x1920; 9s
EFTA01648651,10,mp4,video,546843,0.52,https://www.justice.gov/epstein/files/DataSet%2010/EFTA01648651.pdf,True,yes,13,4.7,1080x1920,Video with speech (13 words transcribed); 1080x1920; 5s
EFTA01648652,10,mp4,video,354006,0.34,https://www.justice.gov/epstein/files/DataSet%2010/EFTA01648652.pdf,True,yes,0,1.0,1080x1920,Video (no speech detected); 1080x1920; 1s
EFTA01648653,10,mp4,video,476927,0.45,https://www.justice.gov/epstein/files/DataSet%2010/EFTA01648653.pdf,True,yes,0,2.9,1080x1920,Video (no speech detected); 1080x1920; 3s
EFTA01648654,10,mp4,video,3299816,3.15,https://www.justice.gov/epstein/files/DataSet%2010/EFTA01648654.pdf,True,yes,14,41.3,1080x1920,Video with speech (14 words transcribed); 1080x1920; 41s
EFTA01648655,10,mp4,video,1316830,1.26,https://www.justice.gov/epstein/files/DataSet%2010/EFTA01648655.pdf,True,yes,0,2.7,1080x1920,Video (no speech detected); 1080x1920; 3s
EFTA01648656,10,mp4,video,1567267,1.49,https://www.justice.gov/epstein/files/DataSet%2010/EFTA01648656.pdf,True,yes,0,19.5,1920x1080,Video (no speech detected); 1920x1080; 20s
EFTA01648657,10,mp4,video,1866273,1.78,https://www.justice.gov/epstein/files/DataSet%2010/EFTA01648657.pdf,True,yes,4,69.6,480x480,Video with speech (4 words transcribed); 480x480; 1.2min
EFTA01648658,10,mp4,video,202981,0.19,https://www.justice.gov/epstein/files/DataSet%2010/EFTA01648658.pdf,True,yes,0,17.1,320x568,Video (no speech detected); 320x568; 17s
EFTA01648659,10,mp4,video,458015,0.44,https://www.justice.gov/epstein/files/DataSet%2010/EFTA01648659.pdf,True,yes,0,18.0,320x568,Video (no speech detected); 320x568; 18s
EFTA01648660,10,mp4,video,1527059,1.46,https://www.justice.gov/epstein/files/DataSet%2010/EFTA01648660.pdf,True,yes,0,4.1,1080x1920,Video (no speech detected); 1080x1920; 4s
EFTA01648661,10,mp4,video,116508268,111.11,https://www.justice.gov/epstein/files/DataSet%2010/EFTA01648661.pdf,True,yes,0,607.5,1920x1080,Video (no speech detected); 1920x1080; 10.1min
EFTA01648662,10,mp4,video,758329,0.72,https://www.justice.gov/epstein/files/DataSet%2010/EFTA01648662.pdf,True,yes,22,31.3,352x640,Video with speech (22 words transcribed); 352x640; 31s
EFTA01648663,10,mp4,video,972954,0.93,https://www.justice.gov/epstein/files/DataSet%2010/EFTA01648663.pdf,True,yes,6,51.4,320x568,Video with speech (6 words transcribed); 320x568; 51s
EFTA01648664,10,mp4,video,1176611,1.12,https://www.justice.gov/epstein/files/DataSet%2010/EFTA01648664.pdf,True,yes,3,54.0,568x320,Video with speech (3 words transcribed); 568x320; 54s
EFTA01648665,10,mp4,video,2011324,1.92,https://www.justice.gov/epstein/files/DataSet%2010/EFTA01648665.pdf,True,yes,0,39.6,1280x720,Video (no speech detected); 1280x720; 40s
EFTA01648666,10,mp4,video,21438760,20.45,https://www.justice.gov/epstein/files/DataSet%2010/EFTA01648666.pdf,True,yes,19,171.7,1080x1920,Video with speech (19 words transcribed); 1080x1920; 2.9min
EFTA01648667,10,mp4,video,7341249,7.0,https://www.justice.gov/epstein/files/DataSet%2010/EFTA01648667.pdf,True,yes,0,65.3,1080x1920,Video (no speech detected); 1080x1920; 1.1min
EFTA01648668,10,mp4,video,144327,0.14,https://www.justice.gov/epstein/files/DataSet%2010/EFTA01648668.pdf,True,yes,0,6.1,320x568,Video (no speech detected); 320x568; 6s
EFTA01648669,10,mp4,video,292170,0.28,https://www.justice.gov/epstein/files/DataSet%2010/EFTA01648669.pdf,True,yes,0,14.0,320x568,Video (no speech detected); 320x568; 14s
EFTA01648670,10,mp4,video,599245,0.57,https://www.justice.gov/epstein/files/DataSet%2010/EFTA01648670.pdf,True,yes,0,3.0,720x960,Video (no speech detected); 720x960; 3s
EFTA01648671,10,mp4,video,1168826,1.11,https://www.justice.gov/epstein/files/DataSet%2010/EFTA01648671.pdf,True,yes,0,10.7,1280x720,Video (no speech detected); 1280x720; 11s
EFTA01648672,10,mp4,video,376745,0.36,https://www.justice.gov/epstein/files/DataSet%2010/EFTA01648672.pdf,True,yes,0,18.1,320x568,Video (no speech detected); 320x568; 18s
EFTA01648673,10,mp4,video,20746919,19.79,https://www.justice.gov/epstein/files/DataSet%2010/EFTA01648673.pdf,True,yes,0,96.2,1080x1920,Video (no speech detected); 1080x1920; 1.6min
EFTA01648674,10,mp4,video,32428749,30.93,https://www.justice.gov/epstein/files/DataSet%2010/EFTA01648674.pdf,True,yes,7,134.7,1080x1920,Video with speech (7 words transcribed); 1080x1920; 2.2min
EFTA01648675,10,mp4,video,24383924,23.25,https://www.justice.gov/epstein/files/DataSet%2010/EFTA01648675.pdf,True,yes,29,144.5,1080x1920,Video with speech (29 words transcribed); 1080x1920; 2.4min
EFTA01648676,10,mp4,video,13230666,12.62,https://www.justice.gov/epstein/files/DataSet%2010/EFTA01648676.pdf,True,yes,11,68.4,1080x1920,Video with speech (11 words transcribed); 1080x1920; 1.1min
EFTA01648677,10,mp4,video,10772417,10.27,https://www.justice.gov/epstein/files/DataSet%2010/EFTA01648677.pdf,True,yes,0,64.7,1080x1920,Video (no speech detected); 1080x1920; 1.1min
EFTA01648678,10,mp4,video,28235108,26.93,https://www.justice.gov/epstein/files/DataSet%2010/EFTA01648678.pdf,True,yes,0,170.5,1080x1920,Video (no speech detected); 1080x1920; 2.8min
EFTA01648679,10,mp4,video,21480598,20.49,https://www.justice.gov/epstein/files/DataSet%2010/EFTA01648679.pdf,True,yes,5,144.4,1080x1920,Video with speech (5 words transcribed); 1080x1920; 2.4min
EFTA01648680,10,mp4,video,29752016,28.37,https://www.justice.gov/epstein/files/DataSet%2010/EFTA01648680.pdf,True,yes,0,142.3,1080x1920,Video (no speech detected); 1080x1920; 2.4min
EFTA01648681,10,mp4,video,33011220,31.48,https://www.justice.gov/epstein/files/DataSet%2010/EFTA01648681.pdf,True,yes,0,142.3,1080x1920,Video (no speech detected); 1080x1920; 2.4min
EFTA01648682,10,mp4,video,11604518,11.07,https://www.justice.gov/epstein/files/DataSet%2010/EFTA01648682.pdf,True,yes,18,61.9,1080x1920,Video with speech (18 words transcribed); 1080x1920; 1.0min
EFTA01648683,10,mp4,video,10402865,9.92,https://www.justice.gov/epstein/files/DataSet%2010/EFTA01648683.pdf,True,yes,18,61.9,1080x1920,Video with speech (18 words transcribed); 1080x1920; 1.0min
EFTA01648684,10,mp4,video,11046603,10.53,https://www.justice.gov/epstein/files/DataSet%2010/EFTA01648684.pdf,True,yes,18,61.9,1080x1920,Video with speech (18 words transcribed); 1080x1920; 1.0min
EFTA01648685,10,mp4,video,475629,0.45,https://www.justice.gov/epstein/files/DataSet%2010/EFTA01648685.pdf,True,yes,0,19.0,320x568,Video (no speech detected); 320x568; 19s
EFTA01648686,10,mp4,video,42575767,40.6,https://www.justice.gov/epstein/files/DataSet%2010/EFTA01648686.pdf,True,yes,0,201.6,1080x1920,Video (no speech detected); 1080x1920; 3.4min
EFTA01648687,10,mp4,video,42383069,40.42,https://www.justice.gov/epstein/files/DataSet%2010/EFTA01648687.pdf,True,yes,0,200.3,1080x1920,Video (no speech detected); 1080x1920; 3.3min
EFTA01648688,10,mp4,video,49810428,47.5,https://www.justice.gov/epstein/files/DataSet%2010/EFTA01648688.pdf,True,yes,0,198.7,1080x1920,Video (no speech detected); 1080x1920; 3.3min
EFTA01648689,10,mp4,video,29727917,28.35,https://www.justice.gov/epstein/files/DataSet%2010/EFTA01648689.pdf,True,yes,8,154.0,1080x1920,Video with speech (8 words transcribed); 1080x1920; 2.6min
EFTA01648690,10,mp4,video,21959295,20.94,https://www.justice.gov/epstein/files/DataSet%2010/EFTA01648690.pdf,True,yes,0,94.4,1080x1920,Video (no speech detected); 1080x1920; 1.6min
EFTA01648691,10,mp4,video,89106562,84.98,https://www.justice.gov/epstein/files/DataSet%2010/EFTA01648691.pdf,True,yes,0,345.8,1080x1920,Video (no speech detected); 1080x1920; 5.8min
EFTA01648692,10,mp4,video,90243249,86.06,https://www.justice.gov/epstein/files/DataSet%2010/EFTA01648692.pdf,True,yes,0,207.9,1080x1920,Video (no speech detected); 1080x1920; 3.5min
EFTA01648693,10,mp4,video,86923699,82.9,https://www.justice.gov/epstein/files/DataSet%2010/EFTA01648693.pdf,True,yes,0,207.9,1080x1920,Video (no speech detected); 1080x1920; 3.5min
EFTA01648694,10,mp4,video,38477600,36.7,https://www.justice.gov/epstein/files/DataSet%2010/EFTA01648694.pdf,True,yes,67,126.5,1080x1920,Video with speech (67 words transcribed); 1080x1920; 2.1min
EFTA01648695,10,mp4,video,28539586,27.22,https://www.justice.gov/epstein/files/DataSet%2010/EFTA01648695.pdf,True,yes,4,58.6,1080x1920,Video with speech (4 words transcribed); 1080x1920; 59s
EFTA01648696,10,mp4,video,535957,0.51,https://www.justice.gov/epstein/files/DataSet%2010/EFTA01648696.pdf,True,yes,0,18.0,320x568,Video (no speech detected); 320x568; 18s
EFTA01648697,10,mp4,video,692553,0.66,https://www.justice.gov/epstein/files/DataSet%2010/EFTA01648697.pdf,True,yes,0,19.0,320x568,Video (no speech detected); 320x568; 19s
EFTA01648698,10,mp4,video,2268726,2.16,https://www.justice.gov/epstein/files/DataSet%2010/EFTA01648698.pdf,True,yes,0,18.9,320x568,Video (no speech detected); 320x568; 19s
EFTA01648699,10,mp4,video,552705,0.53,https://www.justice.gov/epstein/files/DataSet%2010/EFTA01648699.pdf,True,yes,0,15.1,320x568,Video (no speech detected); 320x568; 15s
EFTA01648700,10,mp4,video,454223,0.43,https://www.justice.gov/epstein/files/DataSet%2010/EFTA01648700.pdf,True,yes,0,18.0,320x568,Video (no speech detected); 320x568; 18s
EFTA01648701,10,mp4,video,52500523,50.07,https://www.justice.gov/epstein/files/DataSet%2010/EFTA01648701.pdf,True,yes,0,155.5,1080x1920,Video (no speech detected); 1080x1920; 2.6min
EFTA01648702,10,mp4,video,655404,0.63,https://www.justice.gov/epstein/files/DataSet%2010/EFTA01648702.pdf,True,yes,0,1.0,1080x1920,Video (no speech detected); 1080x1920; 1s
EFTA01648703,10,mp4,video,9491924,9.05,https://www.justice.gov/epstein/files/DataSet%2010/EFTA01648703.pdf,True,yes,0,68.0,1280x720,Video (no speech detected); 1280x720; 1.1min
EFTA01648704,10,mp4,video,428678,0.41,https://www.justice.gov/epstein/files/DataSet%2010/EFTA01648704.pdf,True,yes,0,18.6,720x1280,Video (no speech detected); 720x1280; 19s
EFTA01648705,10,mp4,video,237630,0.23,https://www.justice.gov/epstein/files/DataSet%2010/EFTA01648705.pdf,True,yes,0,19.0,320x568,Video (no speech detected); 320x568; 19s
EFTA01648706,10,mp4,video,469791,0.45,https://www.justice.gov/epstein/files/DataSet%2010/EFTA01648706.pdf,True,yes,0,3.9,568x320,Video (no speech detected); 568x320; 4s
EFTA01648707,10,mp4,video,33896059,32.33,https://www.justice.gov/epstein/files/DataSet%2010/EFTA01648707.pdf,True,yes,0,139.1,1280x720,Video (no speech detected); 1280x720; 2.3min
EFTA01648708,10,mp4,video,61622374,58.77,https://www.justice.gov/epstein/files/DataSet%2010/EFTA01648708.pdf,True,yes,0,180.3,1080x1920,Video (no speech detected); 1080x1920; 3.0min
EFTA01648709,10,mp4,video,239610,0.23,https://www.justice.gov/epstein/files/DataSet%2010/EFTA01648709.pdf,True,yes,0,19.0,320x568,Video (no speech detected); 320x568; 19s
EFTA01648710,10,mp4,video,330811,0.32,https://www.justice.gov/epstein/files/DataSet%2010/EFTA01648710.pdf,True,yes,0,16.0,320x568,Video (no speech detected); 320x568; 16s
EFTA01648711,10,mp4,video,1688265,1.61,https://www.justice.gov/epstein/files/DataSet%2010/EFTA01648711.pdf,True,yes,0,40.2,320x568,Video (no speech detected); 320x568; 40s
EFTA01648712,10,mp4,video,90363370,86.18,https://www.justice.gov/epstein/files/DataSet%2010/EFTA01648712.pdf,True,yes,0,207.9,1080x1920,Video (no speech detected); 1080x1920; 3.5min
EFTA01648713,10,mp4,video,39984478,38.13,https://www.justice.gov/epstein/files/DataSet%2010/EFTA01648713.pdf,True,yes,4,420.0,1280x720,Video with speech (4 words transcribed); 1280x720; 7.0min
EFTA01648714,10,mp4,video,97565109,93.05,https://www.justice.gov/epstein/files/DataSet%2010/EFTA01648714.pdf,True,yes,0,345.8,1080x1920,Video (no speech detected); 1080x1920; 5.8min
EFTA01648715,10,mp4,video,1195111,1.14,https://www.justice.gov/epstein/files/DataSet%2010/EFTA01648715.pdf,True,yes,0,2.9,1080x1440,Video (no speech detected); 1080x1440; 3s
EFTA01648716,10,mp4,video,1297913,1.24,https://www.justice.gov/epstein/files/DataSet%2010/EFTA01648716.pdf,True,yes,0,3.7,1080x1440,Video (no speech detected); 1080x1440; 4s
EFTA01648717,10,mp4,video,1089933,1.04,https://www.justice.gov/epstein/files/DataSet%2010/EFTA01648717.pdf,True,yes,0,3.0,1080x1440,Video (no speech detected); 1080x1440; 3s
EFTA01648718,10,mp4,video,707923,0.68,https://www.justice.gov/epstein/files/DataSet%2010/EFTA01648718.pdf,True,yes,0,2.0,1080x1440,Video (no speech detected); 1080x1440; 2s
EFTA01648719,10,mp4,video,1586038,1.51,https://www.justice.gov/epstein/files/DataSet%2010/EFTA01648719.pdf,True,yes,0,2.9,1080x1440,Video (no speech detected); 1080x1440; 3s
EFTA01648720,10,mp4,video,881665,0.84,https://www.justice.gov/epstein/files/DataSet%2010/EFTA01648720.pdf,True,yes,0,1.8,1080x1440,Video (no speech detected); 1080x1440; 2s
EFTA01648721,10,mp4,video,792334,0.76,https://www.justice.gov/epstein/files/DataSet%2010/EFTA01648721.pdf,True,yes,0,2.0,1080x1440,Video (no speech detected); 1080x1440; 2s
EFTA01648722,10,mp4,video,799446,0.76,https://www.justice.gov/epstein/files/DataSet%2010/EFTA01648722.pdf,True,yes,0,2.9,1440x1080,Video (no speech detected); 1440x1080; 3s
EFTA01648723,10,mp4,video,565462,0.54,https://www.justice.gov/epstein/files/DataSet%2010/EFTA01648723.pdf,True,yes,0,2.0,1440x1080,Video (no speech detected); 1440x1080; 2s
EFTA01648724,10,mp4,video,534317,0.51,https://www.justice.gov/epstein/files/DataSet%2010/EFTA01648724.pdf,True,yes,0,2.7,1080x1440,Video (no speech detected); 1080x1440; 3s
EFTA01648725,10,mp4,video,427962,0.41,https://www.justice.gov/epstein/files/DataSet%2010/EFTA01648725.pdf,True,yes,0,2.7,1080x1440,Video (no speech detected); 1080x1440; 3s
EFTA01648726,10,mp4,video,494074,0.47,https://www.justice.gov/epstein/files/DataSet%2010/EFTA01648726.pdf,True,yes,0,2.9,1080x1440,Video (no speech detected); 1080x1440; 3s
EFTA01648727,10,mp4,video,444902,0.42,https://www.justice.gov/epstein/files/DataSet%2010/EFTA01648727.pdf,True,yes,0,3.0,1080x1440,Video (no speech detected); 1080x1440; 3s
EFTA01648728,10,mp4,video,730050,0.7,https://www.justice.gov/epstein/files/DataSet%2010/EFTA01648728.pdf,True,yes,0,3.0,1080x1440,Video (no speech detected); 1080x1440; 3s
EFTA01648729,10,mp4,video,693780,0.66,https://www.justice.gov/epstein/files/DataSet%2010/EFTA01648729.pdf,True,yes,0,3.0,1080x1440,Video (no speech detected); 1080x1440; 3s
EFTA01648730,10,mp4,video,899782,0.86,https://www.justice.gov/epstein/files/DataSet%2010/EFTA01648730.pdf,True,yes,0,3.0,1080x1440,Video (no speech detected); 1080x1440; 3s
EFTA01648731,10,mp4,video,285498,0.27,https://www.justice.gov/epstein/files/DataSet%2010/EFTA01648731.pdf,True,yes,0,2.1,1080x1440,Video (no speech detected); 1080x1440; 2s
EFTA01648732,10,mp4,video,1684294,1.61,https://www.justice.gov/epstein/files/DataSet%2010/EFTA01648732.pdf,True,yes,7,3.0,1080x1440,Video with speech (7 words transcribed); 1080x1440; 3s
EFTA01648733,10,mp4,video,937566,0.89,https://www.justice.gov/epstein/files/DataSet%2010/EFTA01648733.pdf,True,yes,2,2.0,1080x1440,Video with speech (2 words transcribed); 1080x1440; 2s
EFTA01648734,10,mp4,video,1096546,1.05,https://www.justice.gov/epstein/files/DataSet%2010/EFTA01648734.pdf,True,yes,3,2.9,1080x1440,Video with speech (3 words transcribed); 1080x1440; 3s
EFTA01648735,10,mp4,video,1107317,1.06,https://www.justice.gov/epstein/files/DataSet%2010/EFTA01648735.pdf,True,yes,0,2.9,1080x1440,Video (no speech detected); 1080x1440; 3s
EFTA01648736,10,mp4,video,963894,0.92,https://www.justice.gov/epstein/files/DataSet%2010/EFTA01648736.pdf,True,yes,0,3.0,1080x1440,Video (no speech detected); 1080x1440; 3s
EFTA01648737,10,mp4,video,915694,0.87,https://www.justice.gov/epstein/files/DataSet%2010/EFTA01648737.pdf,True,yes,0,3.0,1080x1440,Video (no speech detected); 1080x1440; 3s
EFTA01648738,10,mp4,video,1148782,1.1,https://www.justice.gov/epstein/files/DataSet%2010/EFTA01648738.pdf,True,yes,0,3.2,1080x1440,Video (no speech detected); 1080x1440; 3s
EFTA01648739,10,mp4,video,1184936,1.13,https://www.justice.gov/epstein/files/DataSet%2010/EFTA01648739.pdf,True,yes,0,2.9,1080x1440,Video (no speech detected); 1080x1440; 3s
EFTA01648740,10,mp4,video,1341901,1.28,https://www.justice.gov/epstein/files/DataSet%2010/EFTA01648740.pdf,True,yes,0,3.0,1080x1440,Video (no speech detected); 1080x1440; 3s
EFTA01648741,10,mp4,video,672921,0.64,https://www.justice.gov/epstein/files/DataSet%2010/EFTA01648741.pdf,True,yes,0,2.3,854x480,Video (no speech detected); 854x480; 2s
EFTA01648742,10,mp4,video,1423004,1.36,https://www.justice.gov/epstein/files/DataSet%2010/EFTA01648742.pdf,True,yes,0,3.0,1080x1440,Video (no speech detected); 1080x1440; 3s
EFTA01648743,10,mp4,video,1414806,1.35,https://www.justice.gov/epstein/files/DataSet%2010/EFTA01648743.pdf,True,yes,0,2.9,1080x1440,Video (no speech detected); 1080x1440; 3s
EFTA01648744,10,mp4,video,1474161,1.41,https://www.justice.gov/epstein/files/DataSet%2010/EFTA01648744.pdf,True,yes,0,3.0,1080x1440,Video (no speech detected); 1080x1440; 3s
EFTA01648745,10,mp4,video,1125953,1.07,https://www.justice.gov/epstein/files/DataSet%2010/EFTA01648745.pdf,True,yes,2,2.8,1080x1440,Video with speech (2 words transcribed); 1080x1440; 3s
EFTA01648746,10,mp4,video,1284164,1.22,https://www.justice.gov/epstein/files/DataSet%2010/EFTA01648746.pdf,True,yes,0,3.0,1080x1440,Video (no speech detected); 1080x1440; 3s
EFTA01648747,10,mp4,video,440263,0.42,https://www.justice.gov/epstein/files/DataSet%2010/EFTA01648747.pdf,True,yes,0,1.5,854x480,Video (no speech detected); 854x480; 2s
EFTA01648748,10,mp4,video,444609,0.42,https://www.justice.gov/epstein/files/DataSet%2010/EFTA01648748.pdf,True,yes,0,1.6,1080x1440,Video (no speech detected); 1080x1440; 2s
EFTA01648749,10,mp4,video,753855,0.72,https://www.justice.gov/epstein/files/DataSet%2010/EFTA01648749.pdf,True,yes,0,9.9,360x640,Video (no speech detected); 360x640; 10s
EFTA01648750,10,mp4,video,1268962,1.21,https://www.justice.gov/epstein/files/DataSet%2010/EFTA01648750.pdf,True,yes,0,36.9,1080x1920,Video (no speech detected); 1080x1920; 37s
EFTA01648751,10,mp4,video,31803489,30.33,https://www.justice.gov/epstein/files/DataSet%2010/EFTA01648751.pdf,True,yes,3,154.0,1080x1920,Video with speech (3 words transcribed); 1080x1920; 2.6min
EFTA01648752,10,mp4,video,12249162,11.68,https://www.justice.gov/epstein/files/DataSet%2010/EFTA01648752.pdf,True,yes,99,76.1,1080x1920,Video with speech (99 words transcribed); 1080x1920; 1.3min
EFTA01648753,10,mp4,video,31757113,30.29,https://www.justice.gov/epstein/files/DataSet%2010/EFTA01648753.pdf,True,yes,0,197.3,1080x1920,Video (no speech detected); 1080x1920; 3.3min
EFTA01648754,10,mp4,video,15027891,14.33,https://www.justice.gov/epstein/files/DataSet%2010/EFTA01648754.pdf,True,yes,0,89.3,1080x1920,Video (no speech detected); 1080x1920; 1.5min
EFTA01648755,10,mp4,video,23436890,22.35,https://www.justice.gov/epstein/files/DataSet%2010/EFTA01648755.pdf,True,yes,0,142.8,1080x1920,Video (no speech detected); 1080x1920; 2.4min
EFTA01648756,10,mp4,video,16725928,15.95,https://www.justice.gov/epstein/files/DataSet%2010/EFTA01648756.pdf,True,yes,0,209.2,1920x1080,Video (no speech detected); 1920x1080; 3.5min
EFTA01648757,10,mp4,video,858829,0.82,https://www.justice.gov/epstein/files/DataSet%2010/EFTA01648757.pdf,True,yes,0,11.2,480x608,Video (no speech detected); 480x608; 11s
EFTA01648758,10,mp4,video,545308,0.52,https://www.justice.gov/epstein/files/DataSet%2010/EFTA01648758.pdf,True,yes,8,15.0,480x480,Video with speech (8 words transcribed); 480x480; 15s
EFTA01648759,10,mp4,video,13216586,12.6,https://www.justice.gov/epstein/files/DataSet%2010/EFTA01648759.pdf,True,yes,0,46.9,1920x1080,Video (no speech detected); 1920x1080; 47s
EFTA01648760,10,mp4,video,19482834,18.58,https://www.justice.gov/epstein/files/DataSet%2010/EFTA01648760.pdf,True,yes,0,79.3,1920x1080,Video (no speech detected); 1920x1080; 1.3min
EFTA01648761,10,mp4,video,13689238,13.06,https://www.justice.gov/epstein/files/DataSet%2010/EFTA01648761.pdf,True,yes,0,265.7,1920x1080,Video (no speech detected); 1920x1080; 4.4min
EFTA01648762,10,mp4,video,209655,0.2,https://www.justice.gov/epstein/files/DataSet%2010/EFTA01648762.pdf,True,yes,0,56.7,1920x1080,Video (no speech detected); 1920x1080; 57s
EFTA01648763,10,mp4,video,321018,0.31,https://www.justice.gov/epstein/files/DataSet%2010/EFTA01648763.pdf,True,yes,0,87.1,1920x1080,Video (no speech detected); 1920x1080; 1.5min
EFTA01648764,10,mp4,video,58380196,55.68,https://www.justice.gov/epstein/files/DataSet%2010/EFTA01648764.pdf,True,yes,0,159.3,1080x1920,Video (no speech detected); 1080x1920; 2.7min
EFTA01648765,10,mp4,video,237198,0.23,https://www.justice.gov/epstein/files/DataSet%2010/EFTA01648765.pdf,True,yes,0,2.7,1028x1372,Video (no speech detected); 1028x1372; 3s
EFTA01648766,10,mp4,video,46540617,44.38,https://www.justice.gov/epstein/files/DataSet%2010/EFTA01648766.pdf,True,yes,0,198.7,1080x1920,Video (no speech detected); 1080x1920; 3.3min
EFTA01648767,10,mp4,video,22518451,21.48,https://www.justice.gov/epstein/files/DataSet%2010/EFTA01648767.pdf,True,yes,29,144.5,1080x1920,Video with speech (29 words transcribed); 1080x1920; 2.4min
EFTA01648768,10,mp4,video,11806941,11.26,https://www.justice.gov/epstein/files/DataSet%2010/EFTA01648768.pdf,True,yes,18,61.9,1080x1920,Video with speech (18 words transcribed); 1080x1920; 1.0min
EFTA01648769,10,mp4,video,49807769,47.5,https://www.justice.gov/epstein/files/DataSet%2010/EFTA01648769.pdf,True,yes,0,200.3,1080x1920,Video (no speech detected); 1080x1920; 3.3min
EFTA01648770,10,mp4,video,32071093,30.59,https://www.justice.gov/epstein/files/DataSet%2010/EFTA01648770.pdf,True,yes,0,434.8,1280x720,Video (no speech detected); 1280x720; 7.2min
EFTA01648771,10,mp4,video,45050613,42.96,https://www.justice.gov/epstein/files/DataSet%2010/EFTA01648771.pdf,True,yes,0,130.2,3840x2160,Video (no speech detected); 3840x2160; 2.2min
EFTA01648772,10,mp4,video,69548304,66.33,https://www.justice.gov/epstein/files/DataSet%2010/EFTA01648772.pdf,True,yes,0,587.3,1920x1080,Video (no speech detected); 1920x1080; 9.8min
EFTA01648773,10,mp4,video,180477,0.17,https://www.justice.gov/epstein/files/DataSet%2010/EFTA01648773.pdf,True,yes,3,4.4,320x240,Video with speech (3 words transcribed); 320x240; 4s
EFTA01648774,10,mp4,video,250630,0.24,https://www.justice.gov/epstein/files/DataSet%2010/EFTA01648774.pdf,True,yes,0,1.0,320x240,Video (no speech detected); 320x240; 1s
EFTA01648775,10,mp4,video,55156,0.05,https://www.justice.gov/epstein/files/DataSet%2010/EFTA01648775.pdf,True,yes,0,1.0,320x240,Video (no speech detected); 320x240; 1s
EFTA01648776,10,mp4,video,56446,0.05,https://www.justice.gov/epstein/files/DataSet%2010/EFTA01648776.pdf,True,yes,0,1.0,320x240,Video (no speech detected); 320x240; 1s
EFTA01648777,10,mp4,video,7035525,6.71,https://www.justice.gov/epstein/files/DataSet%2010/EFTA01648777.pdf,True,yes,0,42.5,640x480,Video (no speech detected); 640x480; 42s
EFTA01648778,10,mp4,video,776002,0.74,https://www.justice.gov/epstein/files/DataSet%2010/EFTA01648778.pdf,True,yes,2,14.8,640x480,Video with speech (2 words transcribed); 640x480; 15s
EFTA01648779,10,mp4,video,211381,0.2,https://www.justice.gov/epstein/files/DataSet%2010/EFTA01648779.pdf,True,yes,0,1.0,640x480,Video (no speech detected); 640x480; 1s
EFTA01648780,10,mp4,video,437414,0.42,https://www.justice.gov/epstein/files/DataSet%2010/EFTA01648780.pdf,True,yes,2,1.9,640x480,Video with speech (2 words transcribed); 640x480; 2s
EFTA01648781,10,mp4,video,803883,0.77,https://www.justice.gov/epstein/files/DataSet%2010/EFTA01648781.pdf,True,yes,6,2.9,854x480,Video with speech (6 words transcribed); 854x480; 3s
EFTA01648782,10,mp4,video,101902,0.1,https://www.justice.gov/epstein/files/DataSet%2010/EFTA01648782.pdf,True,yes,1,1.4,640x480,Video with speech (1 words transcribed); 640x480; 1s
EFTA01648783,10,mp4,video,186779,0.18,https://www.justice.gov/epstein/files/DataSet%2010/EFTA01648783.pdf,True,yes,0,4.7,320x240,Video (no speech detected); 320x240; 5s
EFTA01648784,10,mp4,video,660228,0.63,https://www.justice.gov/epstein/files/DataSet%2010/EFTA01648784.pdf,True,yes,0,17.6,320x240,Video (no speech detected); 320x240; 18s
EFTA01648785,10,mp4,video,188048,0.18,https://www.justice.gov/epstein/files/DataSet%2010/EFTA01648785.pdf,True,yes,4,11.3,320x240,Video with speech (4 words transcribed); 320x240; 11s
EFTA01654344,10,unknown,unknown,,,https://www.justice.gov/epstein/files/DataSet%2010/EFTA01654344.pdf,,,,,,No Images Produced — native file type unknown
EFTA01660651,10,png,image,9119,0.01,https://www.justice.gov/epstein/files/DataSet%2010/EFTA01660651.pdf,,,,,,Image file
EFTA01682126,10,m4a,audio,3309484,3.16,https://www.justice.gov/epstein/files/DataSet%2010/EFTA01682126.pdf,True,yes,272,205.1,,Audio recording (272 words transcribed); 3.4min
EFTA01682127,10,m4a,audio,818883,0.78,https://www.justice.gov/epstein/files/DataSet%2010/EFTA01682127.pdf,True,yes,120,50.9,,Audio recording (120 words transcribed); 51s
EFTA01682128,10,m4a,audio,137648,0.13,https://www.justice.gov/epstein/files/DataSet%2010/EFTA01682128.pdf,True,yes,35,15.5,,Audio recording (35 words transcribed); 16s
EFTA01682129,10,m4a,audio,1949814,1.86,https://www.justice.gov/epstein/files/DataSet%2010/EFTA01682129.pdf,True,yes,200,119.9,,Audio recording (200 words transcribed); 2.0min
EFTA01682130,10,m4a,audio,1809428,1.73,https://www.justice.gov/epstein/files/DataSet%2010/EFTA01682130.pdf,True,yes,211,114.1,,Audio recording (211 words transcribed); 1.9min
EFTA01682131,10,mp4,video,36610770,34.91,https://www.justice.gov/epstein/files/DataSet%2010/EFTA01682131.pdf,True,yes,0,28.1,1080x1920,Video (no speech detected); 1080x1920; 28s
EFTA01683314,10,mp4,video,717777737,684.53,https://www.justice.gov/epstein/files/DataSet%2010/EFTA01683314.pdf,True,yes,484,2274.4,626x478,Video with speech (484 words transcribed); 626x478; 37.9min
EFTA01683315,10,mp4,video,160719166,153.27,https://www.justice.gov/epstein/files/DataSet%2010/EFTA01683315.pdf,True,yes,0,1405.5,720x540,Video (no speech detected); 720x540; 23.4min
EFTA01683316,10,mp4,video,206667509,197.09,https://www.justice.gov/epstein/files/DataSet%2010/EFTA01683316.pdf,True,yes,0,1847.9,720x540,Video (no speech detected); 720x540; 30.8min
EFTA01683317,10,wav,audio,1920054,1.83,https://www.justice.gov/epstein/files/DataSet%2010/EFTA01683317.pdf,True,yes,0,120.0,,Audio recording (no speech detected); 2.0min
EFTA01683318,10,mp4,video,656268,0.63,https://www.justice.gov/epstein/files/DataSet%2010/EFTA01683318.pdf,True,yes,7,38.0,320x240,Video with speech (7 words transcribed); 320x240; 38s
EFTA01683319,10,mp4,video,492471,0.47,https://www.justice.gov/epstein/files/DataSet%2010/EFTA01683319.pdf,True,yes,8,9.4,272x480,Video with speech (8 words transcribed); 272x480; 9s
EFTA01683320,10,mp4,video,171074440,163.15,https://www.justice.gov/epstein/files/DataSet%2010/EFTA01683320.pdf,True,,,9852.0,352x240,Silent surveillance video; 352x240; 2.7h
EFTA01683321,10,mp4,video,269609153,257.12,https://www.justice.gov/epstein/files/DataSet%2010/EFTA01683321.pdf,True,,,9840.5,352x240,Silent surveillance video; 352x240; 2.7h
EFTA01683322,10,wav,audio,1150434,1.1,https://www.justice.gov/epstein/files/DataSet%2010/EFTA01683322.pdf,True,yes,0,71.9,,Audio recording (no speech detected); 1.2min
EFTA01683323,10,mp4,video,688703,0.66,https://www.justice.gov/epstein/files/DataSet%2010/EFTA01683323.pdf,False,,,51.1,852x480,Silent surveillance video; 852x480; 51s
EFTA01683324,10,mp4,video,3002522,2.86,https://www.justice.gov/epstein/files/DataSet%2010/EFTA01683324.pdf,True,yes,0,119.1,852x480,Video (no speech detected); 852x480; 2.0min
EFTA01683325,10,mp4,video,726186,0.69,https://www.justice.gov/epstein/files/DataSet%2010/EFTA01683325.pdf,False,,,51.1,852x480,Silent surveillance video; 852x480; 51s
EFTA01683326,10,mp4,video,937964,0.89,https://www.justice.gov/epstein/files/DataSet%2010/EFTA01683326.pdf,False,,,51.1,852x480,Silent surveillance video; 852x480; 51s
EFTA01683327,10,mp4,video,7392699,7.05,https://www.justice.gov/epstein/files/DataSet%2010/EFTA01683327.pdf,True,yes,0,366.2,852x480,Video (no speech detected); 852x480; 6.1min
EFTA01683328,10,mp4,video,23514866,22.43,https://www.justice.gov/epstein/files/DataSet%2010/EFTA01683328.pdf,True,yes,0,1023.6,852x480,Video (no speech detected); 852x480; 17.1min
EFTA01683329,10,mp4,video,20091630,19.16,https://www.justice.gov/epstein/files/DataSet%2010/EFTA01683329.pdf,True,yes,0,1023.6,852x480,Video (no speech detected); 852x480; 17.1min
EFTA01683330,10,mp4,video,18943896,18.07,https://www.justice.gov/epstein/files/DataSet%2010/EFTA01683330.pdf,True,yes,0,1023.6,852x480,Video (no speech detected); 852x480; 17.1min
EFTA01683331,10,mp4,video,6240605,5.95,https://www.justice.gov/epstein/files/DataSet%2010/EFTA01683331.pdf,True,yes,0,9.0,1920x1080,Video (no speech detected); 1920x1080; 9s
EFTA01683332,10,mp4,video,855382,0.82,https://www.justice.gov/epstein/files/DataSet%2010/EFTA01683332.pdf,True,yes,0,2.5,720x1280,Video (no speech detected); 720x1280; 2s
EFTA01683333,10,mp4,video,418217,0.4,https://www.justice.gov/epstein/files/DataSet%2010/EFTA01683333.pdf,True,yes,0,16.6,320x576,Video (no speech detected); 320x576; 17s
EFTA01683334,10,mp4,video,604160,0.58,https://www.justice.gov/epstein/files/DataSet%2010/EFTA01683334.pdf,True,yes,0,3.0,720x960,Video (no speech detected); 720x960; 3s
EFTA01683335,10,mp4,video,837017,0.8,https://www.justice.gov/epstein/files/DataSet%2010/EFTA01683335.pdf,True,yes,0,6.3,720x1280,Video (no speech detected); 720x1280; 6s
EFTA01683336,10,mp4,video,324467,0.31,https://www.justice.gov/epstein/files/DataSet%2010/EFTA01683336.pdf,True,yes,0,2.0,720x960,Video (no speech detected); 720x960; 2s
EFTA01683337,10,mp4,video,3645310,3.48,https://www.justice.gov/epstein/files/DataSet%2010/EFTA01683337.pdf,True,yes,0,13.6,272x480,Video (no speech detected); 272x480; 14s
EFTA01683338,10,mp4,video,6768486,6.45,https://www.justice.gov/epstein/files/DataSet%2010/EFTA01683338.pdf,True,yes,0,26.2,720x1280,Video (no speech detected); 720x1280; 26s
EFTA01683339,10,mp4,video,2396173,2.29,https://www.justice.gov/epstein/files/DataSet%2010/EFTA01683339.pdf,True,yes,0,17.5,1280x720,Video (no speech detected); 1280x720; 18s
EFTA01683340,10,mp4,video,8542169,8.15,https://www.justice.gov/epstein/files/DataSet%2010/EFTA01683340.pdf,True,yes,0,19.5,720x1280,Video (no speech detected); 720x1280; 20s
EFTA01683341,10,mp4,video,5108907,4.87,https://www.justice.gov/epstein/files/DataSet%2010/EFTA01683341.pdf,True,yes,0,33.9,720x1280,Video (no speech detected); 720x1280; 34s
EFTA01683342,10,mp4,video,124546,0.12,https://www.justice.gov/epstein/files/DataSet%2010/EFTA01683342.pdf,True,yes,0,17.4,192x108,Video (no speech detected); 192x108; 17s
EFTA01683343,10,mp4,video,91544,0.09,https://www.justice.gov/epstein/files/DataSet%2010/EFTA01683343.pdf,True,yes,0,13.7,176x320,Video (no speech detected); 176x320; 14s
EFTA01683344,10,mp4,video,96676,0.09,https://www.justice.gov/epstein/files/DataSet%2010/EFTA01683344.pdf,True,yes,0,11.9,180x320,Video (no speech detected); 180x320; 12s
EFTA01683345,10,mp4,video,4676168,4.46,https://www.justice.gov/epstein/files/DataSet%2010/EFTA01683345.pdf,True,yes,0,41.7,1280x720,Video (no speech detected); 1280x720; 42s
EFTA01683346,10,mp4,video,1990195,1.9,https://www.justice.gov/epstein/files/DataSet%2010/EFTA01683346.pdf,True,yes,5,8.6,720x720,Video with speech (5 words transcribed); 720x720; 9s
EFTA01683347,10,mp4,video,681276,0.65,https://www.justice.gov/epstein/files/DataSet%2010/EFTA01683347.pdf,True,yes,0,6.3,1280x720,Video (no speech detected); 1280x720; 6s
EFTA01683348,10,mp4,video,169040,0.16,https://www.justice.gov/epstein/files/DataSet%2010/EFTA01683348.pdf,True,yes,0,2.6,364x640,Video (no speech detected); 364x640; 3s
EFTA01683349,10,mp4,video,675829,0.64,https://www.justice.gov/epstein/files/DataSet%2010/EFTA01683349.pdf,True,yes,0,41.3,352x640,Video (no speech detected); 352x640; 41s
EFTA01683350,10,mp4,video,1711853,1.63,https://www.justice.gov/epstein/files/DataSet%2010/EFTA01683350.pdf,True,yes,0,14.3,720x1280,Video (no speech detected); 720x1280; 14s
EFTA01683351,10,mp4,video,156303,0.15,https://www.justice.gov/epstein/files/DataSet%2010/EFTA01683351.pdf,True,yes,14,3.8,480x848,Video with speech (14 words transcribed); 480x848; 4s
EFTA01683352,10,mp4,video,335518,0.32,https://www.justice.gov/epstein/files/DataSet%2010/EFTA01683352.pdf,True,yes,0,8.0,364x640,Video (no speech detected); 364x640; 8s
EFTA01683353,10,mp4,video,2553049,2.43,https://www.justice.gov/epstein/files/DataSet%2010/EFTA01683353.pdf,True,yes,0,97.0,480x272,Video (no speech detected); 480x272; 1.6min
EFTA01683354,10,mp4,video,869123,0.83,https://www.justice.gov/epstein/files/DataSet%2010/EFTA01683354.pdf,True,yes,0,6.2,720x1280,Video (no speech detected); 720x1280; 6s
EFTA01683355,10,mp4,video,3523347,3.36,https://www.justice.gov/epstein/files/DataSet%2010/EFTA01683355.pdf,True,yes,3,22.5,848x480,Video with speech (3 words transcribed); 848x480; 22s
EFTA01683356,10,mp4,video,2339892,2.23,https://www.justice.gov/epstein/files/DataSet%2010/EFTA01683356.pdf,True,yes,0,14.6,1080x1920,Video (no speech detected); 1080x1920; 15s
EFTA01683357,10,mp4,video,2081284,1.98,https://www.justice.gov/epstein/files/DataSet%2010/EFTA01683357.pdf,True,yes,0,60.0,720x1280,Video (no speech detected); 720x1280; 1.0min
EFTA01683358,10,mp4,video,2440249,2.33,https://www.justice.gov/epstein/files/DataSet%2010/EFTA01683358.pdf,True,yes,0,97.0,480x272,Video (no speech detected); 480x272; 1.6min
EFTA01683359,10,mp4,video,846467,0.81,https://www.justice.gov/epstein/files/DataSet%2010/EFTA01683359.pdf,True,yes,1,8.6,640x640,Video with speech (1 words transcribed); 640x640; 9s
EFTA01683360,10,mp4,video,537083,0.51,https://www.justice.gov/epstein/files/DataSet%2010/EFTA01683360.pdf,True,yes,0,1.9,1080x1440,Video (no speech detected); 1080x1440; 2s
EFTA01683361,10,mp4,video,612218,0.58,https://www.justice.gov/epstein/files/DataSet%2010/EFTA01683361.pdf,True,yes,0,1.8,1080x1440,Video (no speech detected); 1080x1440; 2s
EFTA01683362,10,mp4,video,786180,0.75,https://www.justice.gov/epstein/files/DataSet%2010/EFTA01683362.pdf,True,yes,0,2.9,720x1280,Video (no speech detected); 720x1280; 3s
EFTA01683363,10,mp4,video,926291,0.88,https://www.justice.gov/epstein/files/DataSet%2010/EFTA01683363.pdf,True,yes,0,2.8,1080x1440,Video (no speech detected); 1080x1440; 3s
EFTA01683364,10,mp4,video,985816,0.94,https://www.justice.gov/epstein/files/DataSet%2010/EFTA01683364.pdf,True,yes,0,2.9,1080x1440,Video (no speech detected); 1080x1440; 3s
EFTA01683365,10,mp4,video,875673,0.84,https://www.justice.gov/epstein/files/DataSet%2010/EFTA01683365.pdf,True,yes,0,2.9,1080x1440,Video (no speech detected); 1080x1440; 3s
EFTA01683366,10,mp4,video,934652,0.89,https://www.justice.gov/epstein/files/DataSet%2010/EFTA01683366.pdf,True,yes,0,2.9,1080x1440,Video (no speech detected); 1080x1440; 3s
EFTA01683367,10,mp4,video,890297,0.85,https://www.justice.gov/epstein/files/DataSet%2010/EFTA01683367.pdf,True,yes,2,2.8,1080x1440,Video with speech (2 words transcribed); 1080x1440; 3s
EFTA01683368,10,mp4,video,951127,0.91,https://www.justice.gov/epstein/files/DataSet%2010/EFTA01683368.pdf,True,yes,4,3.0,1080x1440,Video with speech (4 words transcribed); 1080x1440; 3s
EFTA01683369,10,mp4,video,2020758,1.93,https://www.justice.gov/epstein/files/DataSet%2010/EFTA01683369.pdf,True,yes,0,3.2,1440x1080,Video (no speech detected); 1440x1080; 3s
EFTA01683370,10,mp4,video,611390,0.58,https://www.justice.gov/epstein/files/DataSet%2010/EFTA01683370.pdf,True,yes,0,1.9,1080x1440,Video (no speech detected); 1080x1440; 2s
EFTA01683371,10,mp4,video,1050863,1.0,https://www.justice.gov/epstein/files/DataSet%2010/EFTA01683371.pdf,True,yes,0,1.8,1080x1440,Video (no speech detected); 1080x1440; 2s
EFTA01683372,10,mp4,video,149385,0.14,https://www.justice.gov/epstein/files/DataSet%2010/EFTA01683372.pdf,True,yes,0,1.7,1080x1440,Video (no speech detected); 1080x1440; 2s
EFTA01683373,10,mp4,video,2464959,2.35,https://www.justice.gov/epstein/files/DataSet%2010/EFTA01683373.pdf,True,yes,0,29.1,720x1280,Video (no speech detected); 720x1280; 29s
EFTA01683374,10,mp4,video,2464959,2.35,https://www.justice.gov/epstein/files/DataSet%2010/EFTA01683374.pdf,True,yes,0,29.1,720x1280,Video (no speech detected); 720x1280; 29s
EFTA01683375,10,mp4,video,960431,0.92,https://www.justice.gov/epstein/files/DataSet%2010/EFTA01683375.pdf,True,yes,0,3.0,1080x1440,Video (no speech detected); 1080x1440; 3s
EFTA01683376,10,mp4,video,1205095,1.15,https://www.justice.gov/epstein/files/DataSet%2010/EFTA01683376.pdf,False,,,5.7,720x1280,Silent surveillance video; 720x1280; 6s
EFTA01683377,10,mp4,video,210527,0.2,https://www.justice.gov/epstein/files/DataSet%2010/EFTA01683377.pdf,False,,,5.0,540x960,Silent surveillance video; 540x960; 5s
EFTA01683378,10,mp4,video,652533,0.62,https://www.justice.gov/epstein/files/DataSet%2010/EFTA01683378.pdf,True,yes,0,1.9,1080x1440,Video (no speech detected); 1080x1440; 2s
EFTA01683379,10,mp4,video,6031805,5.75,https://www.justice.gov/epstein/files/DataSet%2010/EFTA01683379.pdf,True,yes,0,14.1,720x1280,Video (no speech detected); 720x1280; 14s
EFTA01683380,10,mp4,video,3329478,3.18,https://www.justice.gov/epstein/files/DataSet%2010/EFTA01683380.pdf,True,yes,0,15.0,720x1280,Video (no speech detected); 720x1280; 15s
EFTA01683381,10,mp4,video,456341,0.44,https://www.justice.gov/epstein/files/DataSet%2010/EFTA01683381.pdf,True,yes,1,2.7,1080x1440,Video with speech (1 words transcribed); 1080x1440; 3s
EFTA01683382,10,mp4,video,2348894,2.24,https://www.justice.gov/epstein/files/DataSet%2010/EFTA01683382.pdf,True,yes,0,3.0,1080x1440,Video (no speech detected); 1080x1440; 3s
EFTA01683383,10,mp4,video,257992,0.25,https://www.justice.gov/epstein/files/DataSet%2010/EFTA01683383.pdf,True,yes,0,0.6,1080x1440,Video (no speech detected); 1080x1440; 1s
EFTA01683384,10,mp4,video,734772,0.7,https://www.justice.gov/epstein/files/DataSet%2010/EFTA01683384.pdf,True,yes,0,1.9,1080x1440,Video (no speech detected); 1080x1440; 2s
EFTA01683385,10,mp4,video,480502,0.46,https://www.justice.gov/epstein/files/DataSet%2010/EFTA01683385.pdf,True,yes,2,1.5,1248x936,Video with speech (2 words transcribed); 1248x936; 2s
EFTA01683386,10,mp4,video,4245700,4.05,https://www.justice.gov/epstein/files/DataSet%2010/EFTA01683386.pdf,True,yes,3,14.7,720x1280,Video with speech (3 words transcribed); 720x1280; 15s
EFTA01683387,10,mp4,video,16207439,15.46,https://www.justice.gov/epstein/files/DataSet%2010/EFTA01683387.pdf,True,yes,45,42.0,1280x720,Video with speech (45 words transcribed); 1280x720; 42s
EFTA01683388,10,mp4,video,809808,0.77,https://www.justice.gov/epstein/files/DataSet%2010/EFTA01683388.pdf,True,yes,2,2.8,1080x1440,Video with speech (2 words transcribed); 1080x1440; 3s
EFTA01683389,10,mp4,video,361832,0.35,https://www.justice.gov/epstein/files/DataSet%2010/EFTA01683389.pdf,True,yes,0,1.9,1080x1440,Video (no speech detected); 1080x1440; 2s
EFTA01683390,10,mp4,video,532654,0.51,https://www.justice.gov/epstein/files/DataSet%2010/EFTA01683390.pdf,True,yes,0,2.0,1080x1440,Video (no speech detected); 1080x1440; 2s
EFTA01683391,10,mp4,video,4504708,4.3,https://www.justice.gov/epstein/files/DataSet%2010/EFTA01683391.pdf,True,yes,0,53.2,720x720,Video (no speech detected); 720x720; 53s
EFTA01683392,10,mp4,video,710160,0.68,https://www.justice.gov/epstein/files/DataSet%2010/EFTA01683392.pdf,True,yes,0,2.8,1080x1440,Video (no speech detected); 1080x1440; 3s
EFTA01683393,10,mp4,video,772465,0.74,https://www.justice.gov/epstein/files/DataSet%2010/EFTA01683393.pdf,True,yes,0,2.0,1080x1440,Video (no speech detected); 1080x1440; 2s
EFTA01683394,10,mp4,video,11043815,10.53,https://www.justice.gov/epstein/files/DataSet%2010/EFTA01683394.pdf,True,yes,0,65.8,1280x720,Video (no speech detected); 1280x720; 1.1min
EFTA01683395,10,mp4,video,678046,0.65,https://www.justice.gov/epstein/files/DataSet%2010/EFTA01683395.pdf,True,yes,0,0.9,1080x1440,Video (no speech detected); 1080x1440; 1s
EFTA01683396,10,mp4,video,714630,0.68,https://www.justice.gov/epstein/files/DataSet%2010/EFTA01683396.pdf,True,yes,0,1.8,1080x1440,Video (no speech detected); 1080x1440; 2s
EFTA01683397,10,mp4,video,1070299,1.02,https://www.justice.gov/epstein/files/DataSet%2010/EFTA01683397.pdf,True,yes,0,2.9,1080x1440,Video (no speech detected); 1080x1440; 3s
EFTA01683398,10,mp4,video,313984,0.3,https://www.justice.gov/epstein/files/DataSet%2010/EFTA01683398.pdf,True,yes,0,2.6,1080x1440,Video (no speech detected); 1080x1440; 3s
EFTA01683399,10,mp4,video,825515,0.79,https://www.justice.gov/epstein/files/DataSet%2010/EFTA01683399.pdf,True,yes,9,2.9,640x480,Video with speech (9 words transcribed); 640x480; 3s
EFTA01683400,10,mp4,video,3800759,3.62,https://www.justice.gov/epstein/files/DataSet%2010/EFTA01683400.pdf,True,yes,0,35.1,720x1280,Video (no speech detected); 720x1280; 35s
EFTA01683401,10,mp4,video,417984,0.4,https://www.justice.gov/epstein/files/DataSet%2010/EFTA01683401.pdf,True,yes,0,2.6,1080x1440,Video (no speech detected); 1080x1440; 3s
EFTA01683402,10,mp4,video,1226684,1.17,https://www.justice.gov/epstein/files/DataSet%2010/EFTA01683402.pdf,True,yes,0,2.0,1080x1440,Video (no speech detected); 1080x1440; 2s
EFTA01683403,10,mp4,video,272722,0.26,https://www.justice.gov/epstein/files/DataSet%2010/EFTA01683403.pdf,True,yes,0,2.8,960x720,Video (no speech detected); 960x720; 3s
EFTA01683404,10,mp4,video,188492,0.18,https://www.justice.gov/epstein/files/DataSet%2010/EFTA01683404.pdf,True,yes,7,2.8,1080x1440,Video with speech (7 words transcribed); 1080x1440; 3s
EFTA01683405,10,mp4,video,369854,0.35,https://www.justice.gov/epstein/files/DataSet%2010/EFTA01683405.pdf,True,yes,5,2.8,1080x1440,Video with speech (5 words transcribed); 1080x1440; 3s
EFTA01683406,10,mp4,video,144487,0.14,https://www.justice.gov/epstein/files/DataSet%2010/EFTA01683406.pdf,True,yes,0,8.3,320x568,Video (no speech detected); 320x568; 8s
EFTA01683407,10,mp4,video,129727,0.12,https://www.justice.gov/epstein/files/DataSet%2010/EFTA01683407.pdf,True,yes,0,1.9,1080x1440,Video (no speech detected); 1080x1440; 2s
EFTA01683408,10,mp4,video,14117637,13.46,https://www.justice.gov/epstein/files/DataSet%2010/EFTA01683408.pdf,True,yes,0,93.4,1280x720,Video (no speech detected); 1280x720; 1.6min
EFTA01683409,10,mp4,video,551074,0.53,https://www.justice.gov/epstein/files/DataSet%2010/EFTA01683409.pdf,True,yes,2,1.6,1080x1440,Video with speech (2 words transcribed); 1080x1440; 2s
EFTA01683410,10,mp4,video,911760,0.87,https://www.justice.gov/epstein/files/DataSet%2010/EFTA01683410.pdf,True,yes,8,9.4,480x848,Video with speech (8 words transcribed); 480x848; 9s
EFTA01683411,10,mp4,video,510246,0.49,https://www.justice.gov/epstein/files/DataSet%2010/EFTA01683411.pdf,True,yes,0,2.0,1080x1440,Video (no speech detected); 1080x1440; 2s
EFTA01683412,10,mp4,video,351740,0.34,https://www.justice.gov/epstein/files/DataSet%2010/EFTA01683412.pdf,True,yes,8,2.9,1080x1440,Video with speech (8 words transcribed); 1080x1440; 3s
EFTA01683413,10,mp4,video,234544,0.22,https://www.justice.gov/epstein/files/DataSet%2010/EFTA01683413.pdf,True,yes,0,2.9,480x640,Video (no speech detected); 480x640; 3s
EFTA01683414,10,mp4,video,552440,0.53,https://www.justice.gov/epstein/files/DataSet%2010/EFTA01683414.pdf,True,yes,1,1.9,1080x1440,Video with speech (1 words transcribed); 1080x1440; 2s
EFTA01683415,10,mp4,video,756389,0.72,https://www.justice.gov/epstein/files/DataSet%2010/EFTA01683415.pdf,True,yes,4,2.0,1080x1440,Video with speech (4 words transcribed); 1080x1440; 2s
EFTA01683416,10,mp4,video,577366,0.55,https://www.justice.gov/epstein/files/DataSet%2010/EFTA01683416.pdf,True,yes,0,2.9,1080x1440,Video (no speech detected); 1080x1440; 3s
EFTA01683417,10,mp4,video,5262305,5.02,https://www.justice.gov/epstein/files/DataSet%2010/EFTA01683417.pdf,True,yes,0,25.5,720x1280,Video (no speech detected); 720x1280; 26s
EFTA01683418,10,mp4,video,209201,0.2,https://www.justice.gov/epstein/files/DataSet%2010/EFTA01683418.pdf,True,yes,1,2.8,1080x1440,Video with speech (1 words transcribed); 1080x1440; 3s
EFTA01683419,10,mp4,video,1114555,1.06,https://www.justice.gov/epstein/files/DataSet%2010/EFTA01683419.pdf,True,yes,0,2.9,1080x1440,Video (no speech detected); 1080x1440; 3s
EFTA01683420,10,mp4,video,947029,0.9,https://www.justice.gov/epstein/files/DataSet%2010/EFTA01683420.pdf,True,yes,0,2.9,1080x1440,Video (no speech detected); 1080x1440; 3s
EFTA01683421,10,mp4,video,806334,0.77,https://www.justice.gov/epstein/files/DataSet%2010/EFTA01683421.pdf,True,yes,1,9.5,480x848,Video with speech (1 words transcribed); 480x848; 10s
EFTA01683422,10,mp4,video,4363199,4.16,https://www.justice.gov/epstein/files/DataSet%2010/EFTA01683422.pdf,True,yes,0,14.5,1280x720,Video (no speech detected); 1280x720; 14s
EFTA01683423,10,mp4,video,9546545,9.1,https://www.justice.gov/epstein/files/DataSet%2010/EFTA01683423.pdf,True,yes,3,37.1,1280x720,Video with speech (3 words transcribed); 1280x720; 37s
EFTA01683424,10,mp4,video,6011637,5.73,https://www.justice.gov/epstein/files/DataSet%2010/EFTA01683424.pdf,True,yes,0,51.8,540x960,Video (no speech detected); 540x960; 52s
EFTA01683425,10,mp4,video,953203,0.91,https://www.justice.gov/epstein/files/DataSet%2010/EFTA01683425.pdf,True,yes,5,2.9,1080x1440,Video with speech (5 words transcribed); 1080x1440; 3s
EFTA01683426,10,mp4,video,579274,0.55,https://www.justice.gov/epstein/files/DataSet%2010/EFTA01683426.pdf,True,yes,4,3.0,1080x1440,Video with speech (4 words transcribed); 1080x1440; 3s
EFTA01683427,10,mp4,video,921727,0.88,https://www.justice.gov/epstein/files/DataSet%2010/EFTA01683427.pdf,True,yes,0,1.9,1080x1440,Video (no speech detected); 1080x1440; 2s
EFTA01683428,10,mp4,video,1326564,1.27,https://www.justice.gov/epstein/files/DataSet%2010/EFTA01683428.pdf,True,yes,0,12.3,488x960,Video (no speech detected); 488x960; 12s
EFTA01683429,10,mp4,video,1034048,0.99,https://www.justice.gov/epstein/files/DataSet%2010/EFTA01683429.pdf,True,yes,0,2.9,1080x1440,Video (no speech detected); 1080x1440; 3s
EFTA01683430,10,mp4,video,775023,0.74,https://www.justice.gov/epstein/files/DataSet%2010/EFTA01683430.pdf,True,yes,2,2.9,480x640,Video with speech (2 words transcribed); 480x640; 3s
EFTA01683431,10,mp4,video,974616,0.93,https://www.justice.gov/epstein/files/DataSet%2010/EFTA01683431.pdf,True,yes,0,2.8,1308x980,Video (no speech detected); 1308x980; 3s
EFTA01683432,10,mp4,video,15411754,14.7,https://www.justice.gov/epstein/files/DataSet%2010/EFTA01683432.pdf,True,yes,40,58.3,720x1280,Video with speech (40 words transcribed); 720x1280; 58s
EFTA01683433,10,mp4,video,750515,0.72,https://www.justice.gov/epstein/files/DataSet%2010/EFTA01683433.pdf,True,yes,7,2.9,1080x1440,Video with speech (7 words transcribed); 1080x1440; 3s
EFTA01683434,10,mp4,video,757788,0.72,https://www.justice.gov/epstein/files/DataSet%2010/EFTA01683434.pdf,True,yes,0,7.0,720x1280,Video (no speech detected); 720x1280; 7s
EFTA01683435,10,mp4,video,625596,0.6,https://www.justice.gov/epstein/files/DataSet%2010/EFTA01683435.pdf,True,yes,4,2.8,1080x1440,Video with speech (4 words transcribed); 1080x1440; 3s
EFTA01683436,10,mp4,video,9943264,9.48,https://www.justice.gov/epstein/files/DataSet%2010/EFTA01683436.pdf,True,yes,0,36.9,720x1280,Video (no speech detected); 720x1280; 37s
EFTA01683437,10,mp4,video,4096346,3.91,https://www.justice.gov/epstein/files/DataSet%2010/EFTA01683437.pdf,True,yes,0,15.9,720x1280,Video (no speech detected); 720x1280; 16s
EFTA01683438,10,mp4,video,64112,0.06,https://www.justice.gov/epstein/files/DataSet%2010/EFTA01683438.pdf,True,yes,0,1.7,1080x1440,Video (no speech detected); 1080x1440; 2s
EFTA01683439,10,mp4,video,7053676,6.73,https://www.justice.gov/epstein/files/DataSet%2010/EFTA01683439.pdf,True,yes,0,16.8,720x1280,Video (no speech detected); 720x1280; 17s
EFTA01683440,10,mp4,video,426185,0.41,https://www.justice.gov/epstein/files/DataSet%2010/EFTA01683440.pdf,True,yes,0,2.0,720x960,Video (no speech detected); 720x960; 2s
EFTA01683441,10,mp4,video,609981,0.58,https://www.justice.gov/epstein/files/DataSet%2010/EFTA01683441.pdf,True,yes,0,1.8,1080x1440,Video (no speech detected); 1080x1440; 2s
EFTA01683442,10,mp4,video,874693,0.83,https://www.justice.gov/epstein/files/DataSet%2010/EFTA01683442.pdf,True,yes,4,2.7,1080x1440,Video with speech (4 words transcribed); 1080x1440; 3s
EFTA01683443,10,mp4,video,911002,0.87,https://www.justice.gov/epstein/files/DataSet%2010/EFTA01683443.pdf,True,yes,0,2.6,1080x1440,Video (no speech detected); 1080x1440; 3s
EFTA01683444,10,mp4,video,938735,0.9,https://www.justice.gov/epstein/files/DataSet%2010/EFTA01683444.pdf,True,yes,4,2.8,1080x1440,Video with speech (4 words transcribed); 1080x1440; 3s
EFTA01683445,10,mp4,video,3277879,3.13,https://www.justice.gov/epstein/files/DataSet%2010/EFTA01683445.pdf,True,yes,0,25.9,720x1280,Video (no speech detected); 720x1280; 26s
EFTA01683446,10,mp4,video,696019,0.66,https://www.justice.gov/epstein/files/DataSet%2010/EFTA01683446.pdf,True,yes,0,2.9,1080x1440,Video (no speech detected); 1080x1440; 3s
EFTA01683447,10,mp4,video,971332,0.93,https://www.justice.gov/epstein/files/DataSet%2010/EFTA01683447.pdf,True,yes,0,2.9,1080x1440,Video (no speech detected); 1080x1440; 3s
EFTA01683448,10,mp4,video,868806,0.83,https://www.justice.gov/epstein/files/DataSet%2010/EFTA01683448.pdf,True,yes,0,3.5,1080x1440,Video (no speech detected); 1080x1440; 4s
EFTA01683449,10,mp4,video,473316,0.45,https://www.justice.gov/epstein/files/DataSet%2010/EFTA01683449.pdf,True,yes,2,2.5,1080x1440,Video with speech (2 words transcribed); 1080x1440; 2s
EFTA01683450,10,mp4,video,2662851,2.54,https://www.justice.gov/epstein/files/DataSet%2010/EFTA01683450.pdf,True,yes,0,42.1,1280x720,Video (no speech detected); 1280x720; 42s
EFTA01683451,10,mp4,video,746445,0.71,https://www.justice.gov/epstein/files/DataSet%2010/EFTA01683451.pdf,True,yes,0,2.7,480x640,Video (no speech detected); 480x640; 3s
EFTA01683452,10,mp4,video,631569,0.6,https://www.justice.gov/epstein/files/DataSet%2010/EFTA01683452.pdf,True,yes,0,1.9,1080x1440,Video (no speech detected); 1080x1440; 2s
EFTA01683453,10,mp4,video,593471,0.57,https://www.justice.gov/epstein/files/DataSet%2010/EFTA01683453.pdf,True,yes,0,2.6,720x1280,Video (no speech detected); 720x1280; 3s
EFTA01683454,10,mp4,video,719513,0.69,https://www.justice.gov/epstein/files/DataSet%2010/EFTA01683454.pdf,True,yes,1,2.7,1080x1440,Video with speech (1 words transcribed); 1080x1440; 3s
EFTA01683455,10,mp4,video,473316,0.45,https://www.justice.gov/epstein/files/DataSet%2010/EFTA01683455.pdf,True,yes,2,2.5,1080x1440,Video with speech (2 words transcribed); 1080x1440; 2s
EFTA01683456,10,mp4,video,2627617,2.51,https://www.justice.gov/epstein/files/DataSet%2010/EFTA01683456.pdf,True,yes,0,92.1,854x480,Video (no speech detected); 854x480; 1.5min
EFTA01683457,10,mp4,video,9657614,9.21,https://www.justice.gov/epstein/files/DataSet%2010/EFTA01683457.pdf,True,yes,0,35.4,720x1280,Video (no speech detected); 720x1280; 35s
EFTA01683458,10,mp4,video,842876,0.8,https://www.justice.gov/epstein/files/DataSet%2010/EFTA01683458.pdf,True,yes,0,3.0,1080x1440,Video (no speech detected); 1080x1440; 3s
EFTA01683459,10,mp4,video,1158006,1.1,https://www.justice.gov/epstein/files/DataSet%2010/EFTA01683459.pdf,True,yes,6,2.9,1080x1440,Video with speech (6 words transcribed); 1080x1440; 3s
EFTA01683460,10,mp4,video,775047,0.74,https://www.justice.gov/epstein/files/DataSet%2010/EFTA01683460.pdf,True,yes,4,3.0,1080x1440,Video with speech (4 words transcribed); 1080x1440; 3s
EFTA01683461,10,mp4,video,1479525,1.41,https://www.justice.gov/epstein/files/DataSet%2010/EFTA01683461.pdf,True,yes,0,8.3,720x1280,Video (no speech detected); 720x1280; 8s
EFTA01683462,10,mp4,video,309896,0.3,https://www.justice.gov/epstein/files/DataSet%2010/EFTA01683462.pdf,True,yes,0,34.9,128x224,Video (no speech detected); 128x224; 35s
EFTA01683463,10,mp4,video,839809,0.8,https://www.justice.gov/epstein/files/DataSet%2010/EFTA01683463.pdf,True,yes,0,2.9,1080x1440,Video (no speech detected); 1080x1440; 3s
EFTA01683464,10,mp4,video,2958569,2.82,https://www.justice.gov/epstein/files/DataSet%2010/EFTA01683464.pdf,True,yes,0,19.6,720x1280,Video (no speech detected); 720x1280; 20s
EFTA01683465,10,mp4,video,230387,0.22,https://www.justice.gov/epstein/files/DataSet%2010/EFTA01683465.pdf,True,yes,0,2.6,1080x1440,Video (no speech detected); 1080x1440; 3s
EFTA01683466,10,mp4,video,300352,0.29,https://www.justice.gov/epstein/files/DataSet%2010/EFTA01683466.pdf,True,yes,0,1.8,1080x1440,Video (no speech detected); 1080x1440; 2s
EFTA01683467,10,mp4,video,546470,0.52,https://www.justice.gov/epstein/files/DataSet%2010/EFTA01683467.pdf,True,yes,0,2.0,1080x1440,Video (no speech detected); 1080x1440; 2s
EFTA01683468,10,mp4,video,3313495,3.16,https://www.justice.gov/epstein/files/DataSet%2010/EFTA01683468.pdf,True,yes,0,15.4,720x1280,Video (no speech detected); 720x1280; 15s
EFTA01683469,10,mp4,video,2405139,2.29,https://www.justice.gov/epstein/files/DataSet%2010/EFTA01683469.pdf,True,yes,1,3.0,1080x1440,Video with speech (1 words transcribed); 1080x1440; 3s
EFTA01683470,10,mp4,video,326875,0.31,https://www.justice.gov/epstein/files/DataSet%2010/EFTA01683470.pdf,True,yes,0,0.8,1080x1440,Video (no speech detected); 1080x1440; 1s
EFTA01683471,10,mp4,video,340553,0.32,https://www.justice.gov/epstein/files/DataSet%2010/EFTA01683471.pdf,True,yes,0,3.7,540x960,Video (no speech detected); 540x960; 4s
EFTA01683472,10,mp4,video,723826,0.69,https://www.justice.gov/epstein/files/DataSet%2010/EFTA01683472.pdf,True,yes,0,2.7,480x640,Video (no speech detected); 480x640; 3s
EFTA01683473,10,mp4,video,495046,0.47,https://www.justice.gov/epstein/files/DataSet%2010/EFTA01683473.pdf,True,yes,5,2.2,1080x1440,Video with speech (5 words transcribed); 1080x1440; 2s
EFTA01683474,10,mp4,video,315198,0.3,https://www.justice.gov/epstein/files/DataSet%2010/EFTA01683474.pdf,True,yes,0,8.1,320x568,Video (no speech detected); 320x568; 8s
EFTA01683475,10,mp4,video,839077,0.8,https://www.justice.gov/epstein/files/DataSet%2010/EFTA01683475.pdf,True,yes,0,2.5,1080x1440,Video (no speech detected); 1080x1440; 2s
EFTA01683476,10,mp4,video,2034603,1.94,https://www.justice.gov/epstein/files/DataSet%2010/EFTA01683476.pdf,True,yes,0,2.5,1080x1440,Video (no speech detected); 1080x1440; 2s
EFTA01683477,10,mp4,video,1067849,1.02,https://www.justice.gov/epstein/files/DataSet%2010/EFTA01683477.pdf,True,yes,5,2.9,1080x1440,Video with speech (5 words transcribed); 1080x1440; 3s
EFTA01683478,10,mp4,video,354701,0.34,https://www.justice.gov/epstein/files/DataSet%2010/EFTA01683478.pdf,True,yes,0,0.9,1080x1440,Video (no speech detected); 1080x1440; 1s
EFTA01683479,10,mp4,video,1141621,1.09,https://www.justice.gov/epstein/files/DataSet%2010/EFTA01683479.pdf,True,yes,0,31.4,1280x720,Video (no speech detected); 1280x720; 31s
EFTA01683480,10,mp4,video,2018593,1.93,https://www.justice.gov/epstein/files/DataSet%2010/EFTA01683480.pdf,True,yes,2,3.0,1080x1440,Video with speech (2 words transcribed); 1080x1440; 3s
EFTA01683481,10,mp4,video,1634373,1.56,https://www.justice.gov/epstein/files/DataSet%2010/EFTA01683481.pdf,True,yes,3,7.2,720x1280,Video with speech (3 words transcribed); 720x1280; 7s
EFTA01683482,10,mov,video,2472654,2.36,https://www.justice.gov/epstein/files/DataSet%2010/EFTA01683482.pdf,True,yes,0,2.8,1440x1080,Video (no speech detected); 1440x1080; 3s
EFTA01683483,10,mp4,video,435726,0.42,https://www.justice.gov/epstein/files/DataSet%2010/EFTA01683483.pdf,True,yes,0,2.9,640x480,Video (no speech detected); 640x480; 3s
EFTA01683484,10,mp4,video,1101047,1.05,https://www.justice.gov/epstein/files/DataSet%2010/EFTA01683484.pdf,True,yes,0,2.6,1080x1440,Video (no speech detected); 1080x1440; 3s
EFTA01683485,10,mp4,video,346865,0.33,https://www.justice.gov/epstein/files/DataSet%2010/EFTA01683485.pdf,True,yes,0,1.0,1080x1440,Video (no speech detected); 1080x1440; 1s
EFTA01683486,10,mp4,video,755267,0.72,https://www.justice.gov/epstein/files/DataSet%2010/EFTA01683486.pdf,True,yes,0,1.9,1080x1440,Video (no speech detected); 1080x1440; 2s
EFTA01683487,10,mp4,video,7281031,6.94,https://www.justice.gov/epstein/files/DataSet%2010/EFTA01683487.pdf,True,yes,44,19.8,1280x720,Video with speech (44 words transcribed); 1280x720; 20s
EFTA01683488,10,mp4,video,959578,0.92,https://www.justice.gov/epstein/files/DataSet%2010/EFTA01683488.pdf,True,yes,0,34.1,128x224,Video (no speech detected); 128x224; 34s
EFTA01683489,10,mp4,video,212210,0.2,https://www.justice.gov/epstein/files/DataSet%2010/EFTA01683489.pdf,True,yes,5,2.9,720x960,Video with speech (5 words transcribed); 720x960; 3s
EFTA01683490,10,mp4,video,4620386,4.41,https://www.justice.gov/epstein/files/DataSet%2010/EFTA01683490.pdf,True,yes,17,152.3,568x320,Video with speech (17 words transcribed); 568x320; 2.5min
EFTA01683491,10,mp4,video,4892615,4.67,https://www.justice.gov/epstein/files/DataSet%2010/EFTA01683491.pdf,True,yes,0,74.6,540x960,Video (no speech detected); 540x960; 1.2min
EFTA01683492,10,mp4,video,482372,0.46,https://www.justice.gov/epstein/files/DataSet%2010/EFTA01683492.pdf,True,yes,5,2.8,1080x1440,Video with speech (5 words transcribed); 1080x1440; 3s
EFTA01683493,10,mp4,video,653158,0.62,https://www.justice.gov/epstein/files/DataSet%2010/EFTA01683493.pdf,True,yes,0,2.3,1080x1440,Video (no speech detected); 1080x1440; 2s
EFTA01683494,10,mp4,video,977607,0.93,https://www.justice.gov/epstein/files/DataSet%2010/EFTA01683494.pdf,True,yes,0,1.9,1080x1440,Video (no speech detected); 1080x1440; 2s
EFTA01683495,10,mp4,video,763810,0.73,https://www.justice.gov/epstein/files/DataSet%2010/EFTA01683495.pdf,True,yes,0,32.7,128x224,Video (no speech detected); 128x224; 33s
EFTA01683496,10,mp4,video,4571027,4.36,https://www.justice.gov/epstein/files/DataSet%2010/EFTA01683496.pdf,True,yes,0,40.1,720x1280,Video (no speech detected); 720x1280; 40s
EFTA01683497,10,mp4,video,1534549,1.46,https://www.justice.gov/epstein/files/DataSet%2010/EFTA01683497.pdf,True,yes,11,7.6,640x1136,Video with speech (11 words transcribed); 640x1136; 8s
EFTA01683498,10,mp4,video,220829,0.21,https://www.justice.gov/epstein/files/DataSet%2010/EFTA01683498.pdf,True,yes,0,25.7,128x224,Video (no speech detected); 128x224; 26s
EFTA01683499,10,mp4,video,772820,0.74,https://www.justice.gov/epstein/files/DataSet%2010/EFTA01683499.pdf,True,yes,5,2.8,1080x1440,Video with speech (5 words transcribed); 1080x1440; 3s
EFTA01683500,10,mp4,video,413696,0.39,https://www.justice.gov/epstein/files/DataSet%2010/EFTA01683500.pdf,True,yes,4,1.7,928x902,Video with speech (4 words transcribed); 928x902; 2s
EFTA01683501,10,mp4,video,2159689,2.06,https://www.justice.gov/epstein/files/DataSet%2010/EFTA01683501.pdf,True,yes,0,12.3,720x1280,Video (no speech detected); 720x1280; 12s
EFTA01683502,10,mp4,video,1244873,1.19,https://www.justice.gov/epstein/files/DataSet%2010/EFTA01683502.pdf,True,yes,5,2.8,1080x1440,Video with speech (5 words transcribed); 1080x1440; 3s
EFTA01683503,10,mp4,video,29518,0.03,https://www.justice.gov/epstein/files/DataSet%2010/EFTA01683503.pdf,True,yes,0,1.8,1080x1440,Video (no speech detected); 1080x1440; 2s
EFTA01683504,10,mp4,video,425705,0.41,https://www.justice.gov/epstein/files/DataSet%2010/EFTA01683504.pdf,True,yes,6,1.9,960x720,Video with speech (6 words transcribed); 960x720; 2s
EFTA01683505,10,mp4,video,1422441,1.36,https://www.justice.gov/epstein/files/DataSet%2010/EFTA01683505.pdf,True,yes,0,2.6,1080x1440,Video (no speech detected); 1080x1440; 3s
EFTA01683506,10,mp4,video,2095328,2.0,https://www.justice.gov/epstein/files/DataSet%2010/EFTA01683506.pdf,True,yes,5,11.1,352x640,Video with speech (5 words transcribed); 352x640; 11s
EFTA01683507,10,mp4,video,507577,0.48,https://www.justice.gov/epstein/files/DataSet%2010/EFTA01683507.pdf,True,yes,2,3.0,1080x1440,Video with speech (2 words transcribed); 1080x1440; 3s
EFTA01683508,10,mp4,video,3533838,3.37,https://www.justice.gov/epstein/files/DataSet%2010/EFTA01683508.pdf,True,yes,0,18.7,720x1280,Video (no speech detected); 720x1280; 19s
EFTA01683509,10,mp4,video,4326564,4.13,https://www.justice.gov/epstein/files/DataSet%2010/EFTA01683509.pdf,True,yes,0,13.7,1280x720,Video (no speech detected); 1280x720; 14s
EFTA01683510,10,mp4,video,14534595,13.86,https://www.justice.gov/epstein/files/DataSet%2010/EFTA01683510.pdf,True,yes,86,59.1,720x1280,Video with speech (86 words transcribed); 720x1280; 59s
EFTA01683511,10,mp4,video,5727852,5.46,https://www.justice.gov/epstein/files/DataSet%2010/EFTA01683511.pdf,True,yes,0,53.3,1080x1920,Video (no speech detected); 1080x1920; 53s
EFTA01683512,10,mp4,video,212850,0.2,https://www.justice.gov/epstein/files/DataSet%2010/EFTA01683512.pdf,True,yes,0,5.7,480x272,Video (no speech detected); 480x272; 6s
EFTA01683513,10,mp4,video,158850,0.15,https://www.justice.gov/epstein/files/DataSet%2010/EFTA01683513.pdf,False,,,5.0,320x568,Silent surveillance video; 320x568; 5s
EFTA01683514,10,mp4,video,1469947,1.4,https://www.justice.gov/epstein/files/DataSet%2010/EFTA01683514.pdf,True,yes,4,2.8,1080x1440,Video with speech (4 words transcribed); 1080x1440; 3s
EFTA01683515,10,mp4,video,3839174,3.66,https://www.justice.gov/epstein/files/DataSet%2010/EFTA01683515.pdf,True,yes,54,27.3,720x1280,Video with speech (54 words transcribed); 720x1280; 27s
EFTA01683516,10,mp4,video,19645638,18.74,https://www.justice.gov/epstein/files/DataSet%2010/EFTA01683516.pdf,True,yes,4,71.0,720x1280,Video with speech (4 words transcribed); 720x1280; 1.2min
EFTA01683517,10,mp4,video,5872290,5.6,https://www.justice.gov/epstein/files/DataSet%2010/EFTA01683517.pdf,True,yes,12,26.1,720x1280,Video with speech (12 words transcribed); 720x1280; 26s
EFTA01683518,10,mp4,video,2055591,1.96,https://www.justice.gov/epstein/files/DataSet%2010/EFTA01683518.pdf,True,yes,3,14.7,720x1280,Video with speech (3 words transcribed); 720x1280; 15s
EFTA01683519,10,mp4,video,556516,0.53,https://www.justice.gov/epstein/files/DataSet%2010/EFTA01683519.pdf,True,yes,0,25.1,224x128,Video (no speech detected); 224x128; 25s
EFTA01683520,10,mp4,video,14173504,13.52,https://www.justice.gov/epstein/files/DataSet%2010/EFTA01683520.pdf,True,yes,0,52.1,720x1280,Video (no speech detected); 720x1280; 52s
EFTA01683521,10,mp4,video,319530,0.3,https://www.justice.gov/epstein/files/DataSet%2010/EFTA01683521.pdf,True,yes,5,14.5,720x1280,Video with speech (5 words transcribed); 720x1280; 14s
EFTA01683522,10,mp4,video,9920120,9.46,https://www.justice.gov/epstein/files/DataSet%2010/EFTA01683522.pdf,True,yes,8,38.3,720x1280,Video with speech (8 words transcribed); 720x1280; 38s
EFTA01683523,10,mp4,video,4199577,4.01,https://www.justice.gov/epstein/files/DataSet%2010/EFTA01683523.pdf,True,yes,0,74.6,540x960,Video (no speech detected); 540x960; 1.2min
EFTA01683524,10,mp4,video,738927,0.7,https://www.justice.gov/epstein/files/DataSet%2010/EFTA01683524.pdf,True,yes,0,42.1,1280x720,Video (no speech detected); 1280x720; 42s
EFTA01683525,10,mp4,video,1202731,1.15,https://www.justice.gov/epstein/files/DataSet%2010/EFTA01683525.pdf,True,yes,11,7.6,640x1136,Video with speech (11 words transcribed); 640x1136; 8s
EFTA01683526,10,mp4,video,225803,0.22,https://www.justice.gov/epstein/files/DataSet%2010/EFTA01683526.pdf,True,yes,0,9.9,720x1280,Video (no speech detected); 720x1280; 10s
EFTA01683527,10,mp4,video,3776861,3.6,https://www.justice.gov/epstein/files/DataSet%2010/EFTA01683527.pdf,True,yes,0,40.1,720x1280,Video (no speech detected); 720x1280; 40s
EFTA01683528,10,mp4,video,2739382,2.61,https://www.justice.gov/epstein/files/DataSet%2010/EFTA01683528.pdf,True,yes,0,92.1,854x480,Video (no speech detected); 854x480; 1.5min
EFTA01683529,10,mp4,video,1188806,1.13,https://www.justice.gov/epstein/files/DataSet%2010/EFTA01683529.pdf,True,yes,14,45.7,224x128,Video with speech (14 words transcribed); 224x128; 46s
EFTA01683530,10,mp4,video,655342,0.62,https://www.justice.gov/epstein/files/DataSet%2010/EFTA01683530.pdf,True,yes,0,2.5,720x1280,Video (no speech detected); 720x1280; 2s
EFTA01683531,10,mp4,video,247576,0.24,https://www.justice.gov/epstein/files/DataSet%2010/EFTA01683531.pdf,True,yes,0,11.2,720x1280,Video (no speech detected); 720x1280; 11s
EFTA01683532,10,mp4,video,266721,0.25,https://www.justice.gov/epstein/files/DataSet%2010/EFTA01683532.pdf,False,,,12.8,720x1280,Silent surveillance video; 720x1280; 13s
EFTA01683533,10,mp4,video,2420343,2.31,https://www.justice.gov/epstein/files/DataSet%2010/EFTA01683533.pdf,True,yes,0,39.5,488x960,Video (no speech detected); 488x960; 40s
EFTA01683534,10,mp4,video,544950,0.52,https://www.justice.gov/epstein/files/DataSet%2010/EFTA01683534.pdf,True,yes,0,9.0,720x1280,Video (no speech detected); 720x1280; 9s
EFTA01683535,10,mp4,video,1466130,1.4,https://www.justice.gov/epstein/files/DataSet%2010/EFTA01683535.pdf,True,yes,0,15.0,720x1280,Video (no speech detected); 720x1280; 15s
EFTA01683536,10,mp4,video,2335036,2.23,https://www.justice.gov/epstein/files/DataSet%2010/EFTA01683536.pdf,True,yes,0,14.8,720x1280,Video (no speech detected); 720x1280; 15s
EFTA01683537,10,mp4,video,367596,0.35,https://www.justice.gov/epstein/files/DataSet%2010/EFTA01683537.pdf,True,yes,0,10.7,720x1280,Video (no speech detected); 720x1280; 11s
EFTA01683538,10,mp4,video,1344171,1.28,https://www.justice.gov/epstein/files/DataSet%2010/EFTA01683538.pdf,True,yes,0,14.7,720x1280,Video (no speech detected); 720x1280; 15s
EFTA01683539,10,mp4,video,660194,0.63,https://www.justice.gov/epstein/files/DataSet%2010/EFTA01683539.pdf,True,yes,0,24.1,720x1280,Video (no speech detected); 720x1280; 24s
EFTA01683540,10,mp4,video,5185995,4.95,https://www.justice.gov/epstein/files/DataSet%2010/EFTA01683540.pdf,True,yes,62,51.8,540x960,Video with speech (62 words transcribed); 540x960; 52s
EFTA01683541,10,mp4,video,392553,0.37,https://www.justice.gov/epstein/files/DataSet%2010/EFTA01683541.pdf,True,yes,0,5.4,720x1280,Video (no speech detected); 720x1280; 5s
EFTA01683542,10,mp4,video,520697,0.5,https://www.justice.gov/epstein/files/DataSet%2010/EFTA01683542.pdf,True,yes,0,4.9,720x1280,Video (no speech detected); 720x1280; 5s
EFTA01683543,10,mp4,video,4332197,4.13,https://www.justice.gov/epstein/files/DataSet%2010/EFTA01683543.pdf,True,yes,0,13.7,1280x720,Video (no speech detected); 1280x720; 14s
EFTA01683544,10,mp4,video,538815,0.51,https://www.justice.gov/epstein/files/DataSet%2010/EFTA01683544.pdf,True,yes,0,7.0,720x1280,Video (no speech detected); 720x1280; 7s
EFTA01683545,10,mp4,video,1703159,1.62,https://www.justice.gov/epstein/files/DataSet%2010/EFTA01683545.pdf,True,yes,0,10.1,720x1280,Video (no speech detected); 720x1280; 10s
EFTA01683546,10,wav,audio,751484,0.72,https://www.justice.gov/epstein/files/DataSet%2010/EFTA01683546.pdf,True,yes,0,47.0,,Audio recording (no speech detected); 47s
EFTA01683547,10,wav,audio,815114,0.78,https://www.justice.gov/epstein/files/DataSet%2010/EFTA01683547.pdf,True,yes,0,50.9,,Audio recording (no speech detected); 51s
EFTA01683548,10,wav,audio,438384,0.42,https://www.justice.gov/epstein/files/DataSet%2010/EFTA01683548.pdf,True,yes,0,27.4,,Audio recording (no speech detected); 27s
EFTA01683549,10,m4a,audio,817818,0.78,https://www.justice.gov/epstein/files/DataSet%2010/EFTA01683549.pdf,True,yes,100,51.1,,Audio recording (100 words transcribed); 51s
EFTA01683550,10,mp4,video,243089,0.23,https://www.justice.gov/epstein/files/DataSet%2010/EFTA01683550.pdf,True,yes,5,9.4,568x320,Video with speech (5 words transcribed); 568x320; 9s
EFTA01683551,10,mp4,video,189443,0.18,https://www.justice.gov/epstein/files/DataSet%2010/EFTA01683551.pdf,True,yes,0,6.9,272x480,Video (no speech detected); 272x480; 7s
EFTA01683552,10,mp4,video,558240,0.53,https://www.justice.gov/epstein/files/DataSet%2010/EFTA01683552.pdf,False,,,24.6,720x480,Silent surveillance video; 720x480; 25s
EFTA01683553,10,mp4,video,544904,0.52,https://www.justice.gov/epstein/files/DataSet%2010/EFTA01683553.pdf,False,,,17.7,720x480,Silent surveillance video; 720x480; 18s
EFTA01683554,10,mp4,video,65074,0.06,https://www.justice.gov/epstein/files/DataSet%2010/EFTA01683554.pdf,False,,,0.5,720x480,Silent surveillance video; 720x480; 0s
EFTA01683555,10,mp4,video,355623,0.34,https://www.justice.gov/epstein/files/DataSet%2010/EFTA01683555.pdf,False,,,5.7,720x480,Silent surveillance video; 720x480; 6s
EFTA01683556,10,mp4,video,1827110,1.74,https://www.justice.gov/epstein/files/DataSet%2010/EFTA01683556.pdf,False,,,105.0,720x480,Silent surveillance video; 720x480; 1.8min
EFTA01683557,10,mp4,video,278689,0.27,https://www.justice.gov/epstein/files/DataSet%2010/EFTA01683557.pdf,False,,,1.6,720x480,Silent surveillance video; 720x480; 2s
EFTA01683558,10,mp4,video,395631,0.38,https://www.justice.gov/epstein/files/DataSet%2010/EFTA01683558.pdf,False,,,7.1,720x480,Silent surveillance video; 720x480; 7s
EFTA01683559,10,mp4,video,314525,0.3,https://www.justice.gov/epstein/files/DataSet%2010/EFTA01683559.pdf,False,,,5.0,720x480,Silent surveillance video; 720x480; 5s
EFTA01683560,10,mp4,video,370125,0.35,https://www.justice.gov/epstein/files/DataSet%2010/EFTA01683560.pdf,False,,,10.0,720x480,Silent surveillance video; 720x480; 10s
EFTA01683561,10,mp4,video,567441,0.54,https://www.justice.gov/epstein/files/DataSet%2010/EFTA01683561.pdf,False,,,25.4,720x480,Silent surveillance video; 720x480; 25s
EFTA01683562,10,mp4,video,1075537,1.03,https://www.justice.gov/epstein/files/DataSet%2010/EFTA01683562.pdf,False,,,42.9,720x480,Silent surveillance video; 720x480; 43s
EFTA01683563,10,mp4,video,147730,0.14,https://www.justice.gov/epstein/files/DataSet%2010/EFTA01683563.pdf,False,,,0.5,720x480,Silent surveillance video; 720x480; 0s
EFTA01683564,10,mp4,video,488981,0.47,https://www.justice.gov/epstein/files/DataSet%2010/EFTA01683564.pdf,False,,,7.5,720x480,Silent surveillance video; 720x480; 8s
EFTA01683565,10,mp4,video,46269,0.04,https://www.justice.gov/epstein/files/DataSet%2010/EFTA01683565.pdf,False,,,0.3,720x480,Silent surveillance video; 720x480; 0s
EFTA01683566,10,mp4,video,871331,0.83,https://www.justice.gov/epstein/files/DataSet%2010/EFTA01683566.pdf,False,,,22.7,720x480,Silent surveillance video; 720x480; 23s
EFTA01683567,10,mp4,video,314356,0.3,https://www.justice.gov/epstein/files/DataSet%2010/EFTA01683567.pdf,False,,,4.0,720x480,Silent surveillance video; 720x480; 4s
EFTA01683568,10,mp4,video,913833,0.87,https://www.justice.gov/epstein/files/DataSet%2010/EFTA01683568.pdf,False,,,45.4,720x480,Silent surveillance video; 720x480; 45s
EFTA01683569,10,mp4,video,167397,0.16,https://www.justice.gov/epstein/files/DataSet%2010/EFTA01683569.pdf,False,,,0.5,720x480,Silent surveillance video; 720x480; 0s
EFTA01683570,10,mp4,video,575131,0.55,https://www.justice.gov/epstein/files/DataSet%2010/EFTA01683570.pdf,False,,,9.8,720x480,Silent surveillance video; 720x480; 10s
EFTA01683571,10,mp4,video,873399,0.83,https://www.justice.gov/epstein/files/DataSet%2010/EFTA01683571.pdf,False,,,26.5,720x480,Silent surveillance video; 720x480; 26s
EFTA01683572,10,mp4,video,148025,0.14,https://www.justice.gov/epstein/files/DataSet%2010/EFTA01683572.pdf,False,,,0.5,720x480,Silent surveillance video; 720x480; 0s
EFTA01683573,10,mp4,video,629086,0.6,https://www.justice.gov/epstein/files/DataSet%2010/EFTA01683573.pdf,False,,,22.5,720x480,Silent surveillance video; 720x480; 22s
EFTA01683574,10,mp4,video,354418,0.34,https://www.justice.gov/epstein/files/DataSet%2010/EFTA01683574.pdf,False,,,9.2,720x480,Silent surveillance video; 720x480; 9s
EFTA01688313,10,mp4,video,473316,0.45,https://www.justice.gov/epstein/files/DataSet%2010/EFTA01688313.pdf,True,yes,2,2.5,1080x1440,Video with speech (2 words transcribed); 1080x1440; 2s
EFTA01688314,10,mov,video,2472654,2.36,https://www.justice.gov/epstein/files/DataSet%2010/EFTA01688314.pdf,True,yes,0,2.8,1440x1080,Video (no speech detected); 1440x1080; 3s
EFTA01688315,10,mp4,video,99600881,94.99,https://www.justice.gov/epstein/files/DataSet%2010/EFTA01688315.pdf,True,yes,0,1405.5,720x540,Video (no speech detected); 720x540; 23.4min
EFTA01688316,10,mp4,video,165536992,157.87,https://www.justice.gov/epstein/files/DataSet%2010/EFTA01688316.pdf,True,yes,0,1847.9,720x540,Video (no speech detected); 720x540; 30.8min
EFTA01688317,10,mp4,video,341068,0.33,https://www.justice.gov/epstein/files/DataSet%2010/EFTA01688317.pdf,True,yes,3,2.9,640x480,Video with speech (3 words transcribed); 640x480; 3s
EFTA01688318,10,mp4,video,86663,0.08,https://www.justice.gov/epstein/files/DataSet%2010/EFTA01688318.pdf,True,yes,0,6.5,640x480,Video (no speech detected); 640x480; 6s
EFTA01688319,10,mp4,video,4837475,4.61,https://www.justice.gov/epstein/files/DataSet%2010/EFTA01688319.pdf,True,yes,13,24.8,640x480,Video with speech (13 words transcribed); 640x480; 25s
EFTA01688320,10,mp4,video,492788,0.47,https://www.justice.gov/epstein/files/DataSet%2010/EFTA01688320.pdf,True,yes,94,34.4,176x144,Video with speech (94 words transcribed); 176x144; 34s
EFTA01688321,10,mp4,video,7999406,7.63,https://www.justice.gov/epstein/files/DataSet%2010/EFTA01688321.pdf,True,yes,375,154.2,568x320,Video with speech (375 words transcribed); 568x320; 2.6min
EFTA01688322,10,mp4,video,603011,0.58,https://www.justice.gov/epstein/files/DataSet%2010/EFTA01688322.pdf,True,yes,8,14.1,480x640,Video with speech (8 words transcribed); 480x640; 14s
EFTA01688323,10,mp4,video,415984,0.4,https://www.justice.gov/epstein/files/DataSet%2010/EFTA01688323.pdf,True,yes,0,32.4,320x240,Video (no speech detected); 320x240; 32s
EFTA01688324,10,mp4,video,779162,0.74,https://www.justice.gov/epstein/files/DataSet%2010/EFTA01688324.pdf,True,yes,0,2.8,1080x1920,Video (no speech detected); 1080x1920; 3s
EFTA01688325,10,mp4,video,496254,0.47,https://www.justice.gov/epstein/files/DataSet%2010/EFTA01688325.pdf,True,yes,8,9.4,272x480,Video with speech (8 words transcribed); 272x480; 9s
EFTA01688326,10,mp4,video,1392162,1.33,https://www.justice.gov/epstein/files/DataSet%2010/EFTA01688326.pdf,True,yes,21,39.4,568x320,Video with speech (21 words transcribed); 568x320; 39s
EFTA01688327,10,mp4,video,107802,0.1,https://www.justice.gov/epstein/files/DataSet%2010/EFTA01688327.pdf,True,yes,0,2.7,640x480,Video (no speech detected); 640x480; 3s
EFTA01688328,10,mp4,video,884951,0.84,https://www.justice.gov/epstein/files/DataSet%2010/EFTA01688328.pdf,True,yes,0,26.1,272x480,Video (no speech detected); 272x480; 26s
EFTA01688329,10,mp4,video,424098,0.4,https://www.justice.gov/epstein/files/DataSet%2010/EFTA01688329.pdf,True,yes,3,9.1,272x480,Video with speech (3 words transcribed); 272x480; 9s
EFTA01688330,10,mp4,video,1469966,1.4,https://www.justice.gov/epstein/files/DataSet%2010/EFTA01688330.pdf,True,yes,7,54.0,272x480,Video with speech (7 words transcribed); 272x480; 54s
EFTA01688331,10,mp4,video,2210078,2.11,https://www.justice.gov/epstein/files/DataSet%2010/EFTA01688331.pdf,True,yes,25,54.0,272x480,Video with speech (25 words transcribed); 272x480; 54s
EFTA01688332,10,mp4,video,2369842,2.26,https://www.justice.gov/epstein/files/DataSet%2010/EFTA01688332.pdf,True,yes,0,5.8,1080x1920,Video (no speech detected); 1080x1920; 6s
EFTA01688333,10,mp4,video,184201,0.18,https://www.justice.gov/epstein/files/DataSet%2010/EFTA01688333.pdf,True,yes,2,12.7,480x480,Video with speech (2 words transcribed); 480x480; 13s
EFTA01688334,10,mp4,video,1249270,1.19,https://www.justice.gov/epstein/files/DataSet%2010/EFTA01688334.pdf,True,yes,0,33.1,320x568,Video (no speech detected); 320x568; 33s
EFTA01688335,10,mp4,video,8823068,8.41,https://www.justice.gov/epstein/files/DataSet%2010/EFTA01688335.pdf,True,yes,52,34.1,320x568,Video with speech (52 words transcribed); 320x568; 34s
EFTA01688336,10,mp3,audio,294192,0.28,https://www.justice.gov/epstein/files/DataSet%2010/EFTA01688336.pdf,True,yes,177,72.1,,Audio recording (177 words transcribed); 1.2min
EFTA01688337,10,mp4,video,3832847,3.66,https://www.justice.gov/epstein/files/DataSet%2010/EFTA01688337.pdf,True,yes,176,78.3,568x320,Video with speech (176 words transcribed); 568x320; 1.3min
EFTA01688338,10,mp4,video,1713644,1.63,https://www.justice.gov/epstein/files/DataSet%2010/EFTA01688338.pdf,True,yes,155,44.3,352x288,Video with speech (155 words transcribed); 352x288; 44s
EFTA01688339,10,mp4,video,1710214,1.63,https://www.justice.gov/epstein/files/DataSet%2010/EFTA01688339.pdf,True,yes,93,35.7,568x320,Video with speech (93 words transcribed); 568x320; 36s
EFTA01688340,10,mp4,video,196328,0.19,https://www.justice.gov/epstein/files/DataSet%2010/EFTA01688340.pdf,True,yes,5,9.4,568x320,Video with speech (5 words transcribed); 568x320; 9s
EFTA01688341,10,mp4,video,190694,0.18,https://www.justice.gov/epstein/files/DataSet%2010/EFTA01688341.pdf,True,yes,10,7.4,568x320,Video with speech (10 words transcribed); 568x320; 7s
EFTA01688342,10,mp4,video,1277080,1.22,https://www.justice.gov/epstein/files/DataSet%2010/EFTA01688342.pdf,True,yes,0,29.2,568x320,Video (no speech detected); 568x320; 29s
EFTA01688343,10,mp4,video,770013,0.73,https://www.justice.gov/epstein/files/DataSet%2010/EFTA01688343.pdf,True,yes,8,15.0,480x480,Video with speech (8 words transcribed); 480x480; 15s
EFTA01688344,10,mp4,video,137759,0.13,https://www.justice.gov/epstein/files/DataSet%2010/EFTA01688344.pdf,True,yes,0,6.9,272x480,Video (no speech detected); 272x480; 7s
EFTA01688349,10,mp4,video,4381246,4.18,https://www.justice.gov/epstein/files/DataSet%2010/EFTA01688349.pdf,True,yes,0,41.7,1280x720,Video (no speech detected); 1280x720; 42s
EFTA01688350,10,mp4,video,216527,0.21,https://www.justice.gov/epstein/files/DataSet%2010/EFTA01688350.pdf,True,yes,0,30.7,128x224,Video (no speech detected); 128x224; 31s
EFTA01688351,10,mp4,video,2363666,2.25,https://www.justice.gov/epstein/files/DataSet%2010/EFTA01688351.pdf,True,yes,0,13.7,720x1280,Video (no speech detected); 720x1280; 14s
EFTA01688352,10,mp4,video,1710214,1.63,https://www.justice.gov/epstein/files/DataSet%2010/EFTA01688352.pdf,True,yes,93,35.7,568x320,Video with speech (93 words transcribed); 568x320; 36s
EFTA01688353,10,mp4,video,545736,0.52,https://www.justice.gov/epstein/files/DataSet%2010/EFTA01688353.pdf,True,yes,0,2.0,720x960,Video (no speech detected); 720x960; 2s
EFTA01688354,10,mp4,video,418708,0.4,https://www.justice.gov/epstein/files/DataSet%2010/EFTA01688354.pdf,True,yes,0,9.3,320x568,Video (no speech detected); 320x568; 9s
EFTA01688355,10,mp4,video,2342472,2.23,https://www.justice.gov/epstein/files/DataSet%2010/EFTA01688355.pdf,True,yes,0,97.0,480x272,Video (no speech detected); 480x272; 1.6min
EFTA01688356,10,mp4,video,713835,0.68,https://www.justice.gov/epstein/files/DataSet%2010/EFTA01688356.pdf,True,yes,13,13.5,480x848,Video with speech (13 words transcribed); 480x848; 14s
EFTA01688357,10,mp4,video,7572541,7.22,https://www.justice.gov/epstein/files/DataSet%2010/EFTA01688357.pdf,True,yes,0,19.5,720x1280,Video (no speech detected); 720x1280; 20s
EFTA01688358,10,mp4,video,6846516,6.53,https://www.justice.gov/epstein/files/DataSet%2010/EFTA01688358.pdf,True,yes,0,14.3,1664x1082,Video (no speech detected); 1664x1082; 14s
EFTA01731285,10,mp4,video,7725175,7.37,https://www.justice.gov/epstein/files/DataSet%2010/EFTA01731285.pdf,True,yes,0,45.8,1080x1920,Video (no speech detected); 1080x1920; 46s
EFTA02674462,11,m4v,video,541647,0.52,https://www.justice.gov/epstein/files/DataSet%2011/EFTA02674462.pdf,True,yes,29,17.8,208x160,Video with speech (29 words transcribed); 208x160; 18s
EFTA02698946,11,m4v,video,8400,0.01,https://www.justice.gov/epstein/files/DataSet%2011/EFTA02698946.pdf,True,yes,0,0.5,568x320,Video (no speech detected); 568x320; 0s
EFTA02713876,11,m4v,video,805858,0.77,https://www.justice.gov/epstein/files/DataSet%2011/EFTA02713876.pdf,True,yes,7,17.4,320x568,Video with speech (7 words transcribed); 320x568; 17s
EFTA02720005,11,m4v,video,9513218,9.07,https://www.justice.gov/epstein/files/DataSet%2011/EFTA02720005.pdf,True,yes,151,158.2,1280x720,Video with speech (151 words transcribed); 1280x720; 2.6min
