EFTA01135991,9,unknown,unknown,,,https://www.justice.gov/epstein/files/DataSet%209/EFTA01135991.pdf,,,,,,No Images Produced — native file type unknown
EFTA01135992,9,unknown,unknown,,,https://www.justice.gov/epstein/files/DataSet%209/EFTA01135992.pdf,,,,,,No Images Produced — native file type unknown
EFTA01135993,9,unknown,unknown,,,https://www.justice.gov/epstein/files/DataSet%209/EFTA01135993.pdf,,,,,,No Images Produced — native file type unknown
EFTA01135997,9,unknown,unknown,,,https://www.justice.gov/epstein/files/DataSet%209/EFTA01135997.pdf,,,,,,No Images Produced — native file type unknown
EFTA01136088,9,mov,video,,,https://www.justice.gov/epstein/files/DataSet%209/EFTA01136088.pdf,,,,,,
EFTA01136290,9,avi,video,,,https://www.justice.gov/epstein/files/DataSet%209/EFTA01136290.pdf,,,,,,
EFTA01136478,9,mov,video,,,https://www.justice.gov/epstein/files/DataSet%209/EFTA01136478.pdf,,,,,,
EFTA01137029,9,m4v,video,,,https://www.justice.gov/epstein/files/DataSet%209/EFTA01137029.pdf,,,,,,
EFTA01137173,9,mov,video,,,https://www.justice.gov/epstein/files/DataSet%209/EFTA01137173.pdf,,,,,,
EFTA01137990,9,m4a,audio,,,https://www.justice.gov/epstein/files/DataSet%209/EFTA01137990.pdf,,,,,,
EFTA01138379,9,avi,video,,,https://www.justice.gov/epstein/files/DataSet%209/EFTA01138379.pdf,,,,,,
EFTA01138821,9,avi,video,,,https://www.justice.gov/epstein/files/DataSet%209/EFTA01138821.pdf,,,,,,
EFTA01139115,9,avi,video,,,https://www.justice.gov/epstein/files/DataSet%209/EFTA01139115.pdf,,,,,,
EFTA01139139,9,avi,video,,,https://www.justice.gov/epstein/files/DataSet%209/EFTA01139139.pdf,,,,,,
EFTA01139965,9,mov,video,,,https://www.justice.gov/epstein/files/DataSet%209/EFTA01139965.pdf,,,,,,
EFTA01140431,9,m4v,video,,,https://www.justice.gov/epstein/files/DataSet%209/EFTA01140431.pdf,,,,,,
EFTA01140602,9,m4a,audio,,,https://www.justice.gov/epstein/files/DataSet%209/EFTA01140602.pdf,,,,,,
EFTA01140619,9,avi,video,,,https://www.justice.gov/epstein/files/DataSet%209/EFTA01140619.pdf,,,,,,
EFTA01141209,9,m4v,video,,,https://www.justice.gov/epstein/files/DataSet%209/EFTA01141209.pdf,,,,,,
EFTA01141213,9,m4v,video,,,https://www.justice.gov/epstein/files/DataSet%209/EFTA01141213.pdf,,,,,,
EFTA01141481,9,avi,video,,,https://www.justice.gov/epstein/files/DataSet%209/EFTA01141481.pdf,,,,,,
EFTA01141497,9,unknown,unknown,,,https://www.justice.gov/epstein/files/DataSet%209/EFTA01141497.pdf,,,,,,No Images Produced — native file type unknown
EFTA01141793,9,m4a,audio,,,https://www.justice.gov/epstein/files/DataSet%209/EFTA01141793.pdf,,,,,,
EFTA01141834,9,avi,video,,,https://www.justice.gov/epstein/files/DataSet%209/EFTA01141834.pdf,,,,,,
EFTA01143700,9,unknown,unknown,,,https://www.justice.gov/epstein/files/DataSet%209/EFTA01143700.pdf,,,,,,No Images Produced — native file type unknown
EFTA01143702,9,unknown,unknown,,,https://www.justice.gov/epstein/files/DataSet%209/EFTA01143702.pdf,,,,,,No Images Produced — native file type unknown
EFTA01143757,9,unknown,unknown,,,https://www.justice.gov/epstein/files/DataSet%209/EFTA01143757.pdf,,,,,,No Images Produced — native file type unknown
EFTA01143758,9,unknown,unknown,,,https://www.justice.gov/epstein/files/DataSet%209/EFTA01143758.pdf,,,,,,No Images Produced — native file type unknown
EFTA01143759,9,unknown,unknown,,,https://www.justice.gov/epstein/files/DataSet%209/EFTA01143759.pdf,,,,,,No Images Produced — native file type unknown
EFTA01143766,9,unknown,unknown,,,https://www.justice.gov/epstein/files/DataSet%209/EFTA01143766.pdf,,,,,,No Images Produced — native file type unknown
EFTA01143790,9,unknown,unknown,,,https://www.justice.gov/epstein/files/DataSet%209/EFTA01143790.pdf,,,,,,No Images Produced — native file type unknown
EFTA01143791,9,unknown,unknown,,,https://www.justice.gov/epstein/files/DataSet%209/EFTA01143791.pdf,,,,,,No Images Produced — native file type unknown
EFTA01143792,9,unknown,unknown,,,https://www.justice.gov/epstein/files/DataSet%209/EFTA01143792.pdf,,,,,,No Images Produced — native file type unknown
EFTA01143794,9,unknown,unknown,,,https://www.justice.gov/epstein/files/DataSet%209/EFTA01143794.pdf,,,,,,No Images Produced — native file type unknown
EFTA01143816,9,unknown,unknown,,,https://www.justice.gov/epstein/files/DataSet%209/EFTA01143816.pdf,,,,,,No Images Produced — native file type unknown
EFTA01143830,9,unknown,unknown,,,https://www.justice.gov/epstein/files/DataSet%209/EFTA01143830.pdf,,,,,,No Images Produced — native file type unknown
EFTA01143903,9,unknown,unknown,,,https://www.justice.gov/epstein/files/DataSet%209/EFTA01143903.pdf,,,,,,No Images Produced — native file type unknown
EFTA01143950,9,unknown,unknown,,,https://www.justice.gov/epstein/files/DataSet%209/EFTA01143950.pdf,,,,,,No Images Produced — native file type unknown
EFTA01143952,9,unknown,unknown,,,https://www.justice.gov/epstein/files/DataSet%209/EFTA01143952.pdf,,,,,,No Images Produced — native file type unknown
EFTA01143979,9,unknown,unknown,,,https://www.justice.gov/epstein/files/DataSet%209/EFTA01143979.pdf,,,,,,No Images Produced — native file type unknown
EFTA01143993,9,unknown,unknown,,,https://www.justice.gov/epstein/files/DataSet%209/EFTA01143993.pdf,,,,,,No Images Produced — native file type unknown
EFTA01143994,9,unknown,unknown,,,https://www.justice.gov/epstein/files/DataSet%209/EFTA01143994.pdf,,,,,,No Images Produced — native file type unknown
EFTA01143995,9,unknown,unknown,,,https://www.justice.gov/epstein/files/DataSet%209/EFTA01143995.pdf,,,,,,No Images Produced — native file type unknown
EFTA01143999,9,unknown,unknown,,,https://www.justice.gov/epstein/files/DataSet%209/EFTA01143999.pdf,,,,,,No Images Produced — native file type unknown
EFTA01144014,9,unknown,unknown,,,https://www.justice.gov/epstein/files/DataSet%209/EFTA01144014.pdf,,,,,,No Images Produced — native file type unknown
EFTA01144023,9,unknown,unknown,,,https://www.justice.gov/epstein/files/DataSet%209/EFTA01144023.pdf,,,,,,No Images Produced — native file type unknown
EFTA01144026,9,unknown,unknown,,,https://www.justice.gov/epstein/files/DataSet%209/EFTA01144026.pdf,,,,,,No Images Produced — native file type unknown
EFTA01144028,9,unknown,unknown,,,https://www.justice.gov/epstein/files/DataSet%209/EFTA01144028.pdf,,,,,,No Images Produced — native file type unknown
EFTA01144031,9,unknown,unknown,,,https://www.justice.gov/epstein/files/DataSet%209/EFTA01144031.pdf,,,,,,No Images Produced — native file type unknown
EFTA01144040,9,unknown,unknown,,,https://www.justice.gov/epstein/files/DataSet%209/EFTA01144040.pdf,,,,,,No Images Produced — native file type unknown
EFTA01144041,9,unknown,unknown,,,https://www.justice.gov/epstein/files/DataSet%209/EFTA01144041.pdf,,,,,,No Images Produced — native file type unknown
EFTA01144042,9,unknown,unknown,,,https://www.justice.gov/epstein/files/DataSet%209/EFTA01144042.pdf,,,,,,No Images Produced — native file type unknown
EFTA01144052,9,unknown,unknown,,,https://www.justice.gov/epstein/files/DataSet%209/EFTA01144052.pdf,,,,,,No Images Produced — native file type unknown
EFTA01144053,9,unknown,unknown,,,https://www.justice.gov/epstein/files/DataSet%209/EFTA01144053.pdf,,,,,,No Images Produced — native file type unknown
EFTA01144055,9,unknown,unknown,,,https://www.justice.gov/epstein/files/DataSet%209/EFTA01144055.pdf,,,,,,No Images Produced — native file type unknown
EFTA01144056,9,unknown,unknown,,,https://www.justice.gov/epstein/files/DataSet%209/EFTA01144056.pdf,,,,,,No Images Produced — native file type unknown
EFTA01144057,9,unknown,unknown,,,https://www.justice.gov/epstein/files/DataSet%209/EFTA01144057.pdf,,,,,,No Images Produced — native file type unknown
EFTA01144058,9,unknown,unknown,,,https://www.justice.gov/epstein/files/DataSet%209/EFTA01144058.pdf,,,,,,No Images Produced — native file type unknown
EFTA01144066,9,unknown,unknown,,,https://www.justice.gov/epstein/files/DataSet%209/EFTA01144066.pdf,,,,,,No Images Produced — native file type unknown
EFTA01144100,9,unknown,unknown,,,https://www.justice.gov/epstein/files/DataSet%209/EFTA01144100.pdf,,,,,,No Images Produced — native file type unknown
EFTA01144102,9,unknown,unknown,,,https://www.justice.gov/epstein/files/DataSet%209/EFTA01144102.pdf,,,,,,No Images Produced — native file type unknown
EFTA01144105,9,unknown,unknown,,,https://www.justice.gov/epstein/files/DataSet%209/EFTA01144105.pdf,,,,,,No Images Produced — native file type unknown
EFTA01144107,9,unknown,unknown,,,https://www.justice.gov/epstein/files/DataSet%209/EFTA01144107.pdf,,,,,,No Images Produced — native file type unknown
EFTA01144110,9,unknown,unknown,,,https://www.justice.gov/epstein/files/DataSet%209/EFTA01144110.pdf,,,,,,No Images Produced — native file type unknown
EFTA01144126,9,unknown,unknown,,,https://www.justice.gov/epstein/files/DataSet%209/EFTA01144126.pdf,,,,,,No Images Produced — native file type unknown
EFTA01144130,9,unknown,unknown,,,https://www.justice.gov/epstein/files/DataSet%209/EFTA01144130.pdf,,,,,,No Images Produced — native file type unknown
EFTA01144131,9,unknown,unknown,,,https://www.justice.gov/epstein/files/DataSet%209/EFTA01144131.pdf,,,,,,No Images Produced — native file type unknown
EFTA01144133,9,unknown,unknown,,,https://www.justice.gov/epstein/files/DataSet%209/EFTA01144133.pdf,,,,,,No Images Produced — native file type unknown
EFTA01144135,9,unknown,unknown,,,https://www.justice.gov/epstein/files/DataSet%209/EFTA01144135.pdf,,,,,,No Images Produced — native file type unknown
EFTA01144137,9,unknown,unknown,,,https://www.justice.gov/epstein/files/DataSet%209/EFTA01144137.pdf,,,,,,No Images Produced — native file type unknown
EFTA01144140,9,unknown,unknown,,,https://www.justice.gov/epstein/files/DataSet%209/EFTA01144140.pdf,,,,,,No Images Produced — native file type unknown
EFTA01144142,9,unknown,unknown,,,https://www.justice.gov/epstein/files/DataSet%209/EFTA01144142.pdf,,,,,,No Images Produced — native file type unknown
EFTA01144146,9,unknown,unknown,,,https://www.justice.gov/epstein/files/DataSet%209/EFTA01144146.pdf,,,,,,No Images Produced — native file type unknown
EFTA01144148,9,unknown,unknown,,,https://www.justice.gov/epstein/files/DataSet%209/EFTA01144148.pdf,,,,,,No Images Produced — native file type unknown
EFTA01144150,9,unknown,unknown,,,https://www.justice.gov/epstein/files/DataSet%209/EFTA01144150.pdf,,,,,,No Images Produced — native file type unknown
EFTA01144152,9,unknown,unknown,,,https://www.justice.gov/epstein/files/DataSet%209/EFTA01144152.pdf,,,,,,No Images Produced — native file type unknown
EFTA01144154,9,unknown,unknown,,,https://www.justice.gov/epstein/files/DataSet%209/EFTA01144154.pdf,,,,,,No Images Produced — native file type unknown
EFTA01144156,9,unknown,unknown,,,https://www.justice.gov/epstein/files/DataSet%209/EFTA01144156.pdf,,,,,,No Images Produced — native file type unknown
EFTA01144160,9,unknown,unknown,,,https://www.justice.gov/epstein/files/DataSet%209/EFTA01144160.pdf,,,,,,No Images Produced — native file type unknown
EFTA01144165,9,unknown,unknown,,,https://www.justice.gov/epstein/files/DataSet%209/EFTA01144165.pdf,,,,,,No Images Produced — native file type unknown
EFTA01144168,9,unknown,unknown,,,https://www.justice.gov/epstein/files/DataSet%209/EFTA01144168.pdf,,,,,,No Images Produced — native file type unknown
EFTA01144170,9,unknown,unknown,,,https://www.justice.gov/epstein/files/DataSet%209/EFTA01144170.pdf,,,,,,No Images Produced — native file type unknown
EFTA01144172,9,unknown,unknown,,,https://www.justice.gov/epstein/files/DataSet%209/EFTA01144172.pdf,,,,,,No Images Produced — native file type unknown
EFTA01144174,9,unknown,unknown,,,https://www.justice.gov/epstein/files/DataSet%209/EFTA01144174.pdf,,,,,,No Images Produced — native file type unknown
EFTA01144177,9,unknown,unknown,,,https://www.justice.gov/epstein/files/DataSet%209/EFTA01144177.pdf,,,,,,No Images Produced — native file type unknown
EFTA01144179,9,unknown,unknown,,,https://www.justice.gov/epstein/files/DataSet%209/EFTA01144179.pdf,,,,,,No Images Produced — native file type unknown
EFTA01144181,9,unknown,unknown,,,https://www.justice.gov/epstein/files/DataSet%209/EFTA01144181.pdf,,,,,,No Images Produced — native file type unknown
EFTA01144182,9,unknown,unknown,,,https://www.justice.gov/epstein/files/DataSet%209/EFTA01144182.pdf,,,,,,No Images Produced — native file type unknown
EFTA01144184,9,unknown,unknown,,,https://www.justice.gov/epstein/files/DataSet%209/EFTA01144184.pdf,,,,,,No Images Produced — native file type unknown
EFTA01144187,9,unknown,unknown,,,https://www.justice.gov/epstein/files/DataSet%209/EFTA01144187.pdf,,,,,,No Images Produced — native file type unknown
EFTA01144189,9,unknown,unknown,,,https://www.justice.gov/epstein/files/DataSet%209/EFTA01144189.pdf,,,,,,No Images Produced — native file type unknown
EFTA01144191,9,unknown,unknown,,,https://www.justice.gov/epstein/files/DataSet%209/EFTA01144191.pdf,,,,,,No Images Produced — native file type unknown
EFTA01144193,9,unknown,unknown,,,https://www.justice.gov/epstein/files/DataSet%209/EFTA01144193.pdf,,,,,,No Images Produced — native file type unknown
EFTA01144195,9,unknown,unknown,,,https://www.justice.gov/epstein/files/DataSet%209/EFTA01144195.pdf,,,,,,No Images Produced — native file type unknown
EFTA01144199,9,unknown,unknown,,,https://www.justice.gov/epstein/files/DataSet%209/EFTA01144199.pdf,,,,,,No Images Produced — native file type unknown
EFTA01144203,9,unknown,unknown,,,https://www.justice.gov/epstein/files/DataSet%209/EFTA01144203.pdf,,,,,,No Images Produced — native file type unknown
EFTA01144222,9,unknown,unknown,,,https://www.justice.gov/epstein/files/DataSet%209/EFTA01144222.pdf,,,,,,No Images Produced — native file type unknown
EFTA01144250,9,unknown,unknown,,,https://www.justice.gov/epstein/files/DataSet%209/EFTA01144250.pdf,,,,,,No Images Produced — native file type unknown
EFTA01144265,9,unknown,unknown,,,https://www.justice.gov/epstein/files/DataSet%209/EFTA01144265.pdf,,,,,,No Images Produced — native file type unknown
EFTA01144362,9,m4v,video,,,https://www.justice.gov/epstein/files/DataSet%209/EFTA01144362.pdf,,,,,,
EFTA01144363,9,m4v,video,,,https://www.justice.gov/epstein/files/DataSet%209/EFTA01144363.pdf,,,,,,
EFTA01144364,9,unknown,unknown,,,https://www.justice.gov/epstein/files/DataSet%209/EFTA01144364.pdf,,,,,,No Images Produced — native file type unknown
EFTA01144697,9,m4v,video,,,https://www.justice.gov/epstein/files/DataSet%209/EFTA01144697.pdf,,,,,,
EFTA01145508,9,mov,video,,,https://www.justice.gov/epstein/files/DataSet%209/EFTA01145508.pdf,,,,,,
EFTA01145525,9,avi,video,,,https://www.justice.gov/epstein/files/DataSet%209/EFTA01145525.pdf,,,,,,
EFTA01145820,9,unknown,unknown,,,https://www.justice.gov/epstein/files/DataSet%209/EFTA01145820.pdf,,,,,,No Images Produced — native file type unknown
EFTA01145825,9,m4v,video,,,https://www.justice.gov/epstein/files/DataSet%209/EFTA01145825.pdf,,,,,,
EFTA01145882,9,unknown,unknown,,,https://www.justice.gov/epstein/files/DataSet%209/EFTA01145882.pdf,,,,,,No Images Produced — native file type unknown
EFTA01147043,9,m4v,video,,,https://www.justice.gov/epstein/files/DataSet%209/EFTA01147043.pdf,,,,,,
EFTA01147152,9,unknown,unknown,,,https://www.justice.gov/epstein/files/DataSet%209/EFTA01147152.pdf,,,,,,No Images Produced — native file type unknown
EFTA01147195,9,unknown,unknown,,,https://www.justice.gov/epstein/files/DataSet%209/EFTA01147195.pdf,,,,,,No Images Produced — native file type unknown
EFTA01147522,9,unknown,unknown,,,https://www.justice.gov/epstein/files/DataSet%209/EFTA01147522.pdf,,,,,,No Images Produced — native file type unknown
EFTA01147524,9,unknown,unknown,,,https://www.justice.gov/epstein/files/DataSet%209/EFTA01147524.pdf,,,,,,No Images Produced — native file type unknown
EFTA01148372,9,m4a,audio,,,https://www.justice.gov/epstein/files/DataSet%209/EFTA01148372.pdf,,,,,,
EFTA01148575,9,avi,video,,,https://www.justice.gov/epstein/files/DataSet%209/EFTA01148575.pdf,,,,,,
EFTA01148746,9,avi,video,,,https://www.justice.gov/epstein/files/DataSet%209/EFTA01148746.pdf,,,,,,
EFTA01148747,9,unknown,unknown,,,https://www.justice.gov/epstein/files/DataSet%209/EFTA01148747.pdf,,,,,,No Images Produced — native file type unknown
EFTA01149091,9,avi,video,,,https://www.justice.gov/epstein/files/DataSet%209/EFTA01149091.pdf,,,,,,
EFTA01149143,9,unknown,unknown,,,https://www.justice.gov/epstein/files/DataSet%209/EFTA01149143.pdf,,,,,,No Images Produced — native file type unknown
EFTA01149251,9,unknown,unknown,,,https://www.justice.gov/epstein/files/DataSet%209/EFTA01149251.pdf,,,,,,No Images Produced — native file type unknown
EFTA01149290,9,unknown,unknown,,,https://www.justice.gov/epstein/files/DataSet%209/EFTA01149290.pdf,,,,,,No Images Produced — native file type unknown
EFTA01149291,9,unknown,unknown,,,https://www.justice.gov/epstein/files/DataSet%209/EFTA01149291.pdf,,,,,,No Images Produced — native file type unknown
EFTA01153273,9,avi,video,,,https://www.justice.gov/epstein/files/DataSet%209/EFTA01153273.pdf,,,,,,
EFTA01153587,9,wav,audio,,,https://www.justice.gov/epstein/files/DataSet%209/EFTA01153587.pdf,,,,,,
EFTA01153924,9,avi,video,,,https://www.justice.gov/epstein/files/DataSet%209/EFTA01153924.pdf,,,,,,
EFTA01154152,9,avi,video,,,https://www.justice.gov/epstein/files/DataSet%209/EFTA01154152.pdf,,,,,,
EFTA01154341,9,avi,video,,,https://www.justice.gov/epstein/files/DataSet%209/EFTA01154341.pdf,,,,,,
EFTA01154497,9,avi,video,,,https://www.justice.gov/epstein/files/DataSet%209/EFTA01154497.pdf,,,,,,
EFTA01155746,9,unknown,unknown,,,https://www.justice.gov/epstein/files/DataSet%209/EFTA01155746.pdf,,,,,,No Images Produced — native file type unknown
EFTA01155951,9,unknown,unknown,,,https://www.justice.gov/epstein/files/DataSet%209/EFTA01155951.pdf,,,,,,No Images Produced — native file type unknown
EFTA01156053,9,unknown,unknown,,,https://www.justice.gov/epstein/files/DataSet%209/EFTA01156053.pdf,,,,,,No Images Produced — native file type unknown
EFTA01156054,9,avi,video,,,https://www.justice.gov/epstein/files/DataSet%209/EFTA01156054.pdf,,,,,,
EFTA01156156,9,avi,video,,,https://www.justice.gov/epstein/files/DataSet%209/EFTA01156156.pdf,,,,,,
EFTA01156745,9,avi,video,,,https://www.justice.gov/epstein/files/DataSet%209/EFTA01156745.pdf,,,,,,
EFTA01156746,9,avi,video,,,https://www.justice.gov/epstein/files/DataSet%209/EFTA01156746.pdf,,,,,,
EFTA01156747,9,avi,video,,,https://www.justice.gov/epstein/files/DataSet%209/EFTA01156747.pdf,,,,,,
EFTA01156748,9,unknown,unknown,,,https://www.justice.gov/epstein/files/DataSet%209/EFTA01156748.pdf,,,,,,No Images Produced — native file type unknown
EFTA01156750,9,mov,video,,,https://www.justice.gov/epstein/files/DataSet%209/EFTA01156750.pdf,,,,,,
EFTA01156751,9,unknown,unknown,,,https://www.justice.gov/epstein/files/DataSet%209/EFTA01156751.pdf,,,,,,No Images Produced — native file type unknown
EFTA01156808,9,unknown,unknown,,,https://www.justice.gov/epstein/files/DataSet%209/EFTA01156808.pdf,,,,,,No Images Produced — native file type unknown
EFTA01156809,9,avi,video,,,https://www.justice.gov/epstein/files/DataSet%209/EFTA01156809.pdf,,,,,,
EFTA01156810,9,avi,video,,,https://www.justice.gov/epstein/files/DataSet%209/EFTA01156810.pdf,,,,,,
EFTA01156811,9,avi,video,,,https://www.justice.gov/epstein/files/DataSet%209/EFTA01156811.pdf,,,,,,
EFTA01156812,9,avi,video,,,https://www.justice.gov/epstein/files/DataSet%209/EFTA01156812.pdf,,,,,,
EFTA01156813,9,avi,video,,,https://www.justice.gov/epstein/files/DataSet%209/EFTA01156813.pdf,,,,,,
EFTA01156814,9,avi,video,,,https://www.justice.gov/epstein/files/DataSet%209/EFTA01156814.pdf,,,,,,
EFTA01156816,9,unknown,unknown,,,https://www.justice.gov/epstein/files/DataSet%209/EFTA01156816.pdf,,,,,,No Images Produced — native file type unknown
EFTA01157435,9,avi,video,,,https://www.justice.gov/epstein/files/DataSet%209/EFTA01157435.pdf,,,,,,
EFTA01158020,9,unknown,unknown,,,https://www.justice.gov/epstein/files/DataSet%209/EFTA01158020.pdf,,,,,,No Images Produced — native file type unknown
EFTA01159673,9,m4a,audio,,,https://www.justice.gov/epstein/files/DataSet%209/EFTA01159673.pdf,,,,,,
EFTA01160081,9,mp3,audio,,,https://www.justice.gov/epstein/files/DataSet%209/EFTA01160081.pdf,,,,,,
EFTA01164774,9,mov,video,,,https://www.justice.gov/epstein/files/DataSet%209/EFTA01164774.pdf,,,,,,
EFTA01166410,9,mov,video,,,https://www.justice.gov/epstein/files/DataSet%209/EFTA01166410.pdf,,,,,,
EFTA01166411,9,mov,video,,,https://www.justice.gov/epstein/files/DataSet%209/EFTA01166411.pdf,,,,,,
EFTA01166739,9,m4a,audio,,,https://www.justice.gov/epstein/files/DataSet%209/EFTA01166739.pdf,,,,,,
EFTA01167025,9,avi,video,,,https://www.justice.gov/epstein/files/DataSet%209/EFTA01167025.pdf,,,,,,
EFTA01167473,9,avi,video,,,https://www.justice.gov/epstein/files/DataSet%209/EFTA01167473.pdf,,,,,,
EFTA01167573,9,avi,video,,,https://www.justice.gov/epstein/files/DataSet%209/EFTA01167573.pdf,,,,,,
EFTA01167814,9,unknown,unknown,,,https://www.justice.gov/epstein/files/DataSet%209/EFTA01167814.pdf,,,,,,No Images Produced — native file type unknown
EFTA01168046,9,avi,video,,,https://www.justice.gov/epstein/files/DataSet%209/EFTA01168046.pdf,,,,,,
EFTA01168488,9,mov,video,,,https://www.justice.gov/epstein/files/DataSet%209/EFTA01168488.pdf,,,,,,
EFTA01168513,9,avi,video,,,https://www.justice.gov/epstein/files/DataSet%209/EFTA01168513.pdf,,,,,,
EFTA01169860,9,unknown,unknown,,,https://www.justice.gov/epstein/files/DataSet%209/EFTA01169860.pdf,,,,,,No Images Produced — native file type unknown
EFTA01171100,9,avi,video,,,https://www.justice.gov/epstein/files/DataSet%209/EFTA01171100.pdf,,,,,,
EFTA01171785,9,mov,video,,,https://www.justice.gov/epstein/files/DataSet%209/EFTA01171785.pdf,,,,,,
EFTA01172247,9,mp3,audio,,,https://www.justice.gov/epstein/files/DataSet%209/EFTA01172247.pdf,,,,,,
EFTA01172515,9,avi,video,,,https://www.justice.gov/epstein/files/DataSet%209/EFTA01172515.pdf,,,,,,
EFTA01172558,9,mov,video,,,https://www.justice.gov/epstein/files/DataSet%209/EFTA01172558.pdf,,,,,,
EFTA01172582,9,mov,video,,,https://www.justice.gov/epstein/files/DataSet%209/EFTA01172582.pdf,,,,,,
EFTA01173463,9,m4a,audio,,,https://www.justice.gov/epstein/files/DataSet%209/EFTA01173463.pdf,,,,,,
EFTA01173972,9,avi,video,,,https://www.justice.gov/epstein/files/DataSet%209/EFTA01173972.pdf,,,,,,
EFTA01173979,9,unknown,unknown,,,https://www.justice.gov/epstein/files/DataSet%209/EFTA01173979.pdf,,,,,,No Images Produced — native file type unknown
EFTA01174642,9,unknown,unknown,,,https://www.justice.gov/epstein/files/DataSet%209/EFTA01174642.pdf,,,,,,No Images Produced — native file type unknown
EFTA01174715,9,mp4,video,,,https://www.justice.gov/epstein/files/DataSet%209/EFTA01174715.pdf,,,,,,
EFTA01175832,9,unknown,unknown,,,https://www.justice.gov/epstein/files/DataSet%209/EFTA01175832.pdf,,,,,,No Images Produced — native file type unknown
EFTA01175911,9,m4a,audio,,,https://www.justice.gov/epstein/files/DataSet%209/EFTA01175911.pdf,,,,,,
EFTA01177273,9,unknown,unknown,,,https://www.justice.gov/epstein/files/DataSet%209/EFTA01177273.pdf,,,,,,No Images Produced — native file type unknown
EFTA01177560,9,unknown,unknown,,,https://www.justice.gov/epstein/files/DataSet%209/EFTA01177560.pdf,,,,,,No Images Produced — native file type unknown
EFTA01177632,9,m4v,video,,,https://www.justice.gov/epstein/files/DataSet%209/EFTA01177632.pdf,,,,,,
EFTA01177808,9,wav,audio,,,https://www.justice.gov/epstein/files/DataSet%209/EFTA01177808.pdf,,,,,,
EFTA01178656,9,m4a,audio,,,https://www.justice.gov/epstein/files/DataSet%209/EFTA01178656.pdf,,,,,,
EFTA01178657,9,mp3,audio,,,https://www.justice.gov/epstein/files/DataSet%209/EFTA01178657.pdf,,,,,,
EFTA01178791,9,m4a,audio,,,https://www.justice.gov/epstein/files/DataSet%209/EFTA01178791.pdf,,,,,,
EFTA01179041,9,avi,video,,,https://www.justice.gov/epstein/files/DataSet%209/EFTA01179041.pdf,,,,,,
EFTA01179077,9,avi,video,,,https://www.justice.gov/epstein/files/DataSet%209/EFTA01179077.pdf,,,,,,
EFTA01179776,9,avi,video,,,https://www.justice.gov/epstein/files/DataSet%209/EFTA01179776.pdf,,,,,,
EFTA01180321,9,mov,video,,,https://www.justice.gov/epstein/files/DataSet%209/EFTA01180321.pdf,,,,,,
EFTA01180564,9,mov,video,,,https://www.justice.gov/epstein/files/DataSet%209/EFTA01180564.pdf,,,,,,
EFTA01180570,9,mov,video,,,https://www.justice.gov/epstein/files/DataSet%209/EFTA01180570.pdf,,,,,,
EFTA01180571,9,mov,video,,,https://www.justice.gov/epstein/files/DataSet%209/EFTA01180571.pdf,,,,,,
EFTA01180573,9,mov,video,,,https://www.justice.gov/epstein/files/DataSet%209/EFTA01180573.pdf,,,,,,
EFTA01181048,9,avi,video,,,https://www.justice.gov/epstein/files/DataSet%209/EFTA01181048.pdf,,,,,,
EFTA01181146,9,m4a,audio,,,https://www.justice.gov/epstein/files/DataSet%209/EFTA01181146.pdf,,,,,,
EFTA01181661,9,m4a,audio,,,https://www.justice.gov/epstein/files/DataSet%209/EFTA01181661.pdf,,,,,,
EFTA01181753,9,m4a,audio,,,https://www.justice.gov/epstein/files/DataSet%209/EFTA01181753.pdf,,,,,,
EFTA01182022,9,avi,video,,,https://www.justice.gov/epstein/files/DataSet%209/EFTA01182022.pdf,,,,,,
EFTA01182023,9,avi,video,,,https://www.justice.gov/epstein/files/DataSet%209/EFTA01182023.pdf,,,,,,
EFTA01182024,9,avi,video,,,https://www.justice.gov/epstein/files/DataSet%209/EFTA01182024.pdf,,,,,,
EFTA01182315,9,m4a,audio,,,https://www.justice.gov/epstein/files/DataSet%209/EFTA01182315.pdf,,,,,,
EFTA01182579,9,avi,video,,,https://www.justice.gov/epstein/files/DataSet%209/EFTA01182579.pdf,,,,,,
EFTA01183620,9,unknown,unknown,,,https://www.justice.gov/epstein/files/DataSet%209/EFTA01183620.pdf,,,,,,No Images Produced — native file type unknown
EFTA01184143,9,m4a,audio,,,https://www.justice.gov/epstein/files/DataSet%209/EFTA01184143.pdf,,,,,,
EFTA01184750,9,avi,video,,,https://www.justice.gov/epstein/files/DataSet%209/EFTA01184750.pdf,,,,,,
EFTA01184935,9,mp3,audio,,,https://www.justice.gov/epstein/files/DataSet%209/EFTA01184935.pdf,,,,,,
EFTA01184969,9,avi,video,,,https://www.justice.gov/epstein/files/DataSet%209/EFTA01184969.pdf,,,,,,
EFTA01184970,9,avi,video,,,https://www.justice.gov/epstein/files/DataSet%209/EFTA01184970.pdf,,,,,,
EFTA01185172,9,avi,video,,,https://www.justice.gov/epstein/files/DataSet%209/EFTA01185172.pdf,,,,,,
EFTA01185173,9,avi,video,,,https://www.justice.gov/epstein/files/DataSet%209/EFTA01185173.pdf,,,,,,
EFTA01185185,9,avi,video,,,https://www.justice.gov/epstein/files/DataSet%209/EFTA01185185.pdf,,,,,,
EFTA01185189,9,avi,video,,,https://www.justice.gov/epstein/files/DataSet%209/EFTA01185189.pdf,,,,,,
EFTA01185381,9,avi,video,,,https://www.justice.gov/epstein/files/DataSet%209/EFTA01185381.pdf,,,,,,
EFTA01185466,9,mp3,audio,,,https://www.justice.gov/epstein/files/DataSet%209/EFTA01185466.pdf,,,,,,
EFTA01185508,9,avi,video,,,https://www.justice.gov/epstein/files/DataSet%209/EFTA01185508.pdf,,,,,,
EFTA01185806,9,avi,video,,,https://www.justice.gov/epstein/files/DataSet%209/EFTA01185806.pdf,,,,,,
EFTA01186499,9,avi,video,,,https://www.justice.gov/epstein/files/DataSet%209/EFTA01186499.pdf,,,,,,
EFTA01186769,9,mov,video,,,https://www.justice.gov/epstein/files/DataSet%209/EFTA01186769.pdf,,,,,,
EFTA01187107,9,mov,video,,,https://www.justice.gov/epstein/files/DataSet%209/EFTA01187107.pdf,,,,,,
EFTA01187172,9,m4a,audio,,,https://www.justice.gov/epstein/files/DataSet%209/EFTA01187172.pdf,,,,,,
EFTA01187179,9,m4a,audio,,,https://www.justice.gov/epstein/files/DataSet%209/EFTA01187179.pdf,,,,,,
EFTA01187591,9,m4a,audio,,,https://www.justice.gov/epstein/files/DataSet%209/EFTA01187591.pdf,,,,,,
EFTA01187856,9,unknown,unknown,,,https://www.justice.gov/epstein/files/DataSet%209/EFTA01187856.pdf,,,,,,No Images Produced — native file type unknown
EFTA01189035,9,unknown,unknown,,,https://www.justice.gov/epstein/files/DataSet%209/EFTA01189035.pdf,,,,,,No Images Produced — native file type unknown
EFTA01189153,9,avi,video,,,https://www.justice.gov/epstein/files/DataSet%209/EFTA01189153.pdf,,,,,,
EFTA01189510,9,avi,video,,,https://www.justice.gov/epstein/files/DataSet%209/EFTA01189510.pdf,,,,,,
EFTA01189824,9,unknown,unknown,,,https://www.justice.gov/epstein/files/DataSet%209/EFTA01189824.pdf,,,,,,No Images Produced — native file type unknown
EFTA01189840,9,unknown,unknown,,,https://www.justice.gov/epstein/files/DataSet%209/EFTA01189840.pdf,,,,,,No Images Produced — native file type unknown
EFTA01190683,9,avi,video,,,https://www.justice.gov/epstein/files/DataSet%209/EFTA01190683.pdf,,,,,,
EFTA01190710,9,m4v,video,,,https://www.justice.gov/epstein/files/DataSet%209/EFTA01190710.pdf,,,,,,
EFTA01191023,9,mov,video,,,https://www.justice.gov/epstein/files/DataSet%209/EFTA01191023.pdf,,,,,,
EFTA01191233,9,avi,video,,,https://www.justice.gov/epstein/files/DataSet%209/EFTA01191233.pdf,,,,,,
EFTA01191455,9,unknown,unknown,,,https://www.justice.gov/epstein/files/DataSet%209/EFTA01191455.pdf,,,,,,No Images Produced — native file type unknown
EFTA01191456,9,unknown,unknown,,,https://www.justice.gov/epstein/files/DataSet%209/EFTA01191456.pdf,,,,,,No Images Produced — native file type unknown
EFTA01191582,9,unknown,unknown,,,https://www.justice.gov/epstein/files/DataSet%209/EFTA01191582.pdf,,,,,,No Images Produced — native file type unknown
EFTA01192690,9,mov,video,,,https://www.justice.gov/epstein/files/DataSet%209/EFTA01192690.pdf,,,,,,
EFTA01192691,9,mov,video,,,https://www.justice.gov/epstein/files/DataSet%209/EFTA01192691.pdf,,,,,,
EFTA01192998,9,m4v,video,,,https://www.justice.gov/epstein/files/DataSet%209/EFTA01192998.pdf,,,,,,
EFTA01193063,9,m4v,video,,,https://www.justice.gov/epstein/files/DataSet%209/EFTA01193063.pdf,,,,,,
EFTA01194470,9,unknown,unknown,,,https://www.justice.gov/epstein/files/DataSet%209/EFTA01194470.pdf,,,,,,No Images Produced — native file type unknown
EFTA01194887,9,m4v,video,,,https://www.justice.gov/epstein/files/DataSet%209/EFTA01194887.pdf,,,,,,
EFTA01194912,9,unknown,unknown,,,https://www.justice.gov/epstein/files/DataSet%209/EFTA01194912.pdf,,,,,,No Images Produced — native file type unknown
EFTA01195323,9,avi,video,,,https://www.justice.gov/epstein/files/DataSet%209/EFTA01195323.pdf,,,,,,
EFTA01195324,9,avi,video,,,https://www.justice.gov/epstein/files/DataSet%209/EFTA01195324.pdf,,,,,,
EFTA01195325,9,avi,video,,,https://www.justice.gov/epstein/files/DataSet%209/EFTA01195325.pdf,,,,,,
EFTA01195370,9,mov,video,,,https://www.justice.gov/epstein/files/DataSet%209/EFTA01195370.pdf,,,,,,
EFTA01195505,9,m4v,video,,,https://www.justice.gov/epstein/files/DataSet%209/EFTA01195505.pdf,,,,,,
EFTA01196036,9,avi,video,,,https://www.justice.gov/epstein/files/DataSet%209/EFTA01196036.pdf,,,,,,
EFTA01196058,9,m4v,video,,,https://www.justice.gov/epstein/files/DataSet%209/EFTA01196058.pdf,,,,,,
EFTA01196173,9,avi,video,,,https://www.justice.gov/epstein/files/DataSet%209/EFTA01196173.pdf,,,,,,
EFTA01196282,9,avi,video,,,https://www.justice.gov/epstein/files/DataSet%209/EFTA01196282.pdf,,,,,,
EFTA01196322,9,avi,video,,,https://www.justice.gov/epstein/files/DataSet%209/EFTA01196322.pdf,,,,,,
EFTA01196418,9,m4v,video,,,https://www.justice.gov/epstein/files/DataSet%209/EFTA01196418.pdf,,,,,,
EFTA01196421,9,m4v,video,,,https://www.justice.gov/epstein/files/DataSet%209/EFTA01196421.pdf,,,,,,
EFTA01196518,9,unknown,unknown,,,https://www.justice.gov/epstein/files/DataSet%209/EFTA01196518.pdf,,,,,,No Images Produced — native file type unknown
EFTA01196519,9,avi,video,,,https://www.justice.gov/epstein/files/DataSet%209/EFTA01196519.pdf,,,,,,
EFTA01196520,9,avi,video,,,https://www.justice.gov/epstein/files/DataSet%209/EFTA01196520.pdf,,,,,,
EFTA01196591,9,mov,video,,,https://www.justice.gov/epstein/files/DataSet%209/EFTA01196591.pdf,,,,,,
EFTA01196689,9,avi,video,,,https://www.justice.gov/epstein/files/DataSet%209/EFTA01196689.pdf,,,,,,
EFTA01196690,9,unknown,unknown,,,https://www.justice.gov/epstein/files/DataSet%209/EFTA01196690.pdf,,,,,,No Images Produced — native file type unknown
EFTA01196747,9,m4v,video,,,https://www.justice.gov/epstein/files/DataSet%209/EFTA01196747.pdf,,,,,,
EFTA01196752,9,m4v,video,,,https://www.justice.gov/epstein/files/DataSet%209/EFTA01196752.pdf,,,,,,
EFTA01196754,9,m4v,video,,,https://www.justice.gov/epstein/files/DataSet%209/EFTA01196754.pdf,,,,,,
EFTA01196756,9,m4v,video,,,https://www.justice.gov/epstein/files/DataSet%209/EFTA01196756.pdf,,,,,,
EFTA01196885,9,mp4,video,,,https://www.justice.gov/epstein/files/DataSet%209/EFTA01196885.pdf,,,,,,
EFTA01196935,9,avi,video,,,https://www.justice.gov/epstein/files/DataSet%209/EFTA01196935.pdf,,,,,,
EFTA01196936,9,unknown,unknown,,,https://www.justice.gov/epstein/files/DataSet%209/EFTA01196936.pdf,,,,,,No Images Produced — native file type unknown
EFTA01196947,9,mov,video,,,https://www.justice.gov/epstein/files/DataSet%209/EFTA01196947.pdf,,,,,,
EFTA01196949,9,mov,video,,,https://www.justice.gov/epstein/files/DataSet%209/EFTA01196949.pdf,,,,,,
EFTA01197105,9,m4v,video,,,https://www.justice.gov/epstein/files/DataSet%209/EFTA01197105.pdf,,,,,,
EFTA01197126,9,unknown,unknown,,,https://www.justice.gov/epstein/files/DataSet%209/EFTA01197126.pdf,,,,,,No Images Produced — native file type unknown
EFTA01197320,9,mov,video,,,https://www.justice.gov/epstein/files/DataSet%209/EFTA01197320.pdf,,,,,,
EFTA01197468,9,avi,video,,,https://www.justice.gov/epstein/files/DataSet%209/EFTA01197468.pdf,,,,,,
EFTA01197469,9,avi,video,,,https://www.justice.gov/epstein/files/DataSet%209/EFTA01197469.pdf,,,,,,
EFTA01197470,9,avi,video,,,https://www.justice.gov/epstein/files/DataSet%209/EFTA01197470.pdf,,,,,,
EFTA01197525,9,mov,video,,,https://www.justice.gov/epstein/files/DataSet%209/EFTA01197525.pdf,,,,,,
EFTA01197573,9,avi,video,,,https://www.justice.gov/epstein/files/DataSet%209/EFTA01197573.pdf,,,,,,
EFTA01197585,9,unknown,unknown,,,https://www.justice.gov/epstein/files/DataSet%209/EFTA01197585.pdf,,,,,,No Images Produced — native file type unknown
EFTA01197663,9,mov,video,,,https://www.justice.gov/epstein/files/DataSet%209/EFTA01197663.pdf,,,,,,
EFTA01197698,9,m4a,audio,,,https://www.justice.gov/epstein/files/DataSet%209/EFTA01197698.pdf,,,,,,
EFTA01197787,9,unknown,unknown,,,https://www.justice.gov/epstein/files/DataSet%209/EFTA01197787.pdf,,,,,,No Images Produced — native file type unknown
EFTA01197931,9,unknown,unknown,,,https://www.justice.gov/epstein/files/DataSet%209/EFTA01197931.pdf,,,,,,No Images Produced — native file type unknown
EFTA01198062,9,unknown,unknown,,,https://www.justice.gov/epstein/files/DataSet%209/EFTA01198062.pdf,,,,,,No Images Produced — native file type unknown
EFTA01198064,9,m4v,video,,,https://www.justice.gov/epstein/files/DataSet%209/EFTA01198064.pdf,,,,,,
EFTA01198222,9,mov,video,,,https://www.justice.gov/epstein/files/DataSet%209/EFTA01198222.pdf,,,,,,
EFTA01198505,9,m4v,video,,,https://www.justice.gov/epstein/files/DataSet%209/EFTA01198505.pdf,,,,,,
EFTA01200059,9,unknown,unknown,,,https://www.justice.gov/epstein/files/DataSet%209/EFTA01200059.pdf,,,,,,No Images Produced — native file type unknown
EFTA01200239,9,avi,video,,,https://www.justice.gov/epstein/files/DataSet%209/EFTA01200239.pdf,,,,,,
EFTA01200285,9,unknown,unknown,,,https://www.justice.gov/epstein/files/DataSet%209/EFTA01200285.pdf,,,,,,No Images Produced — native file type unknown
EFTA01201950,9,avi,video,,,https://www.justice.gov/epstein/files/DataSet%209/EFTA01201950.pdf,,,,,,
EFTA01202277,9,unknown,unknown,,,https://www.justice.gov/epstein/files/DataSet%209/EFTA01202277.pdf,,,,,,No Images Produced — native file type unknown
EFTA01202537,9,avi,video,,,https://www.justice.gov/epstein/files/DataSet%209/EFTA01202537.pdf,,,,,,
EFTA01202540,9,avi,video,,,https://www.justice.gov/epstein/files/DataSet%209/EFTA01202540.pdf,,,,,,
EFTA01202975,9,unknown,unknown,,,https://www.justice.gov/epstein/files/DataSet%209/EFTA01202975.pdf,,,,,,No Images Produced — native file type unknown
EFTA01202976,9,unknown,unknown,,,https://www.justice.gov/epstein/files/DataSet%209/EFTA01202976.pdf,,,,,,No Images Produced — native file type unknown
EFTA01202977,9,unknown,unknown,,,https://www.justice.gov/epstein/files/DataSet%209/EFTA01202977.pdf,,,,,,No Images Produced — native file type unknown
EFTA01202980,9,unknown,unknown,,,https://www.justice.gov/epstein/files/DataSet%209/EFTA01202980.pdf,,,,,,No Images Produced — native file type unknown
EFTA01202982,9,unknown,unknown,,,https://www.justice.gov/epstein/files/DataSet%209/EFTA01202982.pdf,,,,,,No Images Produced — native file type unknown
EFTA01204013,9,mp4,video,,,https://www.justice.gov/epstein/files/DataSet%209/EFTA01204013.pdf,,,,,,
EFTA01204024,9,mp4,video,,,https://www.justice.gov/epstein/files/DataSet%209/EFTA01204024.pdf,,,,,,
EFTA01204025,9,mp4,video,,,https://www.justice.gov/epstein/files/DataSet%209/EFTA01204025.pdf,,,,,,
EFTA01204026,9,mp4,video,,,https://www.justice.gov/epstein/files/DataSet%209/EFTA01204026.pdf,,,,,,
EFTA01204371,9,m4v,video,,,https://www.justice.gov/epstein/files/DataSet%209/EFTA01204371.pdf,,,,,,
EFTA01204692,9,avi,video,,,https://www.justice.gov/epstein/files/DataSet%209/EFTA01204692.pdf,,,,,,
EFTA01205883,9,m4v,video,,,https://www.justice.gov/epstein/files/DataSet%209/EFTA01205883.pdf,,,,,,
EFTA01206073,9,avi,video,,,https://www.justice.gov/epstein/files/DataSet%209/EFTA01206073.pdf,,,,,,
EFTA01206089,9,unknown,unknown,,,https://www.justice.gov/epstein/files/DataSet%209/EFTA01206089.pdf,,,,,,No Images Produced — native file type unknown
EFTA01206093,9,avi,video,,,https://www.justice.gov/epstein/files/DataSet%209/EFTA01206093.pdf,,,,,,
EFTA01206365,9,avi,video,,,https://www.justice.gov/epstein/files/DataSet%209/EFTA01206365.pdf,,,,,,
EFTA01206366,9,m4a,audio,,,https://www.justice.gov/epstein/files/DataSet%209/EFTA01206366.pdf,,,,,,
EFTA01206709,9,unknown,unknown,,,https://www.justice.gov/epstein/files/DataSet%209/EFTA01206709.pdf,,,,,,No Images Produced — native file type unknown
EFTA01207386,9,avi,video,,,https://www.justice.gov/epstein/files/DataSet%209/EFTA01207386.pdf,,,,,,
EFTA01207587,9,avi,video,,,https://www.justice.gov/epstein/files/DataSet%209/EFTA01207587.pdf,,,,,,
EFTA01207609,9,avi,video,,,https://www.justice.gov/epstein/files/DataSet%209/EFTA01207609.pdf,,,,,,
EFTA01207680,9,mov,video,,,https://www.justice.gov/epstein/files/DataSet%209/EFTA01207680.pdf,,,,,,
EFTA01207689,9,avi,video,,,https://www.justice.gov/epstein/files/DataSet%209/EFTA01207689.pdf,,,,,,
EFTA01207699,9,mov,video,,,https://www.justice.gov/epstein/files/DataSet%209/EFTA01207699.pdf,,,,,,
EFTA01207700,9,mov,video,,,https://www.justice.gov/epstein/files/DataSet%209/EFTA01207700.pdf,,,,,,
EFTA01207701,9,mov,video,,,https://www.justice.gov/epstein/files/DataSet%209/EFTA01207701.pdf,,,,,,
EFTA01227045,9,mp4,video,,,https://www.justice.gov/epstein/files/DataSet%209/EFTA01227045.pdf,,,,,,
EFTA01227046,9,mp4,video,,,https://www.justice.gov/epstein/files/DataSet%209/EFTA01227046.pdf,,,,,,
EFTA01227047,9,unknown,unknown,,,https://www.justice.gov/epstein/files/DataSet%209/EFTA01227047.pdf,,,,,,No Images Produced — native file type unknown
EFTA01227048,9,mp4,video,,,https://www.justice.gov/epstein/files/DataSet%209/EFTA01227048.pdf,,,,,,
EFTA01227049,9,mp4,video,,,https://www.justice.gov/epstein/files/DataSet%209/EFTA01227049.pdf,,,,,,
EFTA01227050,9,mp4,video,,,https://www.justice.gov/epstein/files/DataSet%209/EFTA01227050.pdf,,,,,,
EFTA01227051,9,mp4,video,,,https://www.justice.gov/epstein/files/DataSet%209/EFTA01227051.pdf,,,,,,
EFTA01227052,9,unknown,unknown,,,https://www.justice.gov/epstein/files/DataSet%209/EFTA01227052.pdf,,,,,,No Images Produced — native file type unknown
EFTA01227053,9,mp4,video,,,https://www.justice.gov/epstein/files/DataSet%209/EFTA01227053.pdf,,,,,,
EFTA01227054,9,mp4,video,,,https://www.justice.gov/epstein/files/DataSet%209/EFTA01227054.pdf,,,,,,
EFTA01227055,9,mp4,video,,,https://www.justice.gov/epstein/files/DataSet%209/EFTA01227055.pdf,,,,,,
EFTA01227056,9,mp4,video,,,https://www.justice.gov/epstein/files/DataSet%209/EFTA01227056.pdf,,,,,,
EFTA01227057,9,mp4,video,,,https://www.justice.gov/epstein/files/DataSet%209/EFTA01227057.pdf,,,,,,
EFTA01227058,9,mp4,video,,,https://www.justice.gov/epstein/files/DataSet%209/EFTA01227058.pdf,,,,,,
EFTA01227059,9,mp4,video,,,https://www.justice.gov/epstein/files/DataSet%209/EFTA01227059.pdf,,,,,,
EFTA01227060,9,mp4,video,,,https://www.justice.gov/epstein/files/DataSet%209/EFTA01227060.pdf,,,,,,
EFTA01227061,9,mp4,video,,,https://www.justice.gov/epstein/files/DataSet%209/EFTA01227061.pdf,,,,,,
EFTA01227062,9,mp4,video,,,https://www.justice.gov/epstein/files/DataSet%209/EFTA01227062.pdf,,,,,,
EFTA01227063,9,mp4,video,230227968,219.56,https://www.justice.gov/epstein/files/DataSet%209/EFTA01227063.pdf,False,,,0,,Video file
EFTA01227064,9,unknown,unknown,,,https://www.justice.gov/epstein/files/DataSet%209/EFTA01227064.pdf,,,,,,No Images Produced — native file type unknown
EFTA01227065,9,mp4,video,,,https://www.justice.gov/epstein/files/DataSet%209/EFTA01227065.pdf,,,,,,
EFTA01227066,9,mp4,video,,,https://www.justice.gov/epstein/files/DataSet%209/EFTA01227066.pdf,,,,,,
EFTA01227067,9,mp4,video,,,https://www.justice.gov/epstein/files/DataSet%209/EFTA01227067.pdf,,,,,,
EFTA01227068,9,mp4,video,,,https://www.justice.gov/epstein/files/DataSet%209/EFTA01227068.pdf,,,,,,
EFTA01227069,9,mp4,video,,,https://www.justice.gov/epstein/files/DataSet%209/EFTA01227069.pdf,,,,,,
EFTA01227070,9,mp4,video,,,https://www.justice.gov/epstein/files/DataSet%209/EFTA01227070.pdf,,,,,,
EFTA01227071,9,mp4,video,1788411904,1705.56,https://www.justice.gov/epstein/files/DataSet%209/EFTA01227071.pdf,False,,,0,,Video file
EFTA01227072,9,mp4,video,,,https://www.justice.gov/epstein/files/DataSet%209/EFTA01227072.pdf,,,,,,
EFTA01227073,9,unknown,unknown,,,https://www.justice.gov/epstein/files/DataSet%209/EFTA01227073.pdf,,,,,,No Images Produced — native file type unknown
EFTA01227074,9,mp4,video,,,https://www.justice.gov/epstein/files/DataSet%209/EFTA01227074.pdf,,,,,,
EFTA01227075,9,unknown,unknown,,,https://www.justice.gov/epstein/files/DataSet%209/EFTA01227075.pdf,,,,,,No Images Produced — native file type unknown
EFTA01227076,9,mp4,video,,,https://www.justice.gov/epstein/files/DataSet%209/EFTA01227076.pdf,,,,,,
EFTA01227077,9,mp4,video,,,https://www.justice.gov/epstein/files/DataSet%209/EFTA01227077.pdf,,,,,,
EFTA01227078,9,mp4,video,,,https://www.justice.gov/epstein/files/DataSet%209/EFTA01227078.pdf,,,,,,
EFTA01227079,9,unknown,unknown,,,https://www.justice.gov/epstein/files/DataSet%209/EFTA01227079.pdf,,,,,,No Images Produced — native file type unknown
EFTA01227080,9,mp4,video,,,https://www.justice.gov/epstein/files/DataSet%209/EFTA01227080.pdf,,,,,,
EFTA01227081,9,mp4,video,,,https://www.justice.gov/epstein/files/DataSet%209/EFTA01227081.pdf,,,,,,
EFTA01227082,9,mp4,video,,,https://www.justice.gov/epstein/files/DataSet%209/EFTA01227082.pdf,,,,,,
EFTA01227083,9,mp4,video,,,https://www.justice.gov/epstein/files/DataSet%209/EFTA01227083.pdf,,,,,,
EFTA01227084,9,mp4,video,,,https://www.justice.gov/epstein/files/DataSet%209/EFTA01227084.pdf,,,,,,
EFTA01227085,9,unknown,unknown,,,https://www.justice.gov/epstein/files/DataSet%209/EFTA01227085.pdf,,,,,,No Images Produced — native file type unknown
EFTA01227086,9,mp4,video,,,https://www.justice.gov/epstein/files/DataSet%209/EFTA01227086.pdf,,,,,,
EFTA01227087,9,mp4,video,,,https://www.justice.gov/epstein/files/DataSet%209/EFTA01227087.pdf,,,,,,
EFTA01227088,9,mp4,video,,,https://www.justice.gov/epstein/files/DataSet%209/EFTA01227088.pdf,,,,,,
EFTA01227089,9,mp4,video,,,https://www.justice.gov/epstein/files/DataSet%209/EFTA01227089.pdf,,,,,,
EFTA01227090,9,mp4,video,,,https://www.justice.gov/epstein/files/DataSet%209/EFTA01227090.pdf,,,,,,
EFTA01227091,9,mp4,video,,,https://www.justice.gov/epstein/files/DataSet%209/EFTA01227091.pdf,,,,,,
EFTA01229286,9,unknown,unknown,,,https://www.justice.gov/epstein/files/DataSet%209/EFTA01229286.pdf,,,,,,No Images Produced — native file type unknown
EFTA01229425,9,unknown,unknown,,,https://www.justice.gov/epstein/files/DataSet%209/EFTA01229425.pdf,,,,,,No Images Produced — native file type unknown
EFTA01239871,9,unknown,unknown,,,https://www.justice.gov/epstein/files/DataSet%209/EFTA01239871.pdf,,,,,,No Images Produced — native file type unknown
EFTA01240327,9,unknown,unknown,,,https://www.justice.gov/epstein/files/DataSet%209/EFTA01240327.pdf,,,,,,No Images Produced — native file type unknown
EFTA01241392,9,unknown,unknown,,,https://www.justice.gov/epstein/files/DataSet%209/EFTA01241392.pdf,,,,,,No Images Produced — native file type unknown
EFTA01241409,9,unknown,unknown,,,https://www.justice.gov/epstein/files/DataSet%209/EFTA01241409.pdf,,,,,,No Images Produced — native file type unknown
EFTA01242147,9,unknown,unknown,,,https://www.justice.gov/epstein/files/DataSet%209/EFTA01242147.pdf,,,,,,No Images Produced — native file type unknown
EFTA01242167,9,unknown,unknown,,,https://www.justice.gov/epstein/files/DataSet%209/EFTA01242167.pdf,,,,,,No Images Produced — native file type unknown
EFTA01242503,9,unknown,unknown,,,https://www.justice.gov/epstein/files/DataSet%209/EFTA01242503.pdf,,,,,,No Images Produced — native file type unknown
EFTA01242504,9,unknown,unknown,,,https://www.justice.gov/epstein/files/DataSet%209/EFTA01242504.pdf,,,,,,No Images Produced — native file type unknown
EFTA01242505,9,wmv,video,,,https://www.justice.gov/epstein/files/DataSet%209/EFTA01242505.pdf,,,,,,
EFTA01244747,9,wmv,video,,,https://www.justice.gov/epstein/files/DataSet%209/EFTA01244747.pdf,,,,,,
EFTA01244748,9,wmv,video,,,https://www.justice.gov/epstein/files/DataSet%209/EFTA01244748.pdf,,,,,,
EFTA01244749,9,wmv,video,,,https://www.justice.gov/epstein/files/DataSet%209/EFTA01244749.pdf,,,,,,
EFTA01244750,9,mp4,video,,,https://www.justice.gov/epstein/files/DataSet%209/EFTA01244750.pdf,,,,,,
EFTA01244751,9,mp4,video,,,https://www.justice.gov/epstein/files/DataSet%209/EFTA01244751.pdf,,,,,,
EFTA01244752,9,mp4,video,,,https://www.justice.gov/epstein/files/DataSet%209/EFTA01244752.pdf,,,,,,
EFTA01244753,9,wmv,video,,,https://www.justice.gov/epstein/files/DataSet%209/EFTA01244753.pdf,,,,,,
EFTA01250813,9,unknown,unknown,,,https://www.justice.gov/epstein/files/DataSet%209/EFTA01250813.pdf,,,,,,No Images Produced — native file type unknown
EFTA01250814,9,m4a,audio,,,https://www.justice.gov/epstein/files/DataSet%209/EFTA01250814.pdf,,,,,,
EFTA01250815,9,unknown,unknown,,,https://www.justice.gov/epstein/files/DataSet%209/EFTA01250815.pdf,,,,,,No Images Produced — native file type unknown
EFTA01250886,9,unknown,unknown,,,https://www.justice.gov/epstein/files/DataSet%209/EFTA01250886.pdf,,,,,,No Images Produced — native file type unknown
EFTA01250917,9,unknown,unknown,,,https://www.justice.gov/epstein/files/DataSet%209/EFTA01250917.pdf,,,,,,No Images Produced — native file type unknown
EFTA01250922,9,m4a,audio,,,https://www.justice.gov/epstein/files/DataSet%209/EFTA01250922.pdf,,,,,,
EFTA01600794,10,m4v,video,9527,0.01,https://www.justice.gov/epstein/files/DataSet%2010/EFTA01600794.pdf,True,yes,0,0.5,480x848,Video (no speech detected); 480x848; 0s
EFTA01600795,10,m4v,video,24763,0.02,https://www.justice.gov/epstein/files/DataSet%2010/EFTA01600795.pdf,True,yes,0,1.9,652x872,Video (no speech detected); 652x872; 2s
EFTA01600796,10,mov,video,1779336,1.7,https://www.justice.gov/epstein/files/DataSet%2010/EFTA01600796.pdf,True,yes,0,3.0,960x720,Video (no speech detected); 960x720; 3s
EFTA01600797,10,mov,video,1545283,1.47,https://www.justice.gov/epstein/files/DataSet%2010/EFTA01600797.pdf,True,yes,0,2.9,960x720,Video (no speech detected); 960x720; 3s
EFTA01600798,10,mp4,video,6364864987,6070.01,https://www.justice.gov/epstein/files/DataSet%2010/EFTA01600798.pdf,True,yes,0,636.2,4000x2250,Video (no speech detected); 4000x2250; 10.6min
EFTA01600799,10,m4v,video,10031,0.01,https://www.justice.gov/epstein/files/DataSet%2010/EFTA01600799.pdf,True,yes,0,0.5,608x1080,Video (no speech detected); 608x1080; 0s
EFTA01600800,10,m4v,video,10031,0.01,https://www.justice.gov/epstein/files/DataSet%2010/EFTA01600800.pdf,True,yes,0,0.5,608x1080,Video (no speech detected); 608x1080; 0s
EFTA01600801,10,mov,video,1068801,1.02,https://www.justice.gov/epstein/files/DataSet%2010/EFTA01600801.pdf,True,yes,2,7.2,848x480,Video with speech (2 words transcribed); 848x480; 7s
EFTA01600802,10,m4v,video,10031,0.01,https://www.justice.gov/epstein/files/DataSet%2010/EFTA01600802.pdf,True,yes,0,0.5,608x1080,Video (no speech detected); 608x1080; 0s
EFTA01600803,10,m4v,video,8864,0.01,https://www.justice.gov/epstein/files/DataSet%2010/EFTA01600803.pdf,True,yes,0,0.5,352x640,Video (no speech detected); 352x640; 0s
EFTA01600804,10,m4v,video,8804,0.01,https://www.justice.gov/epstein/files/DataSet%2010/EFTA01600804.pdf,True,yes,0,0.5,320x560,Video (no speech detected); 320x560; 0s
EFTA01600805,10,m4v,video,9527,0.01,https://www.justice.gov/epstein/files/DataSet%2010/EFTA01600805.pdf,True,yes,0,0.5,480x848,Video (no speech detected); 480x848; 0s
EFTA01600806,10,m4v,video,70645,0.07,https://www.justice.gov/epstein/files/DataSet%2010/EFTA01600806.pdf,True,yes,4,1.2,640x640,Video with speech (4 words transcribed); 640x640; 1s
EFTA01600807,10,m4v,video,10031,0.01,https://www.justice.gov/epstein/files/DataSet%2010/EFTA01600807.pdf,True,yes,0,0.5,608x1080,Video (no speech detected); 608x1080; 0s
EFTA01600808,10,m4v,video,9527,0.01,https://www.justice.gov/epstein/files/DataSet%2010/EFTA01600808.pdf,True,yes,0,0.5,480x848,Video (no speech detected); 480x848; 0s
EFTA01600809,10,m4v,video,28223,0.03,https://www.justice.gov/epstein/files/DataSet%2010/EFTA01600809.pdf,True,yes,0,2.3,480x848,Video (no speech detected); 480x848; 2s
EFTA01600810,10,m4v,video,9304,0.01,https://www.justice.gov/epstein/files/DataSet%2010/EFTA01600810.pdf,True,yes,0,0.5,720x720,Video (no speech detected); 720x720; 0s
EFTA01600811,10,m4v,video,9527,0.01,https://www.justice.gov/epstein/files/DataSet%2010/EFTA01600811.pdf,True,yes,0,0.5,480x848,Video (no speech detected); 480x848; 0s
EFTA01600812,10,m4v,video,36642,0.03,https://www.justice.gov/epstein/files/DataSet%2010/EFTA01600812.pdf,True,yes,0,3.0,652x872,Video (no speech detected); 652x872; 3s
EFTA01600813,10,m4v,video,35149,0.03,https://www.justice.gov/epstein/files/DataSet%2010/EFTA01600813.pdf,True,yes,0,2.9,652x872,Video (no speech detected); 652x872; 3s
EFTA01600814,10,m4v,video,40709,0.04,https://www.justice.gov/epstein/files/DataSet%2010/EFTA01600814.pdf,True,yes,0,3.4,608x1080,Video (no speech detected); 608x1080; 3s
EFTA01600815,10,m4v,video,9489,0.01,https://www.justice.gov/epstein/files/DataSet%2010/EFTA01600815.pdf,True,yes,0,0.5,480x854,Video (no speech detected); 480x854; 0s
EFTA01600816,10,m4v,video,10031,0.01,https://www.justice.gov/epstein/files/DataSet%2010/EFTA01600816.pdf,True,yes,0,0.5,608x1080,Video (no speech detected); 608x1080; 0s
EFTA01600817,10,m4v,video,9562,0.01,https://www.justice.gov/epstein/files/DataSet%2010/EFTA01600817.pdf,True,yes,0,0.5,1280x720,Video (no speech detected); 1280x720; 0s
EFTA01600818,10,mov,video,2095529,2.0,https://www.justice.gov/epstein/files/DataSet%2010/EFTA01600818.pdf,True,yes,0,3.3,960x720,Video (no speech detected); 960x720; 3s
EFTA01600819,10,m4v,video,8876,0.01,https://www.justice.gov/epstein/files/DataSet%2010/EFTA01600819.pdf,True,yes,0,0.5,480x608,Video (no speech detected); 480x608; 0s
EFTA01600820,10,m4v,video,9527,0.01,https://www.justice.gov/epstein/files/DataSet%2010/EFTA01600820.pdf,True,yes,0,0.5,480x848,Video (no speech detected); 480x848; 0s
EFTA01600821,10,m4v,video,8949,0.01,https://www.justice.gov/epstein/files/DataSet%2010/EFTA01600821.pdf,True,yes,0,0.5,320x568,Video (no speech detected); 320x568; 0s
EFTA01600822,10,m4v,video,8202,0.01,https://www.justice.gov/epstein/files/DataSet%2010/EFTA01600822.pdf,True,yes,0,0.5,480x292,Video (no speech detected); 480x292; 0s
EFTA01600823,10,m4v,video,8289,0.01,https://www.justice.gov/epstein/files/DataSet%2010/EFTA01600823.pdf,True,yes,0,0.5,480x272,Video (no speech detected); 480x272; 0s
EFTA01600824,10,mov,video,1005964909,959.36,https://www.justice.gov/epstein/files/DataSet%2010/EFTA01600824.pdf,True,yes,18788,7066.4,960x540,Video with speech (18788 words transcribed); 960x540; 2.0h
EFTA01612218,10,mp4,video,278513,0.27,https://www.justice.gov/epstein/files/DataSet%2010/EFTA01612218.pdf,True,yes,0,15.7,176x144,Video (no speech detected); 176x144; 16s
EFTA01612219,10,mp4,video,736130,0.7,https://www.justice.gov/epstein/files/DataSet%2010/EFTA01612219.pdf,True,yes,0,14.8,176x144,Video (no speech detected); 176x144; 15s
EFTA01612251,10,3gp,video,185003,0.18,https://www.justice.gov/epstein/files/DataSet%2010/EFTA01612251.pdf,True,yes,0,10.4,,Video (no speech detected); 10s
EFTA01612352,10,m4a,audio,76309,0.07,https://www.justice.gov/epstein/files/DataSet%2010/EFTA01612352.pdf,True,yes,6,9.3,,Audio recording (6 words transcribed); 9s
EFTA01612353,10,m4a,audio,382567,0.36,https://www.justice.gov/epstein/files/DataSet%2010/EFTA01612353.pdf,True,yes,74,45.9,,Audio recording (74 words transcribed); 46s
EFTA01612354,10,m4a,audio,1354347,1.29,https://www.justice.gov/epstein/files/DataSet%2010/EFTA01612354.pdf,True,yes,135,83.8,,Audio recording (135 words transcribed); 1.4min
EFTA01612355,10,m4a,audio,1463011,1.4,https://www.justice.gov/epstein/files/DataSet%2010/EFTA01612355.pdf,True,yes,26,181.8,,Audio recording (26 words transcribed); 3.0min
EFTA01612731,10,opus,audio,108625,0.1,https://www.justice.gov/epstein/files/DataSet%2010/EFTA01612731.pdf,True,yes,132,46.9,,Audio recording (132 words transcribed); 47s
EFTA01613257,10,m4a,audio,1714039,1.63,https://www.justice.gov/epstein/files/DataSet%2010/EFTA01613257.pdf,True,yes,161,106.0,,Audio recording (161 words transcribed); 1.8min
EFTA01613258,10,m4a,audio,1747045,1.67,https://www.justice.gov/epstein/files/DataSet%2010/EFTA01613258.pdf,True,yes,192,108.1,,Audio recording (192 words transcribed); 1.8min
EFTA01613259,10,m4a,audio,6514095,6.21,https://www.justice.gov/epstein/files/DataSet%2010/EFTA01613259.pdf,True,yes,900,402.9,,Audio recording (900 words transcribed); 6.7min
EFTA01613386,10,mov,video,14782238,14.1,https://www.justice.gov/epstein/files/DataSet%2010/EFTA01613386.pdf,True,yes,2,52.2,1280x720,Video with speech (2 words transcribed); 1280x720; 52s
EFTA01614277,10,amr,audio,47616,0.05,https://www.justice.gov/epstein/files/DataSet%2010/EFTA01614277.pdf,True,yes,0,52.9,,Audio recording (no speech detected); 53s
EFTA01614299,10,amr,audio,10446,0.01,https://www.justice.gov/epstein/files/DataSet%2010/EFTA01614299.pdf,True,yes,0,11.6,,Audio recording (no speech detected); 12s
EFTA01614407,10,amr,audio,11796,0.01,https://www.justice.gov/epstein/files/DataSet%2010/EFTA01614407.pdf,True,yes,1,13.1,,Audio recording (1 words transcribed); 13s
EFTA01614483,10,mov,video,11000285,10.49,https://www.justice.gov/epstein/files/DataSet%2010/EFTA01614483.pdf,True,yes,83,75.7,800x448,Video with speech (83 words transcribed); 800x448; 1.3min
EFTA01614506,10,mov,video,6664740,6.36,https://www.justice.gov/epstein/files/DataSet%2010/EFTA01614506.pdf,True,yes,0,265.5,400x224,Video (no speech detected); 400x224; 4.4min
EFTA01615130,10,amr,audio,5316,0.01,https://www.justice.gov/epstein/files/DataSet%2010/EFTA01615130.pdf,True,yes,13,5.9,,Audio recording (13 words transcribed); 6s
EFTA01615376,10,pluginpayloadattachment,attachment,4861582,4.64,https://www.justice.gov/epstein/files/DataSet%2010/EFTA01615376.pdf,,,,,,Apple Messages attachment
EFTA01615887,10,mov,video,11584268,11.05,https://www.justice.gov/epstein/files/DataSet%2010/EFTA01615887.pdf,True,yes,0,41.2,1280x720,Video (no speech detected); 1280x720; 41s
EFTA01616390,10,mov,video,4417239,4.21,https://www.justice.gov/epstein/files/DataSet%2010/EFTA01616390.pdf,True,yes,495,215.7,368x208,Video with speech (495 words transcribed); 368x208; 3.6min
EFTA01616766,10,amr,audio,10896,0.01,https://www.justice.gov/epstein/files/DataSet%2010/EFTA01616766.pdf,True,yes,2,12.1,,Audio recording (2 words transcribed); 12s
EFTA01616820,10,mov,video,497279,0.47,https://www.justice.gov/epstein/files/DataSet%2010/EFTA01616820.pdf,True,yes,0,24.3,224x128,Video (no speech detected); 224x128; 24s
EFTA01616872,10,mov,video,17191385,16.39,https://www.justice.gov/epstein/files/DataSet%2010/EFTA01616872.pdf,True,yes,0,106.9,960x540,Video (no speech detected); 960x540; 1.8min
EFTA01616873,10,mov,video,1024033,0.98,https://www.justice.gov/epstein/files/DataSet%2010/EFTA01616873.pdf,True,yes,0,68.3,224x128,Video (no speech detected); 224x128; 1.1min
EFTA01617570,10,mov,video,1995010,1.9,https://www.justice.gov/epstein/files/DataSet%2010/EFTA01617570.pdf,True,yes,0,15.7,640x352,Video (no speech detected); 640x352; 16s
EFTA01617571,10,mov,video,1401313,1.34,https://www.justice.gov/epstein/files/DataSet%2010/EFTA01617571.pdf,True,yes,8,11.1,640x352,Video with speech (8 words transcribed); 640x352; 11s
EFTA01617666,10,m4a,audio,15558,0.01,https://www.justice.gov/epstein/files/DataSet%2010/EFTA01617666.pdf,True,yes,15,6.8,,Audio recording (15 words transcribed); 7s
EFTA01617814,10,mov,video,10334186,9.86,https://www.justice.gov/epstein/files/DataSet%2010/EFTA01617814.pdf,True,yes,32,37.1,1280x720,Video with speech (32 words transcribed); 1280x720; 37s
EFTA01617815,10,mov,video,11950106,11.4,https://www.justice.gov/epstein/files/DataSet%2010/EFTA01617815.pdf,True,yes,48,75.1,960x540,Video with speech (48 words transcribed); 960x540; 1.3min
EFTA01617816,10,mov,video,18163388,17.32,https://www.justice.gov/epstein/files/DataSet%2010/EFTA01617816.pdf,True,yes,70,67.6,1280x720,Video with speech (70 words transcribed); 1280x720; 1.1min
EFTA01617868,10,m4a,audio,293172,0.28,https://www.justice.gov/epstein/files/DataSet%2010/EFTA01617868.pdf,True,yes,131,43.4,,Audio recording (131 words transcribed); 43s
EFTA01617897,10,opus,audio,40807,0.04,https://www.justice.gov/epstein/files/DataSet%2010/EFTA01617897.pdf,True,yes,48,17.3,,Audio recording (48 words transcribed); 17s
EFTA01617898,10,opus,audio,59849,0.06,https://www.justice.gov/epstein/files/DataSet%2010/EFTA01617898.pdf,True,yes,46,25.2,,Audio recording (46 words transcribed); 25s
EFTA01617899,10,opus,audio,59734,0.06,https://www.justice.gov/epstein/files/DataSet%2010/EFTA01617899.pdf,True,yes,65,25.3,,Audio recording (65 words transcribed); 25s
EFTA01617919,10,mp4,video,6587757,6.28,https://www.justice.gov/epstein/files/DataSet%2010/EFTA01617919.pdf,True,yes,179,65.2,1280x720,Video with speech (179 words transcribed); 1280x720; 1.1min
EFTA01617928,10,opus,audio,26930,0.03,https://www.justice.gov/epstein/files/DataSet%2010/EFTA01617928.pdf,True,yes,33,11.7,,Audio recording (33 words transcribed); 12s
EFTA01617929,10,opus,audio,21998,0.02,https://www.justice.gov/epstein/files/DataSet%2010/EFTA01617929.pdf,True,yes,25,9.5,,Audio recording (25 words transcribed); 10s
EFTA01617930,10,opus,audio,64086,0.06,https://www.justice.gov/epstein/files/DataSet%2010/EFTA01617930.pdf,True,yes,56,27.3,,Audio recording (56 words transcribed); 27s
EFTA01617931,10,opus,audio,32776,0.03,https://www.justice.gov/epstein/files/DataSet%2010/EFTA01617931.pdf,True,yes,29,14.1,,Audio recording (29 words transcribed); 14s
EFTA01617940,10,opus,audio,27775,0.03,https://www.justice.gov/epstein/files/DataSet%2010/EFTA01617940.pdf,True,yes,37,11.8,,Audio recording (37 words transcribed); 12s
EFTA01617941,10,opus,audio,45503,0.04,https://www.justice.gov/epstein/files/DataSet%2010/EFTA01617941.pdf,True,yes,56,19.4,,Audio recording (56 words transcribed); 19s
EFTA01617942,10,opus,audio,32262,0.03,https://www.justice.gov/epstein/files/DataSet%2010/EFTA01617942.pdf,True,yes,39,13.8,,Audio recording (39 words transcribed); 14s
EFTA01617957,10,opus,audio,22026,0.02,https://www.justice.gov/epstein/files/DataSet%2010/EFTA01617957.pdf,True,yes,37,9.6,,Audio recording (37 words transcribed); 10s
EFTA01617967,10,opus,audio,58932,0.06,https://www.justice.gov/epstein/files/DataSet%2010/EFTA01617967.pdf,True,yes,77,25.3,,Audio recording (77 words transcribed); 25s
EFTA01617968,10,opus,audio,48874,0.05,https://www.justice.gov/epstein/files/DataSet%2010/EFTA01617968.pdf,True,yes,56,21.0,,Audio recording (56 words transcribed); 21s
EFTA01617969,10,opus,audio,68010,0.06,https://www.justice.gov/epstein/files/DataSet%2010/EFTA01617969.pdf,True,yes,85,28.8,,Audio recording (85 words transcribed); 29s
EFTA01617970,10,opus,audio,72755,0.07,https://www.justice.gov/epstein/files/DataSet%2010/EFTA01617970.pdf,True,yes,29,31.3,,Audio recording (29 words transcribed); 31s
EFTA01618355,10,mov,video,15899300,15.16,https://www.justice.gov/epstein/files/DataSet%2010/EFTA01618355.pdf,True,yes,61,59.1,1280x720,Video with speech (61 words transcribed); 1280x720; 59s
EFTA01618606,10,mov,video,15687288,14.96,https://www.justice.gov/epstein/files/DataSet%2010/EFTA01618606.pdf,True,yes,643,166.6,568x320,Video with speech (643 words transcribed); 568x320; 2.8min
EFTA01618622,10,mov,video,12500520,11.92,https://www.justice.gov/epstein/files/DataSet%2010/EFTA01618622.pdf,True,yes,102,43.3,1280x720,Video with speech (102 words transcribed); 1280x720; 43s
EFTA01618739,10,mov,video,1610111,1.54,https://www.justice.gov/epstein/files/DataSet%2010/EFTA01618739.pdf,True,yes,9,6.0,640x480,Video with speech (9 words transcribed); 640x480; 6s
EFTA01618852,10,mov,video,6664740,6.36,https://www.justice.gov/epstein/files/DataSet%2010/EFTA01618852.pdf,True,yes,0,265.5,400x224,Video (no speech detected); 400x224; 4.4min
EFTA01619211,10,mov,video,350300,0.33,https://www.justice.gov/epstein/files/DataSet%2010/EFTA01619211.pdf,True,yes,2,17.8,224x128,Video with speech (2 words transcribed); 224x128; 18s
EFTA01619258,10,mov,video,2563317,2.44,https://www.justice.gov/epstein/files/DataSet%2010/EFTA01619258.pdf,True,yes,0,8.3,720x1280,Video (no speech detected); 720x1280; 8s
EFTA01619485,10,mov,video,1015644,0.97,https://www.justice.gov/epstein/files/DataSet%2010/EFTA01619485.pdf,True,yes,13,9.8,320x568,Video with speech (13 words transcribed); 320x568; 10s
EFTA01619486,10,mov,video,968634,0.92,https://www.justice.gov/epstein/files/DataSet%2010/EFTA01619486.pdf,True,yes,25,9.6,320x568,Video with speech (25 words transcribed); 320x568; 10s
EFTA01619487,10,mov,video,841631,0.8,https://www.justice.gov/epstein/files/DataSet%2010/EFTA01619487.pdf,True,yes,17,8.2,568x320,Video with speech (17 words transcribed); 568x320; 8s
EFTA01619495,10,m4a,audio,6345074,6.05,https://www.justice.gov/epstein/files/DataSet%2010/EFTA01619495.pdf,True,yes,1653,763.8,,Audio recording (1653 words transcribed); 12.7min
EFTA01619523,10,mov,video,1852307,1.77,https://www.justice.gov/epstein/files/DataSet%2010/EFTA01619523.pdf,True,yes,0,66.8,400x400,Video (no speech detected); 400x400; 1.1min
EFTA01619524,10,mov,video,4365898,4.16,https://www.justice.gov/epstein/files/DataSet%2010/EFTA01619524.pdf,True,yes,133,155.9,400x224,Video with speech (133 words transcribed); 400x224; 2.6min
EFTA01619533,10,mov,video,1050421,1.0,https://www.justice.gov/epstein/files/DataSet%2010/EFTA01619533.pdf,True,yes,120,74.6,124x224,Video with speech (120 words transcribed); 124x224; 1.2min
EFTA01619560,10,mov,video,3989723,3.8,https://www.justice.gov/epstein/files/DataSet%2010/EFTA01619560.pdf,True,yes,60,40.3,480x480,Video with speech (60 words transcribed); 480x480; 40s
EFTA01619578,10,mov,video,3960027,3.78,https://www.justice.gov/epstein/files/DataSet%2010/EFTA01619578.pdf,True,yes,111,40.5,480x480,Video with speech (111 words transcribed); 480x480; 40s
EFTA01619588,10,mov,video,4697929,4.48,https://www.justice.gov/epstein/files/DataSet%2010/EFTA01619588.pdf,True,yes,55,44.7,568x320,Video with speech (55 words transcribed); 568x320; 45s
EFTA01619589,10,mov,video,6318218,6.03,https://www.justice.gov/epstein/files/DataSet%2010/EFTA01619589.pdf,True,yes,74,48.2,720x720,Video with speech (74 words transcribed); 720x720; 48s
EFTA01619604,10,m4a,audio,6583529,6.28,https://www.justice.gov/epstein/files/DataSet%2010/EFTA01619604.pdf,True,yes,1470,790.5,,Audio recording (1470 words transcribed); 13.2min
EFTA01619624,10,mov,video,8864465,8.45,https://www.justice.gov/epstein/files/DataSet%2010/EFTA01619624.pdf,True,yes,331,137.2,544x368,Video with speech (331 words transcribed); 544x368; 2.3min
EFTA01619625,10,mov,video,4483706,4.28,https://www.justice.gov/epstein/files/DataSet%2010/EFTA01619625.pdf,True,yes,74,45.1,480x272,Video with speech (74 words transcribed); 480x272; 45s
EFTA01619626,10,mov,video,6279403,5.99,https://www.justice.gov/epstein/files/DataSet%2010/EFTA01619626.pdf,True,yes,71,45.0,720x406,Video with speech (71 words transcribed); 720x406; 45s
EFTA01619632,10,mov,video,3740234,3.57,https://www.justice.gov/epstein/files/DataSet%2010/EFTA01619632.pdf,True,yes,77,38.3,480x272,Video with speech (77 words transcribed); 480x272; 38s
EFTA01619633,10,mov,video,4586412,4.37,https://www.justice.gov/epstein/files/DataSet%2010/EFTA01619633.pdf,True,yes,61,46.5,480x480,Video with speech (61 words transcribed); 480x480; 46s
EFTA01619634,10,mov,video,2999812,2.86,https://www.justice.gov/epstein/files/DataSet%2010/EFTA01619634.pdf,True,yes,55,31.3,480x480,Video with speech (55 words transcribed); 480x480; 31s
EFTA01620591,10,mov,video,5055085,4.82,https://www.justice.gov/epstein/files/DataSet%2010/EFTA01620591.pdf,True,yes,29,17.3,1280x720,Video with speech (29 words transcribed); 1280x720; 17s
EFTA01620904,10,mp4,video,6675434,6.37,https://www.justice.gov/epstein/files/DataSet%2010/EFTA01620904.pdf,True,yes,462,275.0,400x400,Video with speech (462 words transcribed); 400x400; 4.6min
EFTA01621007,10,mov,video,12824236,12.23,https://www.justice.gov/epstein/files/DataSet%2010/EFTA01621007.pdf,True,yes,3961,1514.8,,Video with speech (3961 words transcribed); 25.2min
EFTA01621008,10,mov,video,103699351,98.9,https://www.justice.gov/epstein/files/DataSet%2010/EFTA01621008.pdf,True,yes,0,12416.8,,Video (no speech detected); 3.4h
EFTA01621009,10,mp4,video,337796,0.32,https://www.justice.gov/epstein/files/DataSet%2010/EFTA01621009.pdf,True,yes,2,12.4,176x144,Video with speech (2 words transcribed); 176x144; 12s
EFTA01621010,10,mp4,video,911726,0.87,https://www.justice.gov/epstein/files/DataSet%2010/EFTA01621010.pdf,True,yes,0,11.4,176x144,Video (no speech detected); 176x144; 11s
EFTA01621011,10,mp4,video,4277952,4.08,https://www.justice.gov/epstein/files/DataSet%2010/EFTA01621011.pdf,True,yes,34,19.9,848x480,Video with speech (34 words transcribed); 848x480; 20s
EFTA01621012,10,mov,video,9487690,9.05,https://www.justice.gov/epstein/files/DataSet%2010/EFTA01621012.pdf,True,yes,0,3.0,1308x980,Video (no speech detected); 1308x980; 3s
EFTA01621013,10,mov,video,1472340,1.4,https://www.justice.gov/epstein/files/DataSet%2010/EFTA01621013.pdf,True,yes,4,2.5,960x720,Video with speech (4 words transcribed); 960x720; 2s
EFTA01621014,10,mov,video,1992585,1.9,https://www.justice.gov/epstein/files/DataSet%2010/EFTA01621014.pdf,True,yes,6,3.4,960x720,Video with speech (6 words transcribed); 960x720; 3s
EFTA01621015,10,mov,video,1752821,1.67,https://www.justice.gov/epstein/files/DataSet%2010/EFTA01621015.pdf,True,yes,0,2.9,960x720,Video (no speech detected); 960x720; 3s
EFTA01621016,10,mov,video,3421784,3.26,https://www.justice.gov/epstein/files/DataSet%2010/EFTA01621016.pdf,True,yes,0,3.4,1440x1080,Video (no speech detected); 1440x1080; 3s
EFTA01621017,10,mov,video,19695153,18.78,https://www.justice.gov/epstein/files/DataSet%2010/EFTA01621017.pdf,True,yes,0,69.1,1280x720,Video (no speech detected); 1280x720; 1.2min
EFTA01621018,10,mov,video,1317371,1.26,https://www.justice.gov/epstein/files/DataSet%2010/EFTA01621018.pdf,True,yes,0,2.3,960x720,Video (no speech detected); 960x720; 2s
EFTA01621019,10,mov,video,5055085,4.82,https://www.justice.gov/epstein/files/DataSet%2010/EFTA01621019.pdf,True,yes,29,17.3,1280x720,Video with speech (29 words transcribed); 1280x720; 17s
EFTA01621020,10,mov,video,1906772,1.82,https://www.justice.gov/epstein/files/DataSet%2010/EFTA01621020.pdf,True,yes,0,3.0,960x720,Video (no speech detected); 960x720; 3s
EFTA01621021,10,mov,video,1952265,1.86,https://www.justice.gov/epstein/files/DataSet%2010/EFTA01621021.pdf,True,yes,7,3.0,960x720,Video with speech (7 words transcribed); 960x720; 3s
EFTA01621022,10,mov,video,488624,0.47,https://www.justice.gov/epstein/files/DataSet%2010/EFTA01621022.pdf,True,yes,4,2.7,640x480,Video with speech (4 words transcribed); 640x480; 3s
EFTA01621023,10,mov,video,598461,0.57,https://www.justice.gov/epstein/files/DataSet%2010/EFTA01621023.pdf,True,yes,13,3.0,640x480,Video with speech (13 words transcribed); 640x480; 3s
EFTA01621024,10,mov,video,1084238,1.03,https://www.justice.gov/epstein/files/DataSet%2010/EFTA01621024.pdf,True,yes,0,2.4,720x540,Video (no speech detected); 720x540; 2s
EFTA01621025,10,mov,video,996956,0.95,https://www.justice.gov/epstein/files/DataSet%2010/EFTA01621025.pdf,True,yes,1,2.3,720x540,Video with speech (1 words transcribed); 720x540; 2s
EFTA01621026,10,mov,video,511303,0.49,https://www.justice.gov/epstein/files/DataSet%2010/EFTA01621026.pdf,True,yes,2,3.1,640x480,Video with speech (2 words transcribed); 640x480; 3s
EFTA01621027,10,mov,video,1857000,1.77,https://www.justice.gov/epstein/files/DataSet%2010/EFTA01621027.pdf,True,yes,3,3.0,960x720,Video with speech (3 words transcribed); 960x720; 3s
EFTA01621028,10,mov,video,1597559,1.52,https://www.justice.gov/epstein/files/DataSet%2010/EFTA01621028.pdf,True,yes,0,2.5,960x720,Video (no speech detected); 960x720; 2s
EFTA01621029,10,mov,video,1783134,1.7,https://www.justice.gov/epstein/files/DataSet%2010/EFTA01621029.pdf,True,yes,0,2.6,960x720,Video (no speech detected); 960x720; 3s
EFTA01621030,10,mov,video,1662795,1.59,https://www.justice.gov/epstein/files/DataSet%2010/EFTA01621030.pdf,True,yes,0,2.4,960x720,Video (no speech detected); 960x720; 2s
EFTA01621031,10,mov,video,1383379,1.32,https://www.justice.gov/epstein/files/DataSet%2010/EFTA01621031.pdf,True,yes,1,2.2,960x720,Video with speech (1 words transcribed); 960x720; 2s
EFTA01621032,10,mov,video,685507,0.65,https://www.justice.gov/epstein/files/DataSet%2010/EFTA01621032.pdf,True,yes,0,34.9,224x128,Video (no speech detected); 224x128; 35s
EFTA01621033,10,mov,video,1348424,1.29,https://www.justice.gov/epstein/files/DataSet%2010/EFTA01621033.pdf,True,yes,0,2.1,960x720,Video (no speech detected); 960x720; 2s
EFTA01621034,10,mov,video,1436935,1.37,https://www.justice.gov/epstein/files/DataSet%2010/EFTA01621034.pdf,True,yes,0,2.4,960x720,Video (no speech detected); 960x720; 2s
EFTA01621035,10,mov,video,1478789,1.41,https://www.justice.gov/epstein/files/DataSet%2010/EFTA01621035.pdf,True,yes,0,1.9,960x720,Video (no speech detected); 960x720; 2s
EFTA01621036,10,mov,video,1744277,1.66,https://www.justice.gov/epstein/files/DataSet%2010/EFTA01621036.pdf,True,yes,7,2.7,960x720,Video with speech (7 words transcribed); 960x720; 3s
EFTA01621037,10,mov,video,1238144,1.18,https://www.justice.gov/epstein/files/DataSet%2010/EFTA01621037.pdf,True,yes,6,1.9,960x720,Video with speech (6 words transcribed); 960x720; 2s
EFTA01621038,10,mov,video,1723929,1.64,https://www.justice.gov/epstein/files/DataSet%2010/EFTA01621038.pdf,True,yes,0,2.6,960x720,Video (no speech detected); 960x720; 3s
EFTA01621039,10,mov,video,2359272,2.25,https://www.justice.gov/epstein/files/DataSet%2010/EFTA01621039.pdf,True,yes,0,2.7,1280x960,Video (no speech detected); 1280x960; 3s
EFTA01621040,10,mov,video,2304604,2.2,https://www.justice.gov/epstein/files/DataSet%2010/EFTA01621040.pdf,True,yes,0,2.5,1280x960,Video (no speech detected); 1280x960; 2s
EFTA01621041,10,mov,video,1578166,1.51,https://www.justice.gov/epstein/files/DataSet%2010/EFTA01621041.pdf,True,yes,0,1.9,1280x960,Video (no speech detected); 1280x960; 2s
EFTA01621042,10,mov,video,800220,0.76,https://www.justice.gov/epstein/files/DataSet%2010/EFTA01621042.pdf,True,yes,0,1.6,960x720,Video (no speech detected); 960x720; 2s
EFTA01621043,10,mov,video,715004,0.68,https://www.justice.gov/epstein/files/DataSet%2010/EFTA01621043.pdf,True,yes,0,1.8,720x540,Video (no speech detected); 720x540; 2s
EFTA01621044,10,mov,video,33002280,31.47,https://www.justice.gov/epstein/files/DataSet%2010/EFTA01621044.pdf,True,yes,25,32.0,1920x1080,Video with speech (25 words transcribed); 1920x1080; 32s
EFTA01621045,10,mov,video,13061888,12.46,https://www.justice.gov/epstein/files/DataSet%2010/EFTA01621045.pdf,True,yes,101,80.6,960x540,Video with speech (101 words transcribed); 960x540; 1.3min
EFTA01621046,10,mov,video,2542307,2.42,https://www.justice.gov/epstein/files/DataSet%2010/EFTA01621046.pdf,True,yes,2,2.9,1440x1080,Video with speech (2 words transcribed); 1440x1080; 3s
EFTA01621047,10,mov,video,2904827,2.77,https://www.justice.gov/epstein/files/DataSet%2010/EFTA01621047.pdf,True,yes,0,3.3,1440x1080,Video (no speech detected); 1440x1080; 3s
EFTA01621048,10,mov,video,2870093,2.74,https://www.justice.gov/epstein/files/DataSet%2010/EFTA01621048.pdf,True,yes,8,3.4,1440x1080,Video with speech (8 words transcribed); 1440x1080; 3s
EFTA01621049,10,mov,video,2221294,2.12,https://www.justice.gov/epstein/files/DataSet%2010/EFTA01621049.pdf,True,yes,3,2.7,1440x1080,Video with speech (3 words transcribed); 1440x1080; 3s
EFTA01621050,10,mov,video,1567148,1.49,https://www.justice.gov/epstein/files/DataSet%2010/EFTA01621050.pdf,True,yes,0,1.7,1440x1080,Video (no speech detected); 1440x1080; 2s
EFTA01621051,10,mov,video,1664470,1.59,https://www.justice.gov/epstein/files/DataSet%2010/EFTA01621051.pdf,True,yes,0,1.8,1440x1080,Video (no speech detected); 1440x1080; 2s
EFTA01621052,10,mov,video,53240027,50.77,https://www.justice.gov/epstein/files/DataSet%2010/EFTA01621052.pdf,True,yes,39,46.7,1920x1080,Video with speech (39 words transcribed); 1920x1080; 47s
EFTA01621053,10,mov,video,1285880,1.23,https://www.justice.gov/epstein/files/DataSet%2010/EFTA01621053.pdf,True,yes,0,1.8,1440x1080,Video (no speech detected); 1440x1080; 2s
EFTA01621054,10,mov,video,1673232,1.6,https://www.justice.gov/epstein/files/DataSet%2010/EFTA01621054.pdf,True,yes,0,2.2,1440x1080,Video (no speech detected); 1440x1080; 2s
EFTA01621055,10,mov,video,1006494,0.96,https://www.justice.gov/epstein/files/DataSet%2010/EFTA01621055.pdf,True,yes,0,1.4,1440x1080,Video (no speech detected); 1440x1080; 1s
EFTA01621056,10,mov,video,622614,0.59,https://www.justice.gov/epstein/files/DataSet%2010/EFTA01621056.pdf,True,yes,0,0.8,1440x1080,Video (no speech detected); 1440x1080; 1s
EFTA01621057,10,mov,video,1642813,1.57,https://www.justice.gov/epstein/files/DataSet%2010/EFTA01621057.pdf,True,yes,0,2.0,1440x1080,Video (no speech detected); 1440x1080; 2s
EFTA01621058,10,mov,video,2428966,2.32,https://www.justice.gov/epstein/files/DataSet%2010/EFTA01621058.pdf,True,yes,0,3.0,1440x1080,Video (no speech detected); 1440x1080; 3s
EFTA01621059,10,mov,video,639548,0.61,https://www.justice.gov/epstein/files/DataSet%2010/EFTA01621059.pdf,True,yes,0,0.8,1440x1080,Video (no speech detected); 1440x1080; 1s
EFTA01621060,10,mov,video,1629124,1.55,https://www.justice.gov/epstein/files/DataSet%2010/EFTA01621060.pdf,True,yes,0,2.0,1440x1080,Video (no speech detected); 1440x1080; 2s
EFTA01621061,10,mov,video,855806,0.82,https://www.justice.gov/epstein/files/DataSet%2010/EFTA01621061.pdf,True,yes,0,1.1,1440x1080,Video (no speech detected); 1440x1080; 1s
EFTA01621062,10,mov,video,1222587,1.17,https://www.justice.gov/epstein/files/DataSet%2010/EFTA01621062.pdf,True,yes,0,1.5,1440x1080,Video (no speech detected); 1440x1080; 2s
EFTA01621063,10,mov,video,1587644,1.51,https://www.justice.gov/epstein/files/DataSet%2010/EFTA01621063.pdf,True,yes,0,1.8,1440x1080,Video (no speech detected); 1440x1080; 2s
EFTA01621064,10,mov,video,2991644,2.85,https://www.justice.gov/epstein/files/DataSet%2010/EFTA01621064.pdf,True,yes,0,3.3,1440x1080,Video (no speech detected); 1440x1080; 3s
EFTA01621065,10,mov,video,1589661,1.52,https://www.justice.gov/epstein/files/DataSet%2010/EFTA01621065.pdf,True,yes,0,0.8,1440x1080,Video (no speech detected); 1440x1080; 1s
EFTA01621066,10,mov,video,718924,0.69,https://www.justice.gov/epstein/files/DataSet%2010/EFTA01621066.pdf,True,yes,0,0.7,1440x1080,Video (no speech detected); 1440x1080; 1s
EFTA01621067,10,mov,video,1122776,1.07,https://www.justice.gov/epstein/files/DataSet%2010/EFTA01621067.pdf,True,yes,0,1.3,1440x1080,Video (no speech detected); 1440x1080; 1s
EFTA01621068,10,mov,video,2163661,2.06,https://www.justice.gov/epstein/files/DataSet%2010/EFTA01621068.pdf,True,yes,0,2.1,1440x1080,Video (no speech detected); 1440x1080; 2s
EFTA01621069,10,mov,video,1501516,1.43,https://www.justice.gov/epstein/files/DataSet%2010/EFTA01621069.pdf,True,yes,0,1.7,1440x1080,Video (no speech detected); 1440x1080; 2s
EFTA01621070,10,mov,video,1896715,1.81,https://www.justice.gov/epstein/files/DataSet%2010/EFTA01621070.pdf,True,yes,2,2.3,1440x1080,Video with speech (2 words transcribed); 1440x1080; 2s
EFTA01621071,10,mov,video,1173397,1.12,https://www.justice.gov/epstein/files/DataSet%2010/EFTA01621071.pdf,True,yes,0,1.4,1440x1080,Video (no speech detected); 1440x1080; 1s
EFTA01621072,10,mov,video,2554537,2.44,https://www.justice.gov/epstein/files/DataSet%2010/EFTA01621072.pdf,True,yes,0,3.0,1440x1080,Video (no speech detected); 1440x1080; 3s
EFTA01621073,10,mov,video,2488590,2.37,https://www.justice.gov/epstein/files/DataSet%2010/EFTA01621073.pdf,True,yes,0,3.0,1440x1080,Video (no speech detected); 1440x1080; 3s
EFTA01621074,10,mov,video,1655438,1.58,https://www.justice.gov/epstein/files/DataSet%2010/EFTA01621074.pdf,True,yes,0,2.0,1440x1080,Video (no speech detected); 1440x1080; 2s
EFTA01621075,10,mov,video,2603562,2.48,https://www.justice.gov/epstein/files/DataSet%2010/EFTA01621075.pdf,True,yes,0,3.1,1440x1080,Video (no speech detected); 1440x1080; 3s
EFTA01621076,10,mov,video,2502889,2.39,https://www.justice.gov/epstein/files/DataSet%2010/EFTA01621076.pdf,True,yes,0,3.0,1440x1080,Video (no speech detected); 1440x1080; 3s
EFTA01621077,10,mov,video,1779328,1.7,https://www.justice.gov/epstein/files/DataSet%2010/EFTA01621077.pdf,True,yes,0,2.1,1440x1080,Video (no speech detected); 1440x1080; 2s
EFTA01621078,10,mov,video,2913748,2.78,https://www.justice.gov/epstein/files/DataSet%2010/EFTA01621078.pdf,True,yes,0,2.3,1440x1080,Video (no speech detected); 1440x1080; 2s
EFTA01621079,10,mov,video,3181200,3.03,https://www.justice.gov/epstein/files/DataSet%2010/EFTA01621079.pdf,True,yes,0,2.8,1440x1080,Video (no speech detected); 1440x1080; 3s
EFTA01621080,10,mov,video,2372960,2.26,https://www.justice.gov/epstein/files/DataSet%2010/EFTA01621080.pdf,True,yes,0,2.0,1440x1080,Video (no speech detected); 1440x1080; 2s
EFTA01621081,10,mov,video,2009201,1.92,https://www.justice.gov/epstein/files/DataSet%2010/EFTA01621081.pdf,True,yes,1,2.4,1440x1080,Video with speech (1 words transcribed); 1440x1080; 2s
EFTA01621082,10,mov,video,1592426,1.52,https://www.justice.gov/epstein/files/DataSet%2010/EFTA01621082.pdf,True,yes,0,1.9,1440x1080,Video (no speech detected); 1440x1080; 2s
EFTA01621083,10,mov,video,2483906,2.37,https://www.justice.gov/epstein/files/DataSet%2010/EFTA01621083.pdf,True,yes,0,2.9,1440x1080,Video (no speech detected); 1440x1080; 3s
EFTA01621084,10,mov,video,1649645,1.57,https://www.justice.gov/epstein/files/DataSet%2010/EFTA01621084.pdf,True,yes,0,2.0,1440x1080,Video (no speech detected); 1440x1080; 2s
EFTA01621085,10,mov,video,2407790,2.3,https://www.justice.gov/epstein/files/DataSet%2010/EFTA01621085.pdf,True,yes,0,2.8,1440x1080,Video (no speech detected); 1440x1080; 3s
EFTA01621086,10,mov,video,2062003,1.97,https://www.justice.gov/epstein/files/DataSet%2010/EFTA01621086.pdf,True,yes,0,2.3,1440x1080,Video (no speech detected); 1440x1080; 2s
EFTA01621087,10,mov,video,2099597,2.0,https://www.justice.gov/epstein/files/DataSet%2010/EFTA01621087.pdf,True,yes,0,2.4,1440x1080,Video (no speech detected); 1440x1080; 2s
EFTA01621088,10,mov,video,2099597,2.0,https://www.justice.gov/epstein/files/DataSet%2010/EFTA01621088.pdf,True,yes,0,2.4,1440x1080,Video (no speech detected); 1440x1080; 2s
EFTA01621089,10,mov,video,1999546,1.91,https://www.justice.gov/epstein/files/DataSet%2010/EFTA01621089.pdf,True,yes,0,2.3,1440x1080,Video (no speech detected); 1440x1080; 2s
EFTA01621090,10,mov,video,2396413,2.29,https://www.justice.gov/epstein/files/DataSet%2010/EFTA01621090.pdf,True,yes,0,2.8,1440x1080,Video (no speech detected); 1440x1080; 3s
EFTA01621091,10,mov,video,796834,0.76,https://www.justice.gov/epstein/files/DataSet%2010/EFTA01621091.pdf,True,yes,0,1.0,1440x1080,Video (no speech detected); 1440x1080; 1s
EFTA01621092,10,mov,video,1145458,1.09,https://www.justice.gov/epstein/files/DataSet%2010/EFTA01621092.pdf,True,yes,0,1.3,1440x1080,Video (no speech detected); 1440x1080; 1s
EFTA01621093,10,mov,video,2468926,2.35,https://www.justice.gov/epstein/files/DataSet%2010/EFTA01621093.pdf,True,yes,0,2.2,1440x1080,Video (no speech detected); 1440x1080; 2s
EFTA01621094,10,mov,video,1872193,1.79,https://www.justice.gov/epstein/files/DataSet%2010/EFTA01621094.pdf,True,yes,0,1.5,1440x1080,Video (no speech detected); 1440x1080; 2s
EFTA01621095,10,mov,video,1602552,1.53,https://www.justice.gov/epstein/files/DataSet%2010/EFTA01621095.pdf,True,yes,0,2.0,1440x1080,Video (no speech detected); 1440x1080; 2s
EFTA01621096,10,mov,video,1938575,1.85,https://www.justice.gov/epstein/files/DataSet%2010/EFTA01621096.pdf,True,yes,0,2.0,1440x1080,Video (no speech detected); 1440x1080; 2s
EFTA01621097,10,mov,video,3472602,3.31,https://www.justice.gov/epstein/files/DataSet%2010/EFTA01621097.pdf,True,yes,0,2.9,1440x1080,Video (no speech detected); 1440x1080; 3s
EFTA01621098,10,mov,video,1244020,1.19,https://www.justice.gov/epstein/files/DataSet%2010/EFTA01621098.pdf,True,yes,0,1.2,1440x1080,Video (no speech detected); 1440x1080; 1s
EFTA01621099,10,mov,video,2111867,2.01,https://www.justice.gov/epstein/files/DataSet%2010/EFTA01621099.pdf,True,yes,0,2.3,1440x1080,Video (no speech detected); 1440x1080; 2s
EFTA01621100,10,mov,video,4004949,3.82,https://www.justice.gov/epstein/files/DataSet%2010/EFTA01621100.pdf,True,yes,0,2.1,1440x1080,Video (no speech detected); 1440x1080; 2s
EFTA01621101,10,mov,video,3608545,3.44,https://www.justice.gov/epstein/files/DataSet%2010/EFTA01621101.pdf,True,yes,0,2.1,1440x1080,Video (no speech detected); 1440x1080; 2s
EFTA01621102,10,mov,video,1807881,1.72,https://www.justice.gov/epstein/files/DataSet%2010/EFTA01621102.pdf,True,yes,0,2.0,1440x1080,Video (no speech detected); 1440x1080; 2s
EFTA01621103,10,mov,video,701970,0.67,https://www.justice.gov/epstein/files/DataSet%2010/EFTA01621103.pdf,True,yes,0,0.9,1440x1080,Video (no speech detected); 1440x1080; 1s
EFTA01621104,10,mov,video,879734,0.84,https://www.justice.gov/epstein/files/DataSet%2010/EFTA01621104.pdf,True,yes,0,1.1,1440x1080,Video (no speech detected); 1440x1080; 1s
EFTA01621105,10,mov,video,950894,0.91,https://www.justice.gov/epstein/files/DataSet%2010/EFTA01621105.pdf,True,yes,0,1.1,1440x1080,Video (no speech detected); 1440x1080; 1s
EFTA01621106,10,mov,video,2374998,2.26,https://www.justice.gov/epstein/files/DataSet%2010/EFTA01621106.pdf,True,yes,2,2.8,1440x1080,Video with speech (2 words transcribed); 1440x1080; 3s
EFTA01621167,10,mov,video,4638081,4.42,https://www.justice.gov/epstein/files/DataSet%2010/EFTA01621167.pdf,True,yes,0,15.4,1280x720,Video (no speech detected); 1280x720; 15s
EFTA01621168,10,mov,video,4173324,3.98,https://www.justice.gov/epstein/files/DataSet%2010/EFTA01621168.pdf,True,yes,0,16.1,1280x720,Video (no speech detected); 1280x720; 16s
EFTA01621169,10,mov,video,8043768,7.67,https://www.justice.gov/epstein/files/DataSet%2010/EFTA01621169.pdf,True,yes,0,26.2,1280x720,Video (no speech detected); 1280x720; 26s
EFTA01621228,10,mov,video,1995010,1.9,https://www.justice.gov/epstein/files/DataSet%2010/EFTA01621228.pdf,True,yes,0,15.7,640x352,Video (no speech detected); 640x352; 16s
EFTA01621919,10,mov,video,11343095,10.82,https://www.justice.gov/epstein/files/DataSet%2010/EFTA01621919.pdf,True,yes,43,42.6,1280x720,Video with speech (43 words transcribed); 1280x720; 43s
EFTA01621920,10,mov,video,9102994,8.68,https://www.justice.gov/epstein/files/DataSet%2010/EFTA01621920.pdf,True,yes,95,31.9,1280x720,Video with speech (95 words transcribed); 1280x720; 32s
EFTA01622052,10,mov,video,1645855,1.57,https://www.justice.gov/epstein/files/DataSet%2010/EFTA01622052.pdf,True,yes,3,5.8,1280x720,Video with speech (3 words transcribed); 1280x720; 6s
EFTA01622053,10,mov,video,2016935,1.92,https://www.justice.gov/epstein/files/DataSet%2010/EFTA01622053.pdf,True,yes,4,7.0,1280x720,Video with speech (4 words transcribed); 1280x720; 7s
EFTA01622054,10,mov,video,2857445,2.73,https://www.justice.gov/epstein/files/DataSet%2010/EFTA01622054.pdf,True,yes,8,10.0,1280x720,Video with speech (8 words transcribed); 1280x720; 10s
EFTA01622055,10,mov,video,2823362,2.69,https://www.justice.gov/epstein/files/DataSet%2010/EFTA01622055.pdf,True,yes,5,9.9,1280x720,Video with speech (5 words transcribed); 1280x720; 10s
EFTA01623106,10,mov,video,711010,0.68,https://www.justice.gov/epstein/files/DataSet%2010/EFTA01623106.pdf,True,yes,4,10.0,480x480,Video with speech (4 words transcribed); 480x480; 10s
EFTA01624248,10,mov,video,8653024,8.25,https://www.justice.gov/epstein/files/DataSet%2010/EFTA01624248.pdf,True,yes,0,30.9,1280x720,Video (no speech detected); 1280x720; 31s
EFTA01624279,10,mov,video,4807043,4.58,https://www.justice.gov/epstein/files/DataSet%2010/EFTA01624279.pdf,True,yes,0,16.2,1280x720,Video (no speech detected); 1280x720; 16s
EFTA01648441,10,mp4,video,29139,0.03,https://www.justice.gov/epstein/files/DataSet%2010/EFTA01648441.pdf,False,,,5.0,320x180,Silent surveillance video; 320x180; 5s
EFTA01648442,10,mp4,video,11015,0.01,https://www.justice.gov/epstein/files/DataSet%2010/EFTA01648442.pdf,False,,,5.0,320x180,Silent surveillance video; 320x180; 5s
EFTA01648443,10,mp4,video,26517,0.03,https://www.justice.gov/epstein/files/DataSet%2010/EFTA01648443.pdf,False,,,4.0,320x180,Silent surveillance video; 320x180; 4s
EFTA01648444,10,mp4,video,63261,0.06,https://www.justice.gov/epstein/files/DataSet%2010/EFTA01648444.pdf,False,,,5.0,320x180,Silent surveillance video; 320x180; 5s
EFTA01648445,10,mp4,video,45040,0.04,https://www.justice.gov/epstein/files/DataSet%2010/EFTA01648445.pdf,False,,,5.0,320x180,Silent surveillance video; 320x180; 5s
EFTA01648446,10,mp4,video,24587,0.02,https://www.justice.gov/epstein/files/DataSet%2010/EFTA01648446.pdf,False,,,4.0,320x180,Silent surveillance video; 320x180; 4s
EFTA01648447,10,mp4,video,33852,0.03,https://www.justice.gov/epstein/files/DataSet%2010/EFTA01648447.pdf,False,,,5.0,320x180,Silent surveillance video; 320x180; 5s
EFTA01648448,10,mp4,video,31721,0.03,https://www.justice.gov/epstein/files/DataSet%2010/EFTA01648448.pdf,False,,,5.0,320x180,Silent surveillance video; 320x180; 5s
EFTA01648449,10,mp4,video,23333,0.02,https://www.justice.gov/epstein/files/DataSet%2010/EFTA01648449.pdf,False,,,5.0,320x180,Silent surveillance video; 320x180; 5s
EFTA01648450,10,mp4,video,27708,0.03,https://www.justice.gov/epstein/files/DataSet%2010/EFTA01648450.pdf,False,,,5.0,320x180,Silent surveillance video; 320x180; 5s
EFTA01648451,10,mp4,video,41918,0.04,https://www.justice.gov/epstein/files/DataSet%2010/EFTA01648451.pdf,False,,,5.0,320x180,Silent surveillance video; 320x180; 5s
EFTA01648452,10,mp4,video,22753,0.02,https://www.justice.gov/epstein/files/DataSet%2010/EFTA01648452.pdf,False,,,5.0,320x180,Silent surveillance video; 320x180; 5s
EFTA01648453,10,mp4,video,23270,0.02,https://www.justice.gov/epstein/files/DataSet%2010/EFTA01648453.pdf,False,,,4.0,320x180,Silent surveillance video; 320x180; 4s
EFTA01648454,10,mp4,video,26613,0.03,https://www.justice.gov/epstein/files/DataSet%2010/EFTA01648454.pdf,False,,,4.0,320x180,Silent surveillance video; 320x180; 4s
EFTA01648455,10,mp4,video,54516,0.05,https://www.justice.gov/epstein/files/DataSet%2010/EFTA01648455.pdf,False,,,5.0,320x180,Silent surveillance video; 320x180; 5s
EFTA01648456,10,mp4,video,23261,0.02,https://www.justice.gov/epstein/files/DataSet%2010/EFTA01648456.pdf,False,,,5.0,320x180,Silent surveillance video; 320x180; 5s
EFTA01648457,10,mp4,video,29859,0.03,https://www.justice.gov/epstein/files/DataSet%2010/EFTA01648457.pdf,False,,,5.0,320x180,Silent surveillance video; 320x180; 5s
EFTA01648458,10,mp4,video,26398,0.03,https://www.justice.gov/epstein/files/DataSet%2010/EFTA01648458.pdf,False,,,5.0,320x180,Silent surveillance video; 320x180; 5s
EFTA01648459,10,mp4,video,25786,0.02,https://www.justice.gov/epstein/files/DataSet%2010/EFTA01648459.pdf,False,,,5.0,320x180,Silent surveillance video; 320x180; 5s
EFTA01648460,10,mp4,video,20980,0.02,https://www.justice.gov/epstein/files/DataSet%2010/EFTA01648460.pdf,False,,,5.0,320x180,Silent surveillance video; 320x180; 5s
EFTA01648461,10,mp4,video,23046,0.02,https://www.justice.gov/epstein/files/DataSet%2010/EFTA01648461.pdf,False,,,5.0,320x180,Silent surveillance video; 320x180; 5s
EFTA01648462,10,mp4,video,44858,0.04,https://www.justice.gov/epstein/files/DataSet%2010/EFTA01648462.pdf,False,,,5.0,320x180,Silent surveillance video; 320x180; 5s
EFTA01648463,10,mp4,video,19137,0.02,https://www.justice.gov/epstein/files/DataSet%2010/EFTA01648463.pdf,False,,,5.0,320x180,Silent surveillance video; 320x180; 5s
EFTA01648464,10,mp4,video,27075,0.03,https://www.justice.gov/epstein/files/DataSet%2010/EFTA01648464.pdf,False,,,5.0,320x180,Silent surveillance video; 320x180; 5s
EFTA01648465,10,mp4,video,26132,0.02,https://www.justice.gov/epstein/files/DataSet%2010/EFTA01648465.pdf,False,,,5.0,320x180,Silent surveillance video; 320x180; 5s
EFTA01648466,10,mp4,video,12747,0.01,https://www.justice.gov/epstein/files/DataSet%2010/EFTA01648466.pdf,False,,,5.0,320x180,Silent surveillance video; 320x180; 5s
EFTA01648467,10,mp4,video,34660,0.03,https://www.justice.gov/epstein/files/DataSet%2010/EFTA01648467.pdf,False,,,4.0,320x180,Silent surveillance video; 320x180; 4s
EFTA01648468,10,mp4,video,24640,0.02,https://www.justice.gov/epstein/files/DataSet%2010/EFTA01648468.pdf,False,,,5.0,320x180,Silent surveillance video; 320x180; 5s
EFTA01648469,10,mp4,video,23253,0.02,https://www.justice.gov/epstein/files/DataSet%2010/EFTA01648469.pdf,False,,,5.0,320x180,Silent surveillance video; 320x180; 5s
EFTA01648470,10,mp4,video,20213,0.02,https://www.justice.gov/epstein/files/DataSet%2010/EFTA01648470.pdf,False,,,4.0,320x180,Silent surveillance video; 320x180; 4s
EFTA01648471,10,mp4,video,22370,0.02,https://www.justice.gov/epstein/files/DataSet%2010/EFTA01648471.pdf,False,,,3.9,320x180,Silent surveillance video; 320x180; 4s
EFTA01648472,10,mp4,video,20882,0.02,https://www.justice.gov/epstein/files/DataSet%2010/EFTA01648472.pdf,False,,,5.0,320x180,Silent surveillance video; 320x180; 5s
EFTA01648473,10,mp4,video,24222,0.02,https://www.justice.gov/epstein/files/DataSet%2010/EFTA01648473.pdf,False,,,5.0,320x180,Silent surveillance video; 320x180; 5s
EFTA01648474,10,mp4,video,33512,0.03,https://www.justice.gov/epstein/files/DataSet%2010/EFTA01648474.pdf,False,,,5.0,320x180,Silent surveillance video; 320x180; 5s
EFTA01648475,10,mp4,video,29596,0.03,https://www.justice.gov/epstein/files/DataSet%2010/EFTA01648475.pdf,False,,,5.0,320x180,Silent surveillance video; 320x180; 5s
EFTA01648476,10,mp4,video,52323,0.05,https://www.justice.gov/epstein/files/DataSet%2010/EFTA01648476.pdf,False,,,5.0,320x180,Silent surveillance video; 320x180; 5s
EFTA01648477,10,mp4,video,20217,0.02,https://www.justice.gov/epstein/files/DataSet%2010/EFTA01648477.pdf,False,,,5.0,320x180,Silent surveillance video; 320x180; 5s
EFTA01648478,10,mp4,video,24720,0.02,https://www.justice.gov/epstein/files/DataSet%2010/EFTA01648478.pdf,False,,,5.0,320x180,Silent surveillance video; 320x180; 5s
EFTA01648479,10,mp4,video,6584,0.01,https://www.justice.gov/epstein/files/DataSet%2010/EFTA01648479.pdf,False,,,1.0,320x180,Silent surveillance video; 320x180; 1s
EFTA01648480,10,mp4,video,44246,0.04,https://www.justice.gov/epstein/files/DataSet%2010/EFTA01648480.pdf,False,,,5.0,320x180,Silent surveillance video; 320x180; 5s
EFTA01648481,10,mp4,video,35043,0.03,https://www.justice.gov/epstein/files/DataSet%2010/EFTA01648481.pdf,False,,,5.0,320x180,Silent surveillance video; 320x180; 5s
EFTA01648482,10,mp4,video,54389,0.05,https://www.justice.gov/epstein/files/DataSet%2010/EFTA01648482.pdf,False,,,5.0,320x180,Silent surveillance video; 320x180; 5s
EFTA01648483,10,mp4,video,23163,0.02,https://www.justice.gov/epstein/files/DataSet%2010/EFTA01648483.pdf,False,,,5.0,320x180,Silent surveillance video; 320x180; 5s
EFTA01648484,10,mp4,video,25708,0.02,https://www.justice.gov/epstein/files/DataSet%2010/EFTA01648484.pdf,False,,,5.0,320x180,Silent surveillance video; 320x180; 5s
EFTA01648485,10,mp4,video,11690,0.01,https://www.justice.gov/epstein/files/DataSet%2010/EFTA01648485.pdf,False,,,4.0,320x180,Silent surveillance video; 320x180; 4s
EFTA01648486,10,mp4,video,19660,0.02,https://www.justice.gov/epstein/files/DataSet%2010/EFTA01648486.pdf,False,,,5.0,320x180,Silent surveillance video; 320x180; 5s
EFTA01648487,10,mp4,video,22787,0.02,https://www.justice.gov/epstein/files/DataSet%2010/EFTA01648487.pdf,False,,,5.0,320x180,Silent surveillance video; 320x180; 5s
EFTA01648488,10,mp4,video,26309,0.03,https://www.justice.gov/epstein/files/DataSet%2010/EFTA01648488.pdf,False,,,5.0,320x180,Silent surveillance video; 320x180; 5s
EFTA01648489,10,mp4,video,35696,0.03,https://www.justice.gov/epstein/files/DataSet%2010/EFTA01648489.pdf,False,,,5.0,320x180,Silent surveillance video; 320x180; 5s
EFTA01648490,10,mp4,video,27770,0.03,https://www.justice.gov/epstein/files/DataSet%2010/EFTA01648490.pdf,False,,,5.0,320x180,Silent surveillance video; 320x180; 5s
EFTA01648491,10,mp4,video,14459,0.01,https://www.justice.gov/epstein/files/DataSet%2010/EFTA01648491.pdf,False,,,5.0,320x180,Silent surveillance video; 320x180; 5s
EFTA01648492,10,mp4,video,36193,0.03,https://www.justice.gov/epstein/files/DataSet%2010/EFTA01648492.pdf,False,,,5.0,320x180,Silent surveillance video; 320x180; 5s
EFTA01648493,10,mp4,video,33510,0.03,https://www.justice.gov/epstein/files/DataSet%2010/EFTA01648493.pdf,False,,,5.0,320x180,Silent surveillance video; 320x180; 5s
EFTA01648494,10,mp4,video,48519,0.05,https://www.justice.gov/epstein/files/DataSet%2010/EFTA01648494.pdf,False,,,5.0,320x180,Silent surveillance video; 320x180; 5s
EFTA01648495,10,mp4,video,67610,0.06,https://www.justice.gov/epstein/files/DataSet%2010/EFTA01648495.pdf,False,,,5.0,320x180,Silent surveillance video; 320x180; 5s
EFTA01648496,10,mp4,video,31869,0.03,https://www.justice.gov/epstein/files/DataSet%2010/EFTA01648496.pdf,False,,,4.0,320x180,Silent surveillance video; 320x180; 4s
EFTA01648497,10,mp4,video,38961,0.04,https://www.justice.gov/epstein/files/DataSet%2010/EFTA01648497.pdf,False,,,5.0,320x180,Silent surveillance video; 320x180; 5s
EFTA01648498,10,mp4,video,16782,0.02,https://www.justice.gov/epstein/files/DataSet%2010/EFTA01648498.pdf,False,,,4.0,320x180,Silent surveillance video; 320x180; 4s
EFTA01648499,10,mp4,video,15256,0.01,https://www.justice.gov/epstein/files/DataSet%2010/EFTA01648499.pdf,False,,,5.0,320x180,Silent surveillance video; 320x180; 5s
EFTA01648500,10,mp4,video,31384,0.03,https://www.justice.gov/epstein/files/DataSet%2010/EFTA01648500.pdf,False,,,5.0,320x180,Silent surveillance video; 320x180; 5s
EFTA01648501,10,mp4,video,14984,0.01,https://www.justice.gov/epstein/files/DataSet%2010/EFTA01648501.pdf,False,,,5.0,320x180,Silent surveillance video; 320x180; 5s
EFTA01648502,10,mp4,video,22955,0.02,https://www.justice.gov/epstein/files/DataSet%2010/EFTA01648502.pdf,False,,,4.0,320x180,Silent surveillance video; 320x180; 4s
EFTA01648503,10,mp4,video,21627,0.02,https://www.justice.gov/epstein/files/DataSet%2010/EFTA01648503.pdf,False,,,5.0,320x180,Silent surveillance video; 320x180; 5s
EFTA01648504,10,mp4,video,440280,0.42,https://www.justice.gov/epstein/files/DataSet%2010/EFTA01648504.pdf,True,yes,0,23.1,320x240,Video (no speech detected); 320x240; 23s
EFTA01648505,10,mp4,video,240709,0.23,https://www.justice.gov/epstein/files/DataSet%2010/EFTA01648505.pdf,True,yes,0,36.8,480x640,Video (no speech detected); 480x640; 37s
EFTA01648506,10,mp4,video,2195390,2.09,https://www.justice.gov/epstein/files/DataSet%2010/EFTA01648506.pdf,True,yes,42,29.2,640x368,Video with speech (42 words transcribed); 640x368; 29s
EFTA01648507,10,mp4,video,2463970,2.35,https://www.justice.gov/epstein/files/DataSet%2010/EFTA01648507.pdf,True,yes,0,118.8,320x240,Video (no speech detected); 320x240; 2.0min
EFTA01648508,10,mp4,video,678168,0.65,https://www.justice.gov/epstein/files/DataSet%2010/EFTA01648508.pdf,True,yes,0,4.9,720x1280,Video (no speech detected); 720x1280; 5s
EFTA01648509,10,mp4,video,1322704,1.26,https://www.justice.gov/epstein/files/DataSet%2010/EFTA01648509.pdf,True,yes,0,10.1,720x1280,Video (no speech detected); 720x1280; 10s
EFTA01648510,10,mp4,video,22234,0.02,https://www.justice.gov/epstein/files/DataSet%2010/EFTA01648510.pdf,False,,,7.1,320x240,Silent surveillance video; 320x240; 7s
EFTA01648511,10,mp4,video,833457,0.79,https://www.justice.gov/epstein/files/DataSet%2010/EFTA01648511.pdf,True,yes,0,9.9,720x1280,Video (no speech detected); 720x1280; 10s
EFTA01648512,10,mp4,video,2058847,1.96,https://www.justice.gov/epstein/files/DataSet%2010/EFTA01648512.pdf,True,yes,0,24.1,720x1280,Video (no speech detected); 720x1280; 24s
EFTA01648513,10,mp4,video,2292675,2.19,https://www.justice.gov/epstein/files/DataSet%2010/EFTA01648513.pdf,True,yes,0,14.7,720x1280,Video (no speech detected); 720x1280; 15s
EFTA01648514,10,mp4,video,456178,0.44,https://www.justice.gov/epstein/files/DataSet%2010/EFTA01648514.pdf,True,yes,0,2.9,1080x1920,Video (no speech detected); 1080x1920; 3s
EFTA01648515,10,mp4,video,22425409,21.39,https://www.justice.gov/epstein/files/DataSet%2010/EFTA01648515.pdf,True,yes,0,67.9,1280x720,Video (no speech detected); 1280x720; 1.1min
EFTA01648516,10,mp4,video,15792109,15.06,https://www.justice.gov/epstein/files/DataSet%2010/EFTA01648516.pdf,True,yes,0,49.6,1080x1920,Video (no speech detected); 1080x1920; 50s
EFTA01648517,10,mp4,video,1998965,1.91,https://www.justice.gov/epstein/files/DataSet%2010/EFTA01648517.pdf,True,yes,0,14.7,720x1280,Video (no speech detected); 720x1280; 15s
EFTA01648518,10,mp4,video,2982508,2.84,https://www.justice.gov/epstein/files/DataSet%2010/EFTA01648518.pdf,True,yes,0,22.7,568x320,Video (no speech detected); 568x320; 23s
EFTA01648519,10,mp4,video,43526,0.04,https://www.justice.gov/epstein/files/DataSet%2010/EFTA01648519.pdf,False,,,7.0,320x240,Silent surveillance video; 320x240; 7s
EFTA01648520,10,mp4,video,5057,0.0,https://www.justice.gov/epstein/files/DataSet%2010/EFTA01648520.pdf,False,,,1.5,320x240,Silent surveillance video; 320x240; 2s
EFTA01648521,10,mp4,video,17745,0.02,https://www.justice.gov/epstein/files/DataSet%2010/EFTA01648521.pdf,False,,,5.0,240x180,Silent surveillance video; 240x180; 5s
EFTA01648522,10,mp4,video,299471,0.29,https://www.justice.gov/epstein/files/DataSet%2010/EFTA01648522.pdf,True,yes,0,20.0,480x272,Video (no speech detected); 480x272; 20s
EFTA01648523,10,mp4,video,30069737,28.68,https://www.justice.gov/epstein/files/DataSet%2010/EFTA01648523.pdf,True,yes,0,94.4,1080x1920,Video (no speech detected); 1080x1920; 1.6min
EFTA01648524,10,mp4,video,3552525,3.39,https://www.justice.gov/epstein/files/DataSet%2010/EFTA01648524.pdf,True,yes,122,155.2,320x240,Video with speech (122 words transcribed); 320x240; 2.6min
EFTA01648525,10,mp4,video,575166,0.55,https://www.justice.gov/epstein/files/DataSet%2010/EFTA01648525.pdf,True,yes,0,27.7,640x352,Video (no speech detected); 640x352; 28s
EFTA01648526,10,mp4,video,53349551,50.88,https://www.justice.gov/epstein/files/DataSet%2010/EFTA01648526.pdf,True,yes,2,389.7,1920x1080,Video with speech (2 words transcribed); 1920x1080; 6.5min
EFTA01648527,10,mp4,video,936424,0.89,https://www.justice.gov/epstein/files/DataSet%2010/EFTA01648527.pdf,True,yes,64,70.5,192x144,Video with speech (64 words transcribed); 192x144; 1.2min
EFTA01648528,10,mp4,video,6349464,6.06,https://www.justice.gov/epstein/files/DataSet%2010/EFTA01648528.pdf,True,yes,0,283.4,352x640,Video (no speech detected); 352x640; 4.7min
EFTA01648529,10,mp4,video,1325675,1.26,https://www.justice.gov/epstein/files/DataSet%2010/EFTA01648529.pdf,True,yes,0,62.0,352x640,Video (no speech detected); 352x640; 1.0min
EFTA01648530,10,mp4,video,162974,0.16,https://www.justice.gov/epstein/files/DataSet%2010/EFTA01648530.pdf,True,yes,3,7.3,720x1280,Video with speech (3 words transcribed); 720x1280; 7s
EFTA01648531,10,mp4,video,603738,0.58,https://www.justice.gov/epstein/files/DataSet%2010/EFTA01648531.pdf,True,yes,0,10.0,480x480,Video (no speech detected); 480x480; 10s
EFTA01648532,10,mp4,video,5344465,5.1,https://www.justice.gov/epstein/files/DataSet%2010/EFTA01648532.pdf,True,yes,49,299.9,480x272,Video with speech (49 words transcribed); 480x272; 5.0min
EFTA01648533,10,mp4,video,2185825,2.08,https://www.justice.gov/epstein/files/DataSet%2010/EFTA01648533.pdf,True,yes,0,102.9,352x640,Video (no speech detected); 352x640; 1.7min
EFTA01648534,10,mp4,video,6072663,5.79,https://www.justice.gov/epstein/files/DataSet%2010/EFTA01648534.pdf,True,yes,0,283.5,352x640,Video (no speech detected); 352x640; 4.7min
EFTA01648535,10,mp4,video,286207,0.27,https://www.justice.gov/epstein/files/DataSet%2010/EFTA01648535.pdf,True,yes,0,13.8,368x368,Video (no speech detected); 368x368; 14s
