EFTA00279929,9,avi,video,14336,0.01,https://www.justice.gov/epstein/files/DataSet%209/EFTA00279929.pdf,False,,,0.0,320x240,Silent surveillance video; 320x240
EFTA00279930,9,avi,video,26112,0.02,https://www.justice.gov/epstein/files/DataSet%209/EFTA00279930.pdf,False,,,0.1,320x240,Silent surveillance video; 320x240; 0s
EFTA00279931,9,avi,video,18944,0.02,https://www.justice.gov/epstein/files/DataSet%209/EFTA00279931.pdf,False,,,0.0,320x240,Silent surveillance video; 320x240
EFTA00279932,9,avi,video,18944,0.02,https://www.justice.gov/epstein/files/DataSet%209/EFTA00279932.pdf,False,,,0.0,320x240,Silent surveillance video; 320x240
EFTA00279933,9,avi,video,17408,0.02,https://www.justice.gov/epstein/files/DataSet%209/EFTA00279933.pdf,False,,,0.0,320x240,Silent surveillance video; 320x240
EFTA00279934,9,avi,video,21504,0.02,https://www.justice.gov/epstein/files/DataSet%209/EFTA00279934.pdf,False,,,0.0,320x240,Silent surveillance video; 320x240
EFTA00279935,9,avi,video,15360,0.01,https://www.justice.gov/epstein/files/DataSet%209/EFTA00279935.pdf,False,,,0.0,320x240,Silent surveillance video; 320x240
EFTA00279936,9,avi,video,26624,0.03,https://www.justice.gov/epstein/files/DataSet%209/EFTA00279936.pdf,False,,,0.1,320x240,Silent surveillance video; 320x240; 0s
EFTA00279937,9,avi,video,16384,0.02,https://www.justice.gov/epstein/files/DataSet%209/EFTA00279937.pdf,False,,,0.0,320x240,Silent surveillance video; 320x240
EFTA00279938,9,avi,video,13312,0.01,https://www.justice.gov/epstein/files/DataSet%209/EFTA00279938.pdf,False,,,0.0,320x240,Silent surveillance video; 320x240
EFTA00279939,9,avi,video,20480,0.02,https://www.justice.gov/epstein/files/DataSet%209/EFTA00279939.pdf,False,,,0.0,320x240,Silent surveillance video; 320x240
EFTA00279940,9,avi,video,16384,0.02,https://www.justice.gov/epstein/files/DataSet%209/EFTA00279940.pdf,False,,,0.0,320x240,Silent surveillance video; 320x240
EFTA00279941,9,avi,video,16384,0.02,https://www.justice.gov/epstein/files/DataSet%209/EFTA00279941.pdf,False,,,0.0,320x240,Silent surveillance video; 320x240
EFTA00279942,9,avi,video,15872,0.02,https://www.justice.gov/epstein/files/DataSet%209/EFTA00279942.pdf,False,,,0.0,320x240,Silent surveillance video; 320x240
EFTA00279943,9,avi,video,28672,0.03,https://www.justice.gov/epstein/files/DataSet%209/EFTA00279943.pdf,False,,,0.1,320x240,Silent surveillance video; 320x240; 0s
EFTA00279944,9,avi,video,15872,0.02,https://www.justice.gov/epstein/files/DataSet%209/EFTA00279944.pdf,False,,,0.0,320x240,Silent surveillance video; 320x240
EFTA00279945,9,avi,video,15872,0.02,https://www.justice.gov/epstein/files/DataSet%209/EFTA00279945.pdf,False,,,0.0,320x240,Silent surveillance video; 320x240
EFTA00279946,9,avi,video,15872,0.02,https://www.justice.gov/epstein/files/DataSet%209/EFTA00279946.pdf,False,,,0.0,320x240,Silent surveillance video; 320x240
EFTA00279947,9,avi,video,16384,0.02,https://www.justice.gov/epstein/files/DataSet%209/EFTA00279947.pdf,False,,,0.0,320x240,Silent surveillance video; 320x240
EFTA00279948,9,avi,video,15872,0.02,https://www.justice.gov/epstein/files/DataSet%209/EFTA00279948.pdf,False,,,0.0,320x240,Silent surveillance video; 320x240
EFTA00279949,9,avi,video,16384,0.02,https://www.justice.gov/epstein/files/DataSet%209/EFTA00279949.pdf,False,,,0.0,320x240,Silent surveillance video; 320x240
EFTA00279950,9,avi,video,16384,0.02,https://www.justice.gov/epstein/files/DataSet%209/EFTA00279950.pdf,False,,,0.0,320x240,Silent surveillance video; 320x240
EFTA00279951,9,avi,video,50176,0.05,https://www.justice.gov/epstein/files/DataSet%209/EFTA00279951.pdf,False,,,0.1,320x240,Silent surveillance video; 320x240; 0s
EFTA00279952,9,avi,video,15872,0.02,https://www.justice.gov/epstein/files/DataSet%209/EFTA00279952.pdf,False,,,0.0,320x240,Silent surveillance video; 320x240
EFTA00279953,9,avi,video,16384,0.02,https://www.justice.gov/epstein/files/DataSet%209/EFTA00279953.pdf,False,,,0.0,320x240,Silent surveillance video; 320x240
EFTA00279954,9,avi,video,16896,0.02,https://www.justice.gov/epstein/files/DataSet%209/EFTA00279954.pdf,False,,,0.0,320x240,Silent surveillance video; 320x240
EFTA00279955,9,avi,video,18432,0.02,https://www.justice.gov/epstein/files/DataSet%209/EFTA00279955.pdf,False,,,0.0,320x240,Silent surveillance video; 320x240
EFTA00279956,9,avi,video,15872,0.02,https://www.justice.gov/epstein/files/DataSet%209/EFTA00279956.pdf,False,,,0.0,320x240,Silent surveillance video; 320x240
EFTA00279957,9,avi,video,14848,0.01,https://www.justice.gov/epstein/files/DataSet%209/EFTA00279957.pdf,False,,,0.0,320x240,Silent surveillance video; 320x240
EFTA00279958,9,avi,video,16896,0.02,https://www.justice.gov/epstein/files/DataSet%209/EFTA00279958.pdf,False,,,0.0,320x240,Silent surveillance video; 320x240
EFTA00279959,9,avi,video,16384,0.02,https://www.justice.gov/epstein/files/DataSet%209/EFTA00279959.pdf,False,,,0.0,320x240,Silent surveillance video; 320x240
EFTA00279960,9,avi,video,16384,0.02,https://www.justice.gov/epstein/files/DataSet%209/EFTA00279960.pdf,False,,,0.0,320x240,Silent surveillance video; 320x240
EFTA00279961,9,avi,video,16384,0.02,https://www.justice.gov/epstein/files/DataSet%209/EFTA00279961.pdf,False,,,0.0,320x240,Silent surveillance video; 320x240
EFTA00279962,9,avi,video,31232,0.03,https://www.justice.gov/epstein/files/DataSet%209/EFTA00279962.pdf,False,,,0.1,320x240,Silent surveillance video; 320x240; 0s
EFTA00279963,9,avi,video,16384,0.02,https://www.justice.gov/epstein/files/DataSet%209/EFTA00279963.pdf,False,,,0.0,320x240,Silent surveillance video; 320x240
EFTA00279964,9,avi,video,15872,0.02,https://www.justice.gov/epstein/files/DataSet%209/EFTA00279964.pdf,False,,,0.0,320x240,Silent surveillance video; 320x240
EFTA00279965,9,avi,video,16384,0.02,https://www.justice.gov/epstein/files/DataSet%209/EFTA00279965.pdf,False,,,0.0,320x240,Silent surveillance video; 320x240
EFTA00279966,9,avi,video,16384,0.02,https://www.justice.gov/epstein/files/DataSet%209/EFTA00279966.pdf,False,,,0.0,320x240,Silent surveillance video; 320x240
EFTA00279967,9,avi,video,16384,0.02,https://www.justice.gov/epstein/files/DataSet%209/EFTA00279967.pdf,False,,,0.0,320x240,Silent surveillance video; 320x240
EFTA00279968,9,avi,video,16384,0.02,https://www.justice.gov/epstein/files/DataSet%209/EFTA00279968.pdf,False,,,0.0,320x240,Silent surveillance video; 320x240
EFTA00279969,9,avi,video,16384,0.02,https://www.justice.gov/epstein/files/DataSet%209/EFTA00279969.pdf,False,,,0.0,320x240,Silent surveillance video; 320x240
EFTA00279970,9,avi,video,16384,0.02,https://www.justice.gov/epstein/files/DataSet%209/EFTA00279970.pdf,False,,,0.0,320x240,Silent surveillance video; 320x240
EFTA00279971,9,avi,video,16896,0.02,https://www.justice.gov/epstein/files/DataSet%209/EFTA00279971.pdf,False,,,0.0,320x240,Silent surveillance video; 320x240
EFTA00279972,9,avi,video,16384,0.02,https://www.justice.gov/epstein/files/DataSet%209/EFTA00279972.pdf,False,,,0.0,320x240,Silent surveillance video; 320x240
EFTA00279973,9,avi,video,16896,0.02,https://www.justice.gov/epstein/files/DataSet%209/EFTA00279973.pdf,False,,,0.0,320x240,Silent surveillance video; 320x240
EFTA00279974,9,avi,video,16896,0.02,https://www.justice.gov/epstein/files/DataSet%209/EFTA00279974.pdf,False,,,0.0,320x240,Silent surveillance video; 320x240
EFTA00279975,9,avi,video,16896,0.02,https://www.justice.gov/epstein/files/DataSet%209/EFTA00279975.pdf,False,,,0.0,320x240,Silent surveillance video; 320x240
EFTA00279976,9,avi,video,16384,0.02,https://www.justice.gov/epstein/files/DataSet%209/EFTA00279976.pdf,False,,,0.0,320x240,Silent surveillance video; 320x240
EFTA00279977,9,avi,video,15872,0.02,https://www.justice.gov/epstein/files/DataSet%209/EFTA00279977.pdf,False,,,0.0,320x240,Silent surveillance video; 320x240
EFTA00279978,9,avi,video,16384,0.02,https://www.justice.gov/epstein/files/DataSet%209/EFTA00279978.pdf,False,,,0.0,320x240,Silent surveillance video; 320x240
EFTA00279979,9,avi,video,16384,0.02,https://www.justice.gov/epstein/files/DataSet%209/EFTA00279979.pdf,False,,,0.0,320x240,Silent surveillance video; 320x240
EFTA00279980,9,avi,video,43520,0.04,https://www.justice.gov/epstein/files/DataSet%209/EFTA00279980.pdf,False,,,0.1,320x240,Silent surveillance video; 320x240; 0s
EFTA00279981,9,avi,video,15872,0.02,https://www.justice.gov/epstein/files/DataSet%209/EFTA00279981.pdf,False,,,0.0,320x240,Silent surveillance video; 320x240
EFTA00279982,9,avi,video,13312,0.01,https://www.justice.gov/epstein/files/DataSet%209/EFTA00279982.pdf,False,,,0.0,320x240,Silent surveillance video; 320x240
EFTA00279983,9,avi,video,19456,0.02,https://www.justice.gov/epstein/files/DataSet%209/EFTA00279983.pdf,False,,,0.0,320x240,Silent surveillance video; 320x240
EFTA00279984,9,avi,video,3072,0.0,https://www.justice.gov/epstein/files/DataSet%209/EFTA00279984.pdf,False,,,0.0,320x240,Silent surveillance video; 320x240
EFTA00279985,9,avi,video,17408,0.02,https://www.justice.gov/epstein/files/DataSet%209/EFTA00279985.pdf,False,,,0.0,320x240,Silent surveillance video; 320x240
EFTA00279986,9,avi,video,17408,0.02,https://www.justice.gov/epstein/files/DataSet%209/EFTA00279986.pdf,False,,,0.0,320x240,Silent surveillance video; 320x240
EFTA00279987,9,avi,video,17408,0.02,https://www.justice.gov/epstein/files/DataSet%209/EFTA00279987.pdf,False,,,0.0,320x240,Silent surveillance video; 320x240
EFTA00279988,9,avi,video,18432,0.02,https://www.justice.gov/epstein/files/DataSet%209/EFTA00279988.pdf,False,,,0.0,320x240,Silent surveillance video; 320x240
EFTA00279989,9,avi,video,16896,0.02,https://www.justice.gov/epstein/files/DataSet%209/EFTA00279989.pdf,False,,,0.0,320x240,Silent surveillance video; 320x240
EFTA00279990,9,avi,video,16896,0.02,https://www.justice.gov/epstein/files/DataSet%209/EFTA00279990.pdf,False,,,0.0,320x240,Silent surveillance video; 320x240
EFTA00279991,9,avi,video,16896,0.02,https://www.justice.gov/epstein/files/DataSet%209/EFTA00279991.pdf,False,,,0.0,320x240,Silent surveillance video; 320x240
EFTA00279992,9,avi,video,16384,0.02,https://www.justice.gov/epstein/files/DataSet%209/EFTA00279992.pdf,False,,,0.0,320x240,Silent surveillance video; 320x240
EFTA00279993,9,avi,video,16896,0.02,https://www.justice.gov/epstein/files/DataSet%209/EFTA00279993.pdf,False,,,0.0,320x240,Silent surveillance video; 320x240
EFTA00279994,9,avi,video,16384,0.02,https://www.justice.gov/epstein/files/DataSet%209/EFTA00279994.pdf,False,,,0.0,320x240,Silent surveillance video; 320x240
EFTA00279995,9,avi,video,16896,0.02,https://www.justice.gov/epstein/files/DataSet%209/EFTA00279995.pdf,False,,,0.0,320x240,Silent surveillance video; 320x240
EFTA00279996,9,avi,video,31232,0.03,https://www.justice.gov/epstein/files/DataSet%209/EFTA00279996.pdf,False,,,0.1,320x240,Silent surveillance video; 320x240; 0s
EFTA00279997,9,avi,video,16384,0.02,https://www.justice.gov/epstein/files/DataSet%209/EFTA00279997.pdf,False,,,0.0,320x240,Silent surveillance video; 320x240
EFTA00279998,9,avi,video,16896,0.02,https://www.justice.gov/epstein/files/DataSet%209/EFTA00279998.pdf,False,,,0.0,320x240,Silent surveillance video; 320x240
EFTA00279999,9,avi,video,16384,0.02,https://www.justice.gov/epstein/files/DataSet%209/EFTA00279999.pdf,False,,,0.0,320x240,Silent surveillance video; 320x240
EFTA00280000,9,avi,video,16384,0.02,https://www.justice.gov/epstein/files/DataSet%209/EFTA00280000.pdf,False,,,0.0,320x240,Silent surveillance video; 320x240
EFTA00280001,9,avi,video,24576,0.02,https://www.justice.gov/epstein/files/DataSet%209/EFTA00280001.pdf,False,,,0.1,320x240,Silent surveillance video; 320x240; 0s
EFTA00280002,9,avi,video,16896,0.02,https://www.justice.gov/epstein/files/DataSet%209/EFTA00280002.pdf,False,,,0.0,320x240,Silent surveillance video; 320x240
EFTA00280003,9,avi,video,16896,0.02,https://www.justice.gov/epstein/files/DataSet%209/EFTA00280003.pdf,False,,,0.0,320x240,Silent surveillance video; 320x240
EFTA00280004,9,avi,video,16384,0.02,https://www.justice.gov/epstein/files/DataSet%209/EFTA00280004.pdf,False,,,0.0,320x240,Silent surveillance video; 320x240
EFTA00280005,9,avi,video,32256,0.03,https://www.justice.gov/epstein/files/DataSet%209/EFTA00280005.pdf,False,,,0.1,320x240,Silent surveillance video; 320x240; 0s
EFTA00280006,9,avi,video,17408,0.02,https://www.justice.gov/epstein/files/DataSet%209/EFTA00280006.pdf,False,,,0.0,320x240,Silent surveillance video; 320x240
EFTA00280007,9,avi,video,16896,0.02,https://www.justice.gov/epstein/files/DataSet%209/EFTA00280007.pdf,False,,,0.0,320x240,Silent surveillance video; 320x240
EFTA00280008,9,avi,video,16896,0.02,https://www.justice.gov/epstein/files/DataSet%209/EFTA00280008.pdf,False,,,0.0,320x240,Silent surveillance video; 320x240
EFTA00280009,9,avi,video,16384,0.02,https://www.justice.gov/epstein/files/DataSet%209/EFTA00280009.pdf,False,,,0.0,320x240,Silent surveillance video; 320x240
EFTA00280010,9,avi,video,16896,0.02,https://www.justice.gov/epstein/files/DataSet%209/EFTA00280010.pdf,False,,,0.0,320x240,Silent surveillance video; 320x240
EFTA00280011,9,avi,video,32768,0.03,https://www.justice.gov/epstein/files/DataSet%209/EFTA00280011.pdf,False,,,0.1,320x240,Silent surveillance video; 320x240; 0s
EFTA00280012,9,avi,video,19968,0.02,https://www.justice.gov/epstein/files/DataSet%209/EFTA00280012.pdf,False,,,0.0,320x240,Silent surveillance video; 320x240
EFTA00280013,9,avi,video,16384,0.02,https://www.justice.gov/epstein/files/DataSet%209/EFTA00280013.pdf,False,,,0.0,320x240,Silent surveillance video; 320x240
EFTA00280014,9,avi,video,15360,0.01,https://www.justice.gov/epstein/files/DataSet%209/EFTA00280014.pdf,False,,,0.0,320x240,Silent surveillance video; 320x240
EFTA00280015,9,avi,video,16896,0.02,https://www.justice.gov/epstein/files/DataSet%209/EFTA00280015.pdf,False,,,0.0,320x240,Silent surveillance video; 320x240
EFTA00280016,9,avi,video,21504,0.02,https://www.justice.gov/epstein/files/DataSet%209/EFTA00280016.pdf,False,,,0.0,320x240,Silent surveillance video; 320x240
EFTA00280017,9,avi,video,96256,0.09,https://www.justice.gov/epstein/files/DataSet%209/EFTA00280017.pdf,False,,,0,,Video file
EFTA00280018,9,avi,video,35328,0.03,https://www.justice.gov/epstein/files/DataSet%209/EFTA00280018.pdf,False,,,0,,Video file
EFTA00280019,9,avi,video,13312,0.01,https://www.justice.gov/epstein/files/DataSet%209/EFTA00280019.pdf,False,,,0,,Video file
EFTA00280020,9,avi,video,11776,0.01,https://www.justice.gov/epstein/files/DataSet%209/EFTA00280020.pdf,False,,,0,,Video file
EFTA00280021,9,avi,video,72192,0.07,https://www.justice.gov/epstein/files/DataSet%209/EFTA00280021.pdf,False,,,0,,Video file
EFTA00280022,9,avi,video,20480,0.02,https://www.justice.gov/epstein/files/DataSet%209/EFTA00280022.pdf,False,,,0,,Video file
EFTA00280023,9,avi,video,8192,0.01,https://www.justice.gov/epstein/files/DataSet%209/EFTA00280023.pdf,False,,,0,,Video file
EFTA00280024,9,avi,video,11776,0.01,https://www.justice.gov/epstein/files/DataSet%209/EFTA00280024.pdf,False,,,0,,Video file
EFTA00280025,9,avi,video,12800,0.01,https://www.justice.gov/epstein/files/DataSet%209/EFTA00280025.pdf,False,,,0,,Video file
EFTA00280026,9,avi,video,12800,0.01,https://www.justice.gov/epstein/files/DataSet%209/EFTA00280026.pdf,False,,,0,,Video file
EFTA00280027,9,avi,video,13312,0.01,https://www.justice.gov/epstein/files/DataSet%209/EFTA00280027.pdf,False,,,0,,Video file
EFTA00280028,9,avi,video,12800,0.01,https://www.justice.gov/epstein/files/DataSet%209/EFTA00280028.pdf,False,,,0,,Video file
EFTA00280029,9,avi,video,95744,0.09,https://www.justice.gov/epstein/files/DataSet%209/EFTA00280029.pdf,False,,,0,,Video file
EFTA00280030,9,avi,video,69632,0.07,https://www.justice.gov/epstein/files/DataSet%209/EFTA00280030.pdf,False,,,0,,Video file
EFTA00280031,9,avi,video,125440,0.12,https://www.justice.gov/epstein/files/DataSet%209/EFTA00280031.pdf,False,,,0,,Video file
EFTA00280032,9,avi,video,11264,0.01,https://www.justice.gov/epstein/files/DataSet%209/EFTA00280032.pdf,False,,,0,,Video file
EFTA00280033,9,avi,video,18432,0.02,https://www.justice.gov/epstein/files/DataSet%209/EFTA00280033.pdf,False,,,0,,Video file
EFTA00280034,9,avi,video,12800,0.01,https://www.justice.gov/epstein/files/DataSet%209/EFTA00280034.pdf,False,,,0,,Video file
EFTA00280035,9,avi,video,3072,0.0,https://www.justice.gov/epstein/files/DataSet%209/EFTA00280035.pdf,False,,,0.0,320x240,Silent surveillance video; 320x240
EFTA00280036,9,avi,video,3072,0.0,https://www.justice.gov/epstein/files/DataSet%209/EFTA00280036.pdf,False,,,0.0,320x240,Silent surveillance video; 320x240
EFTA00280037,9,avi,video,3072,0.0,https://www.justice.gov/epstein/files/DataSet%209/EFTA00280037.pdf,False,,,0.0,320x240,Silent surveillance video; 320x240
EFTA00280038,9,avi,video,10240,0.01,https://www.justice.gov/epstein/files/DataSet%209/EFTA00280038.pdf,False,,,0.0,320x240,Silent surveillance video; 320x240
EFTA00280039,9,avi,video,17408,0.02,https://www.justice.gov/epstein/files/DataSet%209/EFTA00280039.pdf,False,,,0.0,320x240,Silent surveillance video; 320x240
EFTA00280040,9,avi,video,3072,0.0,https://www.justice.gov/epstein/files/DataSet%209/EFTA00280040.pdf,False,,,0.0,320x240,Silent surveillance video; 320x240
EFTA00280041,9,avi,video,16896,0.02,https://www.justice.gov/epstein/files/DataSet%209/EFTA00280041.pdf,False,,,0.0,320x240,Silent surveillance video; 320x240
EFTA00280042,9,avi,video,19456,0.02,https://www.justice.gov/epstein/files/DataSet%209/EFTA00280042.pdf,False,,,0.0,320x240,Silent surveillance video; 320x240
EFTA00280043,9,avi,video,18944,0.02,https://www.justice.gov/epstein/files/DataSet%209/EFTA00280043.pdf,False,,,0.0,320x240,Silent surveillance video; 320x240
EFTA00280044,9,avi,video,3072,0.0,https://www.justice.gov/epstein/files/DataSet%209/EFTA00280044.pdf,False,,,0.0,320x240,Silent surveillance video; 320x240
EFTA00280045,9,avi,video,15360,0.01,https://www.justice.gov/epstein/files/DataSet%209/EFTA00280045.pdf,False,,,0.0,320x240,Silent surveillance video; 320x240
EFTA00280046,9,avi,video,16896,0.02,https://www.justice.gov/epstein/files/DataSet%209/EFTA00280046.pdf,False,,,0.0,320x240,Silent surveillance video; 320x240
EFTA00280047,9,avi,video,15872,0.02,https://www.justice.gov/epstein/files/DataSet%209/EFTA00280047.pdf,False,,,0.0,320x240,Silent surveillance video; 320x240
EFTA00280048,9,avi,video,20480,0.02,https://www.justice.gov/epstein/files/DataSet%209/EFTA00280048.pdf,False,,,0.0,320x240,Silent surveillance video; 320x240
EFTA00280049,9,avi,video,15872,0.02,https://www.justice.gov/epstein/files/DataSet%209/EFTA00280049.pdf,False,,,0.0,320x240,Silent surveillance video; 320x240
EFTA00280050,9,avi,video,3072,0.0,https://www.justice.gov/epstein/files/DataSet%209/EFTA00280050.pdf,False,,,0.0,320x240,Silent surveillance video; 320x240
EFTA00280051,9,avi,video,23040,0.02,https://www.justice.gov/epstein/files/DataSet%209/EFTA00280051.pdf,False,,,0.0,320x240,Silent surveillance video; 320x240
EFTA00280052,9,avi,video,19968,0.02,https://www.justice.gov/epstein/files/DataSet%209/EFTA00280052.pdf,False,,,0.0,320x240,Silent surveillance video; 320x240
EFTA00280053,9,avi,video,3072,0.0,https://www.justice.gov/epstein/files/DataSet%209/EFTA00280053.pdf,False,,,0.0,320x240,Silent surveillance video; 320x240
EFTA00280054,9,avi,video,17408,0.02,https://www.justice.gov/epstein/files/DataSet%209/EFTA00280054.pdf,False,,,0.0,320x240,Silent surveillance video; 320x240
EFTA00280055,9,avi,video,16896,0.02,https://www.justice.gov/epstein/files/DataSet%209/EFTA00280055.pdf,False,,,0.0,320x240,Silent surveillance video; 320x240
EFTA00280056,9,avi,video,16384,0.02,https://www.justice.gov/epstein/files/DataSet%209/EFTA00280056.pdf,False,,,0.0,320x240,Silent surveillance video; 320x240
EFTA00280057,9,avi,video,30720,0.03,https://www.justice.gov/epstein/files/DataSet%209/EFTA00280057.pdf,False,,,0.1,320x240,Silent surveillance video; 320x240; 0s
EFTA00280058,9,avi,video,16384,0.02,https://www.justice.gov/epstein/files/DataSet%209/EFTA00280058.pdf,False,,,0.0,320x240,Silent surveillance video; 320x240
EFTA00280059,9,avi,video,30208,0.03,https://www.justice.gov/epstein/files/DataSet%209/EFTA00280059.pdf,False,,,0.1,320x240,Silent surveillance video; 320x240; 0s
EFTA00280060,9,avi,video,15872,0.02,https://www.justice.gov/epstein/files/DataSet%209/EFTA00280060.pdf,False,,,0.0,320x240,Silent surveillance video; 320x240
EFTA00280061,9,avi,video,16896,0.02,https://www.justice.gov/epstein/files/DataSet%209/EFTA00280061.pdf,False,,,0.0,320x240,Silent surveillance video; 320x240
EFTA00280062,9,avi,video,16896,0.02,https://www.justice.gov/epstein/files/DataSet%209/EFTA00280062.pdf,False,,,0.0,320x240,Silent surveillance video; 320x240
EFTA00280063,9,avi,video,16896,0.02,https://www.justice.gov/epstein/files/DataSet%209/EFTA00280063.pdf,False,,,0.0,320x240,Silent surveillance video; 320x240
EFTA00280064,9,avi,video,30720,0.03,https://www.justice.gov/epstein/files/DataSet%209/EFTA00280064.pdf,False,,,0.1,320x240,Silent surveillance video; 320x240; 0s
EFTA00280065,9,avi,video,16384,0.02,https://www.justice.gov/epstein/files/DataSet%209/EFTA00280065.pdf,False,,,0.0,320x240,Silent surveillance video; 320x240
EFTA00280066,9,avi,video,16896,0.02,https://www.justice.gov/epstein/files/DataSet%209/EFTA00280066.pdf,False,,,0.0,320x240,Silent surveillance video; 320x240
EFTA00280067,9,avi,video,31232,0.03,https://www.justice.gov/epstein/files/DataSet%209/EFTA00280067.pdf,False,,,0.1,320x240,Silent surveillance video; 320x240; 0s
EFTA00280068,9,avi,video,30720,0.03,https://www.justice.gov/epstein/files/DataSet%209/EFTA00280068.pdf,False,,,0.1,320x240,Silent surveillance video; 320x240; 0s
EFTA00280069,9,avi,video,44032,0.04,https://www.justice.gov/epstein/files/DataSet%209/EFTA00280069.pdf,False,,,0.1,320x240,Silent surveillance video; 320x240; 0s
EFTA00280070,9,avi,video,15872,0.02,https://www.justice.gov/epstein/files/DataSet%209/EFTA00280070.pdf,False,,,0.0,320x240,Silent surveillance video; 320x240
EFTA00280071,9,avi,video,15872,0.02,https://www.justice.gov/epstein/files/DataSet%209/EFTA00280071.pdf,False,,,0.0,320x240,Silent surveillance video; 320x240
EFTA00280072,9,avi,video,15872,0.02,https://www.justice.gov/epstein/files/DataSet%209/EFTA00280072.pdf,False,,,0.0,320x240,Silent surveillance video; 320x240
EFTA00280073,9,avi,video,15872,0.02,https://www.justice.gov/epstein/files/DataSet%209/EFTA00280073.pdf,False,,,0.0,320x240,Silent surveillance video; 320x240
EFTA00280074,9,avi,video,15360,0.01,https://www.justice.gov/epstein/files/DataSet%209/EFTA00280074.pdf,False,,,0.0,320x240,Silent surveillance video; 320x240
EFTA00280075,9,avi,video,16384,0.02,https://www.justice.gov/epstein/files/DataSet%209/EFTA00280075.pdf,False,,,0.0,320x240,Silent surveillance video; 320x240
EFTA00280076,9,avi,video,15360,0.01,https://www.justice.gov/epstein/files/DataSet%209/EFTA00280076.pdf,False,,,0.0,320x240,Silent surveillance video; 320x240
EFTA00280077,9,avi,video,29696,0.03,https://www.justice.gov/epstein/files/DataSet%209/EFTA00280077.pdf,False,,,0.1,320x240,Silent surveillance video; 320x240; 0s
EFTA00280078,9,avi,video,28672,0.03,https://www.justice.gov/epstein/files/DataSet%209/EFTA00280078.pdf,False,,,0.1,320x240,Silent surveillance video; 320x240; 0s
EFTA00280079,9,avi,video,17408,0.02,https://www.justice.gov/epstein/files/DataSet%209/EFTA00280079.pdf,False,,,0.0,320x240,Silent surveillance video; 320x240
EFTA00280080,9,avi,video,16896,0.02,https://www.justice.gov/epstein/files/DataSet%209/EFTA00280080.pdf,False,,,0.0,320x240,Silent surveillance video; 320x240
EFTA00280081,9,avi,video,33792,0.03,https://www.justice.gov/epstein/files/DataSet%209/EFTA00280081.pdf,False,,,0.1,320x240,Silent surveillance video; 320x240; 0s
EFTA00280082,9,avi,video,33280,0.03,https://www.justice.gov/epstein/files/DataSet%209/EFTA00280082.pdf,False,,,0.1,320x240,Silent surveillance video; 320x240; 0s
EFTA00280083,9,avi,video,33280,0.03,https://www.justice.gov/epstein/files/DataSet%209/EFTA00280083.pdf,False,,,0.1,320x240,Silent surveillance video; 320x240; 0s
EFTA00280084,9,avi,video,33792,0.03,https://www.justice.gov/epstein/files/DataSet%209/EFTA00280084.pdf,False,,,0.1,320x240,Silent surveillance video; 320x240; 0s
EFTA00280085,9,avi,video,17920,0.02,https://www.justice.gov/epstein/files/DataSet%209/EFTA00280085.pdf,False,,,0.0,320x240,Silent surveillance video; 320x240
EFTA00280086,9,avi,video,16896,0.02,https://www.justice.gov/epstein/files/DataSet%209/EFTA00280086.pdf,False,,,0.0,320x240,Silent surveillance video; 320x240
EFTA00280087,9,avi,video,17920,0.02,https://www.justice.gov/epstein/files/DataSet%209/EFTA00280087.pdf,False,,,0.0,320x240,Silent surveillance video; 320x240
EFTA00280088,9,avi,video,17408,0.02,https://www.justice.gov/epstein/files/DataSet%209/EFTA00280088.pdf,False,,,0.0,320x240,Silent surveillance video; 320x240
EFTA00280089,9,avi,video,31744,0.03,https://www.justice.gov/epstein/files/DataSet%209/EFTA00280089.pdf,False,,,0.1,320x240,Silent surveillance video; 320x240; 0s
EFTA00280090,9,avi,video,16384,0.02,https://www.justice.gov/epstein/files/DataSet%209/EFTA00280090.pdf,False,,,0.0,320x240,Silent surveillance video; 320x240
EFTA00280091,9,avi,video,16384,0.02,https://www.justice.gov/epstein/files/DataSet%209/EFTA00280091.pdf,False,,,0.0,320x240,Silent surveillance video; 320x240
EFTA00280092,9,avi,video,33280,0.03,https://www.justice.gov/epstein/files/DataSet%209/EFTA00280092.pdf,False,,,0.1,320x240,Silent surveillance video; 320x240; 0s
EFTA00280093,9,avi,video,18944,0.02,https://www.justice.gov/epstein/files/DataSet%209/EFTA00280093.pdf,False,,,0.0,320x240,Silent surveillance video; 320x240
EFTA00280094,9,avi,video,18944,0.02,https://www.justice.gov/epstein/files/DataSet%209/EFTA00280094.pdf,False,,,0.0,320x240,Silent surveillance video; 320x240
EFTA00280095,9,avi,video,19456,0.02,https://www.justice.gov/epstein/files/DataSet%209/EFTA00280095.pdf,False,,,0.0,320x240,Silent surveillance video; 320x240
EFTA00280096,9,avi,video,19968,0.02,https://www.justice.gov/epstein/files/DataSet%209/EFTA00280096.pdf,False,,,0.0,320x240,Silent surveillance video; 320x240
EFTA00280097,9,avi,video,18432,0.02,https://www.justice.gov/epstein/files/DataSet%209/EFTA00280097.pdf,False,,,0.0,320x240,Silent surveillance video; 320x240
EFTA00280098,9,avi,video,19456,0.02,https://www.justice.gov/epstein/files/DataSet%209/EFTA00280098.pdf,False,,,0.0,320x240,Silent surveillance video; 320x240
EFTA00280099,9,avi,video,17920,0.02,https://www.justice.gov/epstein/files/DataSet%209/EFTA00280099.pdf,False,,,0.0,320x240,Silent surveillance video; 320x240
EFTA00280100,9,avi,video,18432,0.02,https://www.justice.gov/epstein/files/DataSet%209/EFTA00280100.pdf,False,,,0.0,320x240,Silent surveillance video; 320x240
EFTA00280101,9,avi,video,18944,0.02,https://www.justice.gov/epstein/files/DataSet%209/EFTA00280101.pdf,False,,,0.0,320x240,Silent surveillance video; 320x240
EFTA00280102,9,avi,video,17920,0.02,https://www.justice.gov/epstein/files/DataSet%209/EFTA00280102.pdf,False,,,0.0,320x240,Silent surveillance video; 320x240
EFTA00280103,9,avi,video,33792,0.03,https://www.justice.gov/epstein/files/DataSet%209/EFTA00280103.pdf,False,,,0.1,320x240,Silent surveillance video; 320x240; 0s
EFTA00280104,9,avi,video,39936,0.04,https://www.justice.gov/epstein/files/DataSet%209/EFTA00280104.pdf,False,,,0.1,320x240,Silent surveillance video; 320x240; 0s
EFTA00280105,9,avi,video,55808,0.05,https://www.justice.gov/epstein/files/DataSet%209/EFTA00280105.pdf,False,,,0.1,320x240,Silent surveillance video; 320x240; 0s
EFTA00280106,9,avi,video,55296,0.05,https://www.justice.gov/epstein/files/DataSet%209/EFTA00280106.pdf,False,,,0.1,320x240,Silent surveillance video; 320x240; 0s
EFTA00280107,9,avi,video,16896,0.02,https://www.justice.gov/epstein/files/DataSet%209/EFTA00280107.pdf,False,,,0.0,320x240,Silent surveillance video; 320x240
EFTA00280108,9,avi,video,36864,0.04,https://www.justice.gov/epstein/files/DataSet%209/EFTA00280108.pdf,False,,,0.1,320x240,Silent surveillance video; 320x240; 0s
EFTA00280109,9,avi,video,16896,0.02,https://www.justice.gov/epstein/files/DataSet%209/EFTA00280109.pdf,False,,,0.0,320x240,Silent surveillance video; 320x240
EFTA00280110,9,avi,video,18432,0.02,https://www.justice.gov/epstein/files/DataSet%209/EFTA00280110.pdf,False,,,0.0,320x240,Silent surveillance video; 320x240
EFTA00280111,9,avi,video,33792,0.03,https://www.justice.gov/epstein/files/DataSet%209/EFTA00280111.pdf,False,,,0.1,320x240,Silent surveillance video; 320x240; 0s
EFTA00280112,9,avi,video,37376,0.04,https://www.justice.gov/epstein/files/DataSet%209/EFTA00280112.pdf,False,,,0.1,320x240,Silent surveillance video; 320x240; 0s
EFTA00280113,9,avi,video,17408,0.02,https://www.justice.gov/epstein/files/DataSet%209/EFTA00280113.pdf,False,,,0.0,320x240,Silent surveillance video; 320x240
EFTA00280114,9,avi,video,14336,0.01,https://www.justice.gov/epstein/files/DataSet%209/EFTA00280114.pdf,False,,,0.0,320x240,Silent surveillance video; 320x240
EFTA00280115,9,avi,video,17920,0.02,https://www.justice.gov/epstein/files/DataSet%209/EFTA00280115.pdf,False,,,0.0,320x240,Silent surveillance video; 320x240
EFTA00280116,9,avi,video,18432,0.02,https://www.justice.gov/epstein/files/DataSet%209/EFTA00280116.pdf,False,,,0.0,320x240,Silent surveillance video; 320x240
EFTA00280117,9,avi,video,19456,0.02,https://www.justice.gov/epstein/files/DataSet%209/EFTA00280117.pdf,False,,,0.0,320x240,Silent surveillance video; 320x240
EFTA00280118,9,avi,video,14848,0.01,https://www.justice.gov/epstein/files/DataSet%209/EFTA00280118.pdf,False,,,0.0,320x240,Silent surveillance video; 320x240
EFTA00280119,9,avi,video,20480,0.02,https://www.justice.gov/epstein/files/DataSet%209/EFTA00280119.pdf,False,,,0.0,320x240,Silent surveillance video; 320x240
EFTA00280120,9,avi,video,20480,0.02,https://www.justice.gov/epstein/files/DataSet%209/EFTA00280120.pdf,False,,,0.0,320x240,Silent surveillance video; 320x240
EFTA00280121,9,avi,video,20480,0.02,https://www.justice.gov/epstein/files/DataSet%209/EFTA00280121.pdf,False,,,0.0,320x240,Silent surveillance video; 320x240
EFTA00280122,9,avi,video,53760,0.05,https://www.justice.gov/epstein/files/DataSet%209/EFTA00280122.pdf,False,,,0.1,320x240,Silent surveillance video; 320x240; 0s
EFTA00280123,9,avi,video,19968,0.02,https://www.justice.gov/epstein/files/DataSet%209/EFTA00280123.pdf,False,,,0.0,320x240,Silent surveillance video; 320x240
EFTA00280124,9,avi,video,19456,0.02,https://www.justice.gov/epstein/files/DataSet%209/EFTA00280124.pdf,False,,,0.0,320x240,Silent surveillance video; 320x240
EFTA00280125,9,avi,video,19456,0.02,https://www.justice.gov/epstein/files/DataSet%209/EFTA00280125.pdf,False,,,0.0,320x240,Silent surveillance video; 320x240
EFTA00280126,9,avi,video,20480,0.02,https://www.justice.gov/epstein/files/DataSet%209/EFTA00280126.pdf,False,,,0.0,320x240,Silent surveillance video; 320x240
EFTA00280127,9,avi,video,19968,0.02,https://www.justice.gov/epstein/files/DataSet%209/EFTA00280127.pdf,False,,,0.0,320x240,Silent surveillance video; 320x240
EFTA00280128,9,avi,video,18944,0.02,https://www.justice.gov/epstein/files/DataSet%209/EFTA00280128.pdf,False,,,0.0,320x240,Silent surveillance video; 320x240
EFTA00280129,9,avi,video,19456,0.02,https://www.justice.gov/epstein/files/DataSet%209/EFTA00280129.pdf,False,,,0.0,320x240,Silent surveillance video; 320x240
EFTA00280130,9,avi,video,55808,0.05,https://www.justice.gov/epstein/files/DataSet%209/EFTA00280130.pdf,False,,,0.1,320x240,Silent surveillance video; 320x240; 0s
EFTA00280131,9,avi,video,19968,0.02,https://www.justice.gov/epstein/files/DataSet%209/EFTA00280131.pdf,False,,,0.0,320x240,Silent surveillance video; 320x240
EFTA00280132,9,avi,video,18944,0.02,https://www.justice.gov/epstein/files/DataSet%209/EFTA00280132.pdf,False,,,0.0,320x240,Silent surveillance video; 320x240
EFTA00280133,9,avi,video,19456,0.02,https://www.justice.gov/epstein/files/DataSet%209/EFTA00280133.pdf,False,,,0.0,320x240,Silent surveillance video; 320x240
EFTA00280134,9,avi,video,19456,0.02,https://www.justice.gov/epstein/files/DataSet%209/EFTA00280134.pdf,False,,,0.0,320x240,Silent surveillance video; 320x240
EFTA00280135,9,avi,video,19456,0.02,https://www.justice.gov/epstein/files/DataSet%209/EFTA00280135.pdf,False,,,0.0,320x240,Silent surveillance video; 320x240
EFTA00280136,9,avi,video,18944,0.02,https://www.justice.gov/epstein/files/DataSet%209/EFTA00280136.pdf,False,,,0.0,320x240,Silent surveillance video; 320x240
EFTA00280137,9,avi,video,72704,0.07,https://www.justice.gov/epstein/files/DataSet%209/EFTA00280137.pdf,False,,,0.1,320x240,Silent surveillance video; 320x240; 0s
EFTA00280138,9,avi,video,36864,0.04,https://www.justice.gov/epstein/files/DataSet%209/EFTA00280138.pdf,False,,,0.1,320x240,Silent surveillance video; 320x240; 0s
EFTA00280139,9,avi,video,18944,0.02,https://www.justice.gov/epstein/files/DataSet%209/EFTA00280139.pdf,False,,,0.0,320x240,Silent surveillance video; 320x240
EFTA00280140,9,avi,video,19456,0.02,https://www.justice.gov/epstein/files/DataSet%209/EFTA00280140.pdf,False,,,0.0,320x240,Silent surveillance video; 320x240
EFTA00280141,9,avi,video,18944,0.02,https://www.justice.gov/epstein/files/DataSet%209/EFTA00280141.pdf,False,,,0.0,320x240,Silent surveillance video; 320x240
EFTA00280142,9,avi,video,19456,0.02,https://www.justice.gov/epstein/files/DataSet%209/EFTA00280142.pdf,False,,,0.0,320x240,Silent surveillance video; 320x240
EFTA00280143,9,avi,video,37376,0.04,https://www.justice.gov/epstein/files/DataSet%209/EFTA00280143.pdf,False,,,0.1,320x240,Silent surveillance video; 320x240; 0s
EFTA00280144,9,avi,video,38912,0.04,https://www.justice.gov/epstein/files/DataSet%209/EFTA00280144.pdf,False,,,0.1,320x240,Silent surveillance video; 320x240; 0s
EFTA00280145,9,avi,video,36864,0.04,https://www.justice.gov/epstein/files/DataSet%209/EFTA00280145.pdf,False,,,0.1,320x240,Silent surveillance video; 320x240; 0s
EFTA00280146,9,avi,video,18944,0.02,https://www.justice.gov/epstein/files/DataSet%209/EFTA00280146.pdf,False,,,0.0,320x240,Silent surveillance video; 320x240
EFTA00280147,9,avi,video,19968,0.02,https://www.justice.gov/epstein/files/DataSet%209/EFTA00280147.pdf,False,,,0.0,320x240,Silent surveillance video; 320x240
EFTA00280148,9,avi,video,19456,0.02,https://www.justice.gov/epstein/files/DataSet%209/EFTA00280148.pdf,False,,,0.0,320x240,Silent surveillance video; 320x240
EFTA00280149,9,avi,video,38400,0.04,https://www.justice.gov/epstein/files/DataSet%209/EFTA00280149.pdf,False,,,0.1,320x240,Silent surveillance video; 320x240; 0s
EFTA00280150,9,avi,video,19968,0.02,https://www.justice.gov/epstein/files/DataSet%209/EFTA00280150.pdf,False,,,0.0,320x240,Silent surveillance video; 320x240
EFTA00280151,9,avi,video,19456,0.02,https://www.justice.gov/epstein/files/DataSet%209/EFTA00280151.pdf,False,,,0.0,320x240,Silent surveillance video; 320x240
EFTA00280152,9,avi,video,37888,0.04,https://www.justice.gov/epstein/files/DataSet%209/EFTA00280152.pdf,False,,,0.1,320x240,Silent surveillance video; 320x240; 0s
EFTA00280153,9,avi,video,37888,0.04,https://www.justice.gov/epstein/files/DataSet%209/EFTA00280153.pdf,False,,,0.1,320x240,Silent surveillance video; 320x240; 0s
EFTA00280154,9,avi,video,37376,0.04,https://www.justice.gov/epstein/files/DataSet%209/EFTA00280154.pdf,False,,,0.1,320x240,Silent surveillance video; 320x240; 0s
EFTA00280155,9,avi,video,20480,0.02,https://www.justice.gov/epstein/files/DataSet%209/EFTA00280155.pdf,False,,,0.0,320x240,Silent surveillance video; 320x240
EFTA00280156,9,avi,video,19456,0.02,https://www.justice.gov/epstein/files/DataSet%209/EFTA00280156.pdf,False,,,0.0,320x240,Silent surveillance video; 320x240
EFTA00280157,9,avi,video,36352,0.03,https://www.justice.gov/epstein/files/DataSet%209/EFTA00280157.pdf,False,,,0.1,320x240,Silent surveillance video; 320x240; 0s
EFTA00280158,9,avi,video,19456,0.02,https://www.justice.gov/epstein/files/DataSet%209/EFTA00280158.pdf,False,,,0.0,320x240,Silent surveillance video; 320x240
EFTA00280159,9,avi,video,19456,0.02,https://www.justice.gov/epstein/files/DataSet%209/EFTA00280159.pdf,False,,,0.0,320x240,Silent surveillance video; 320x240
EFTA00280160,9,avi,video,38400,0.04,https://www.justice.gov/epstein/files/DataSet%209/EFTA00280160.pdf,False,,,0.1,320x240,Silent surveillance video; 320x240; 0s
EFTA00280161,9,avi,video,19968,0.02,https://www.justice.gov/epstein/files/DataSet%209/EFTA00280161.pdf,False,,,0.0,320x240,Silent surveillance video; 320x240
EFTA00280162,9,avi,video,18432,0.02,https://www.justice.gov/epstein/files/DataSet%209/EFTA00280162.pdf,False,,,0.0,320x240,Silent surveillance video; 320x240
EFTA00280163,9,avi,video,37888,0.04,https://www.justice.gov/epstein/files/DataSet%209/EFTA00280163.pdf,False,,,0.1,320x240,Silent surveillance video; 320x240; 0s
EFTA00280164,9,avi,video,19456,0.02,https://www.justice.gov/epstein/files/DataSet%209/EFTA00280164.pdf,False,,,0.0,320x240,Silent surveillance video; 320x240
EFTA00280165,9,avi,video,19456,0.02,https://www.justice.gov/epstein/files/DataSet%209/EFTA00280165.pdf,False,,,0.0,320x240,Silent surveillance video; 320x240
EFTA00280166,9,avi,video,20480,0.02,https://www.justice.gov/epstein/files/DataSet%209/EFTA00280166.pdf,False,,,0.0,320x240,Silent surveillance video; 320x240
EFTA00280167,9,avi,video,19968,0.02,https://www.justice.gov/epstein/files/DataSet%209/EFTA00280167.pdf,False,,,0.0,320x240,Silent surveillance video; 320x240
EFTA00280168,9,avi,video,19968,0.02,https://www.justice.gov/epstein/files/DataSet%209/EFTA00280168.pdf,False,,,0.0,320x240,Silent surveillance video; 320x240
EFTA00280169,9,avi,video,19456,0.02,https://www.justice.gov/epstein/files/DataSet%209/EFTA00280169.pdf,False,,,0.0,320x240,Silent surveillance video; 320x240
EFTA00280170,9,avi,video,19968,0.02,https://www.justice.gov/epstein/files/DataSet%209/EFTA00280170.pdf,False,,,0.0,320x240,Silent surveillance video; 320x240
EFTA00280171,9,avi,video,18944,0.02,https://www.justice.gov/epstein/files/DataSet%209/EFTA00280171.pdf,False,,,0.0,320x240,Silent surveillance video; 320x240
EFTA00280172,9,avi,video,19456,0.02,https://www.justice.gov/epstein/files/DataSet%209/EFTA00280172.pdf,False,,,0.0,320x240,Silent surveillance video; 320x240
EFTA00280173,9,avi,video,36864,0.04,https://www.justice.gov/epstein/files/DataSet%209/EFTA00280173.pdf,False,,,0.1,320x240,Silent surveillance video; 320x240; 0s
EFTA00280174,9,avi,video,35840,0.03,https://www.justice.gov/epstein/files/DataSet%209/EFTA00280174.pdf,False,,,0.1,320x240,Silent surveillance video; 320x240; 0s
EFTA00280175,9,avi,video,18944,0.02,https://www.justice.gov/epstein/files/DataSet%209/EFTA00280175.pdf,False,,,0.0,320x240,Silent surveillance video; 320x240
EFTA00280176,9,avi,video,37376,0.04,https://www.justice.gov/epstein/files/DataSet%209/EFTA00280176.pdf,False,,,0.1,320x240,Silent surveillance video; 320x240; 0s
EFTA00280177,9,avi,video,19456,0.02,https://www.justice.gov/epstein/files/DataSet%209/EFTA00280177.pdf,False,,,0.0,320x240,Silent surveillance video; 320x240
EFTA00280178,9,avi,video,18944,0.02,https://www.justice.gov/epstein/files/DataSet%209/EFTA00280178.pdf,False,,,0.0,320x240,Silent surveillance video; 320x240
EFTA00280179,9,avi,video,35328,0.03,https://www.justice.gov/epstein/files/DataSet%209/EFTA00280179.pdf,False,,,0.1,320x240,Silent surveillance video; 320x240; 0s
EFTA00280180,9,avi,video,38400,0.04,https://www.justice.gov/epstein/files/DataSet%209/EFTA00280180.pdf,False,,,0.1,320x240,Silent surveillance video; 320x240; 0s
EFTA00280181,9,avi,video,19456,0.02,https://www.justice.gov/epstein/files/DataSet%209/EFTA00280181.pdf,False,,,0.0,320x240,Silent surveillance video; 320x240
EFTA00280182,9,avi,video,18944,0.02,https://www.justice.gov/epstein/files/DataSet%209/EFTA00280182.pdf,False,,,0.0,320x240,Silent surveillance video; 320x240
EFTA00280183,9,avi,video,19456,0.02,https://www.justice.gov/epstein/files/DataSet%209/EFTA00280183.pdf,False,,,0.0,320x240,Silent surveillance video; 320x240
EFTA00280184,9,avi,video,19456,0.02,https://www.justice.gov/epstein/files/DataSet%209/EFTA00280184.pdf,False,,,0.0,320x240,Silent surveillance video; 320x240
EFTA00280185,9,avi,video,19456,0.02,https://www.justice.gov/epstein/files/DataSet%209/EFTA00280185.pdf,False,,,0.0,320x240,Silent surveillance video; 320x240
EFTA00280186,9,avi,video,19456,0.02,https://www.justice.gov/epstein/files/DataSet%209/EFTA00280186.pdf,False,,,0.0,320x240,Silent surveillance video; 320x240
EFTA00280187,9,avi,video,20480,0.02,https://www.justice.gov/epstein/files/DataSet%209/EFTA00280187.pdf,False,,,0.0,320x240,Silent surveillance video; 320x240
EFTA00280188,9,avi,video,19968,0.02,https://www.justice.gov/epstein/files/DataSet%209/EFTA00280188.pdf,False,,,0.0,320x240,Silent surveillance video; 320x240
EFTA00280189,9,avi,video,39424,0.04,https://www.justice.gov/epstein/files/DataSet%209/EFTA00280189.pdf,False,,,0.1,320x240,Silent surveillance video; 320x240; 0s
EFTA00280190,9,avi,video,37376,0.04,https://www.justice.gov/epstein/files/DataSet%209/EFTA00280190.pdf,False,,,0.1,320x240,Silent surveillance video; 320x240; 0s
EFTA00280191,9,avi,video,19456,0.02,https://www.justice.gov/epstein/files/DataSet%209/EFTA00280191.pdf,False,,,0.0,320x240,Silent surveillance video; 320x240
EFTA00280192,9,avi,video,20992,0.02,https://www.justice.gov/epstein/files/DataSet%209/EFTA00280192.pdf,False,,,0.0,320x240,Silent surveillance video; 320x240
EFTA00280193,9,avi,video,20480,0.02,https://www.justice.gov/epstein/files/DataSet%209/EFTA00280193.pdf,False,,,0.0,320x240,Silent surveillance video; 320x240
EFTA00280194,9,avi,video,19968,0.02,https://www.justice.gov/epstein/files/DataSet%209/EFTA00280194.pdf,False,,,0.0,320x240,Silent surveillance video; 320x240
EFTA00280195,9,avi,video,18944,0.02,https://www.justice.gov/epstein/files/DataSet%209/EFTA00280195.pdf,False,,,0.0,320x240,Silent surveillance video; 320x240
EFTA00280196,9,avi,video,19456,0.02,https://www.justice.gov/epstein/files/DataSet%209/EFTA00280196.pdf,False,,,0.0,320x240,Silent surveillance video; 320x240
EFTA00280197,9,avi,video,38400,0.04,https://www.justice.gov/epstein/files/DataSet%209/EFTA00280197.pdf,False,,,0.1,320x240,Silent surveillance video; 320x240; 0s
EFTA00280198,9,avi,video,18432,0.02,https://www.justice.gov/epstein/files/DataSet%209/EFTA00280198.pdf,False,,,0.0,320x240,Silent surveillance video; 320x240
EFTA00280199,9,avi,video,18944,0.02,https://www.justice.gov/epstein/files/DataSet%209/EFTA00280199.pdf,False,,,0.0,320x240,Silent surveillance video; 320x240
EFTA00280200,9,avi,video,36864,0.04,https://www.justice.gov/epstein/files/DataSet%209/EFTA00280200.pdf,False,,,0.1,320x240,Silent surveillance video; 320x240; 0s
EFTA00280201,9,avi,video,34304,0.03,https://www.justice.gov/epstein/files/DataSet%209/EFTA00280201.pdf,False,,,0.1,320x240,Silent surveillance video; 320x240; 0s
EFTA00280202,9,avi,video,18944,0.02,https://www.justice.gov/epstein/files/DataSet%209/EFTA00280202.pdf,False,,,0.0,320x240,Silent surveillance video; 320x240
EFTA00280203,9,avi,video,17920,0.02,https://www.justice.gov/epstein/files/DataSet%209/EFTA00280203.pdf,False,,,0.0,320x240,Silent surveillance video; 320x240
EFTA00280204,9,avi,video,37376,0.04,https://www.justice.gov/epstein/files/DataSet%209/EFTA00280204.pdf,False,,,0.1,320x240,Silent surveillance video; 320x240; 0s
EFTA00280205,9,avi,video,18432,0.02,https://www.justice.gov/epstein/files/DataSet%209/EFTA00280205.pdf,False,,,0.0,320x240,Silent surveillance video; 320x240
EFTA00280206,9,avi,video,18944,0.02,https://www.justice.gov/epstein/files/DataSet%209/EFTA00280206.pdf,False,,,0.0,320x240,Silent surveillance video; 320x240
EFTA00280207,9,avi,video,18432,0.02,https://www.justice.gov/epstein/files/DataSet%209/EFTA00280207.pdf,False,,,0.0,320x240,Silent surveillance video; 320x240
EFTA00280208,9,avi,video,19456,0.02,https://www.justice.gov/epstein/files/DataSet%209/EFTA00280208.pdf,False,,,0.0,320x240,Silent surveillance video; 320x240
EFTA00280209,9,avi,video,36864,0.04,https://www.justice.gov/epstein/files/DataSet%209/EFTA00280209.pdf,False,,,0.1,320x240,Silent surveillance video; 320x240; 0s
EFTA00280210,9,avi,video,19456,0.02,https://www.justice.gov/epstein/files/DataSet%209/EFTA00280210.pdf,False,,,0.0,320x240,Silent surveillance video; 320x240
EFTA00280211,9,avi,video,18944,0.02,https://www.justice.gov/epstein/files/DataSet%209/EFTA00280211.pdf,False,,,0.0,320x240,Silent surveillance video; 320x240
EFTA00280212,9,avi,video,19456,0.02,https://www.justice.gov/epstein/files/DataSet%209/EFTA00280212.pdf,False,,,0.0,320x240,Silent surveillance video; 320x240
EFTA00280213,9,avi,video,19456,0.02,https://www.justice.gov/epstein/files/DataSet%209/EFTA00280213.pdf,False,,,0.0,320x240,Silent surveillance video; 320x240
EFTA00280214,9,avi,video,18432,0.02,https://www.justice.gov/epstein/files/DataSet%209/EFTA00280214.pdf,False,,,0.0,320x240,Silent surveillance video; 320x240
EFTA00280215,9,avi,video,18944,0.02,https://www.justice.gov/epstein/files/DataSet%209/EFTA00280215.pdf,False,,,0.0,320x240,Silent surveillance video; 320x240
EFTA00280216,9,avi,video,54272,0.05,https://www.justice.gov/epstein/files/DataSet%209/EFTA00280216.pdf,False,,,0.1,320x240,Silent surveillance video; 320x240; 0s
EFTA00280217,9,avi,video,19456,0.02,https://www.justice.gov/epstein/files/DataSet%209/EFTA00280217.pdf,False,,,0.0,320x240,Silent surveillance video; 320x240
EFTA00280218,9,avi,video,18944,0.02,https://www.justice.gov/epstein/files/DataSet%209/EFTA00280218.pdf,False,,,0.0,320x240,Silent surveillance video; 320x240
EFTA00280219,9,avi,video,35328,0.03,https://www.justice.gov/epstein/files/DataSet%209/EFTA00280219.pdf,False,,,0.1,320x240,Silent surveillance video; 320x240; 0s
EFTA00280220,9,avi,video,19456,0.02,https://www.justice.gov/epstein/files/DataSet%209/EFTA00280220.pdf,False,,,0.0,320x240,Silent surveillance video; 320x240
EFTA00280221,9,avi,video,18944,0.02,https://www.justice.gov/epstein/files/DataSet%209/EFTA00280221.pdf,False,,,0.0,320x240,Silent surveillance video; 320x240
EFTA00280222,9,avi,video,20480,0.02,https://www.justice.gov/epstein/files/DataSet%209/EFTA00280222.pdf,False,,,0.0,320x240,Silent surveillance video; 320x240
EFTA00280223,9,avi,video,18944,0.02,https://www.justice.gov/epstein/files/DataSet%209/EFTA00280223.pdf,False,,,0.0,320x240,Silent surveillance video; 320x240
EFTA00280224,9,avi,video,35840,0.03,https://www.justice.gov/epstein/files/DataSet%209/EFTA00280224.pdf,False,,,0.1,320x240,Silent surveillance video; 320x240; 0s
EFTA00280225,9,avi,video,19456,0.02,https://www.justice.gov/epstein/files/DataSet%209/EFTA00280225.pdf,False,,,0.0,320x240,Silent surveillance video; 320x240
EFTA00280226,9,avi,video,18432,0.02,https://www.justice.gov/epstein/files/DataSet%209/EFTA00280226.pdf,False,,,0.0,320x240,Silent surveillance video; 320x240
EFTA00280227,9,avi,video,19456,0.02,https://www.justice.gov/epstein/files/DataSet%209/EFTA00280227.pdf,False,,,0.0,320x240,Silent surveillance video; 320x240
EFTA00280228,9,avi,video,18432,0.02,https://www.justice.gov/epstein/files/DataSet%209/EFTA00280228.pdf,False,,,0.0,320x240,Silent surveillance video; 320x240
EFTA00280229,9,avi,video,18944,0.02,https://www.justice.gov/epstein/files/DataSet%209/EFTA00280229.pdf,False,,,0.0,320x240,Silent surveillance video; 320x240
EFTA00280230,9,avi,video,18944,0.02,https://www.justice.gov/epstein/files/DataSet%209/EFTA00280230.pdf,False,,,0.0,320x240,Silent surveillance video; 320x240
EFTA00280231,9,avi,video,19968,0.02,https://www.justice.gov/epstein/files/DataSet%209/EFTA00280231.pdf,False,,,0.0,320x240,Silent surveillance video; 320x240
EFTA00280232,9,avi,video,18432,0.02,https://www.justice.gov/epstein/files/DataSet%209/EFTA00280232.pdf,False,,,0.0,320x240,Silent surveillance video; 320x240
EFTA00280233,9,avi,video,18944,0.02,https://www.justice.gov/epstein/files/DataSet%209/EFTA00280233.pdf,False,,,0.0,320x240,Silent surveillance video; 320x240
EFTA00280234,9,avi,video,18944,0.02,https://www.justice.gov/epstein/files/DataSet%209/EFTA00280234.pdf,False,,,0.0,320x240,Silent surveillance video; 320x240
EFTA00280235,9,avi,video,18944,0.02,https://www.justice.gov/epstein/files/DataSet%209/EFTA00280235.pdf,False,,,0.0,320x240,Silent surveillance video; 320x240
EFTA00280236,9,avi,video,19456,0.02,https://www.justice.gov/epstein/files/DataSet%209/EFTA00280236.pdf,False,,,0.0,320x240,Silent surveillance video; 320x240
EFTA00280237,9,avi,video,18432,0.02,https://www.justice.gov/epstein/files/DataSet%209/EFTA00280237.pdf,False,,,0.0,320x240,Silent surveillance video; 320x240
EFTA00280238,9,avi,video,19456,0.02,https://www.justice.gov/epstein/files/DataSet%209/EFTA00280238.pdf,False,,,0.0,320x240,Silent surveillance video; 320x240
EFTA00280239,9,avi,video,18432,0.02,https://www.justice.gov/epstein/files/DataSet%209/EFTA00280239.pdf,False,,,0.0,320x240,Silent surveillance video; 320x240
EFTA00280240,9,avi,video,18944,0.02,https://www.justice.gov/epstein/files/DataSet%209/EFTA00280240.pdf,False,,,0.0,320x240,Silent surveillance video; 320x240
EFTA00280241,9,avi,video,19456,0.02,https://www.justice.gov/epstein/files/DataSet%209/EFTA00280241.pdf,False,,,0.0,320x240,Silent surveillance video; 320x240
EFTA00280242,9,avi,video,36352,0.03,https://www.justice.gov/epstein/files/DataSet%209/EFTA00280242.pdf,False,,,0.1,320x240,Silent surveillance video; 320x240; 0s
EFTA00280243,9,avi,video,37376,0.04,https://www.justice.gov/epstein/files/DataSet%209/EFTA00280243.pdf,False,,,0.1,320x240,Silent surveillance video; 320x240; 0s
EFTA00280244,9,avi,video,19456,0.02,https://www.justice.gov/epstein/files/DataSet%209/EFTA00280244.pdf,False,,,0.0,320x240,Silent surveillance video; 320x240
EFTA00280245,9,avi,video,18944,0.02,https://www.justice.gov/epstein/files/DataSet%209/EFTA00280245.pdf,False,,,0.0,320x240,Silent surveillance video; 320x240
EFTA00280246,9,avi,video,19968,0.02,https://www.justice.gov/epstein/files/DataSet%209/EFTA00280246.pdf,False,,,0.0,320x240,Silent surveillance video; 320x240
EFTA00280247,9,avi,video,19456,0.02,https://www.justice.gov/epstein/files/DataSet%209/EFTA00280247.pdf,False,,,0.0,320x240,Silent surveillance video; 320x240
EFTA00280248,9,avi,video,18432,0.02,https://www.justice.gov/epstein/files/DataSet%209/EFTA00280248.pdf,False,,,0.0,320x240,Silent surveillance video; 320x240
EFTA00280249,9,avi,video,18432,0.02,https://www.justice.gov/epstein/files/DataSet%209/EFTA00280249.pdf,False,,,0.0,320x240,Silent surveillance video; 320x240
EFTA00280250,9,avi,video,19456,0.02,https://www.justice.gov/epstein/files/DataSet%209/EFTA00280250.pdf,False,,,0.0,320x240,Silent surveillance video; 320x240
EFTA00280251,9,avi,video,19456,0.02,https://www.justice.gov/epstein/files/DataSet%209/EFTA00280251.pdf,False,,,0.0,320x240,Silent surveillance video; 320x240
EFTA00280252,9,avi,video,19456,0.02,https://www.justice.gov/epstein/files/DataSet%209/EFTA00280252.pdf,False,,,0.0,320x240,Silent surveillance video; 320x240
EFTA00280253,9,avi,video,19456,0.02,https://www.justice.gov/epstein/files/DataSet%209/EFTA00280253.pdf,False,,,0.0,320x240,Silent surveillance video; 320x240
EFTA00280254,9,avi,video,38400,0.04,https://www.justice.gov/epstein/files/DataSet%209/EFTA00280254.pdf,False,,,0.1,320x240,Silent surveillance video; 320x240; 0s
EFTA00280255,9,avi,video,19456,0.02,https://www.justice.gov/epstein/files/DataSet%209/EFTA00280255.pdf,False,,,0.0,320x240,Silent surveillance video; 320x240
EFTA00280256,9,avi,video,19456,0.02,https://www.justice.gov/epstein/files/DataSet%209/EFTA00280256.pdf,False,,,0.0,320x240,Silent surveillance video; 320x240
EFTA00280257,9,avi,video,19456,0.02,https://www.justice.gov/epstein/files/DataSet%209/EFTA00280257.pdf,False,,,0.0,320x240,Silent surveillance video; 320x240
EFTA00280258,9,avi,video,19456,0.02,https://www.justice.gov/epstein/files/DataSet%209/EFTA00280258.pdf,False,,,0.0,320x240,Silent surveillance video; 320x240
EFTA00280259,9,avi,video,19456,0.02,https://www.justice.gov/epstein/files/DataSet%209/EFTA00280259.pdf,False,,,0.0,320x240,Silent surveillance video; 320x240
EFTA00280260,9,avi,video,19968,0.02,https://www.justice.gov/epstein/files/DataSet%209/EFTA00280260.pdf,False,,,0.0,320x240,Silent surveillance video; 320x240
EFTA00280261,9,avi,video,55296,0.05,https://www.justice.gov/epstein/files/DataSet%209/EFTA00280261.pdf,False,,,0.1,320x240,Silent surveillance video; 320x240; 0s
EFTA00280262,9,avi,video,37376,0.04,https://www.justice.gov/epstein/files/DataSet%209/EFTA00280262.pdf,False,,,0.1,320x240,Silent surveillance video; 320x240; 0s
EFTA00280263,9,avi,video,18944,0.02,https://www.justice.gov/epstein/files/DataSet%209/EFTA00280263.pdf,False,,,0.0,320x240,Silent surveillance video; 320x240
EFTA00280264,9,avi,video,54784,0.05,https://www.justice.gov/epstein/files/DataSet%209/EFTA00280264.pdf,False,,,0.1,320x240,Silent surveillance video; 320x240; 0s
EFTA00280265,9,avi,video,37888,0.04,https://www.justice.gov/epstein/files/DataSet%209/EFTA00280265.pdf,False,,,0.1,320x240,Silent surveillance video; 320x240; 0s
EFTA00280266,9,avi,video,19968,0.02,https://www.justice.gov/epstein/files/DataSet%209/EFTA00280266.pdf,False,,,0.0,320x240,Silent surveillance video; 320x240
EFTA00280267,9,avi,video,19456,0.02,https://www.justice.gov/epstein/files/DataSet%209/EFTA00280267.pdf,False,,,0.0,320x240,Silent surveillance video; 320x240
EFTA00280268,9,avi,video,19968,0.02,https://www.justice.gov/epstein/files/DataSet%209/EFTA00280268.pdf,False,,,0.0,320x240,Silent surveillance video; 320x240
EFTA00280269,9,avi,video,19456,0.02,https://www.justice.gov/epstein/files/DataSet%209/EFTA00280269.pdf,False,,,0.0,320x240,Silent surveillance video; 320x240
EFTA00280270,9,avi,video,20480,0.02,https://www.justice.gov/epstein/files/DataSet%209/EFTA00280270.pdf,False,,,0.0,320x240,Silent surveillance video; 320x240
EFTA00280271,9,avi,video,20480,0.02,https://www.justice.gov/epstein/files/DataSet%209/EFTA00280271.pdf,False,,,0.0,320x240,Silent surveillance video; 320x240
EFTA00280272,9,avi,video,19456,0.02,https://www.justice.gov/epstein/files/DataSet%209/EFTA00280272.pdf,False,,,0.0,320x240,Silent surveillance video; 320x240
EFTA00280273,9,avi,video,19968,0.02,https://www.justice.gov/epstein/files/DataSet%209/EFTA00280273.pdf,False,,,0.0,320x240,Silent surveillance video; 320x240
EFTA00280274,9,avi,video,19968,0.02,https://www.justice.gov/epstein/files/DataSet%209/EFTA00280274.pdf,False,,,0.0,320x240,Silent surveillance video; 320x240
EFTA00280275,9,avi,video,18944,0.02,https://www.justice.gov/epstein/files/DataSet%209/EFTA00280275.pdf,False,,,0.0,320x240,Silent surveillance video; 320x240
EFTA00280276,9,avi,video,19968,0.02,https://www.justice.gov/epstein/files/DataSet%209/EFTA00280276.pdf,False,,,0.0,320x240,Silent surveillance video; 320x240
EFTA00280277,9,avi,video,20480,0.02,https://www.justice.gov/epstein/files/DataSet%209/EFTA00280277.pdf,False,,,0.0,320x240,Silent surveillance video; 320x240
EFTA00280278,9,avi,video,20480,0.02,https://www.justice.gov/epstein/files/DataSet%209/EFTA00280278.pdf,False,,,0.0,320x240,Silent surveillance video; 320x240
EFTA00280279,9,avi,video,19968,0.02,https://www.justice.gov/epstein/files/DataSet%209/EFTA00280279.pdf,False,,,0.0,320x240,Silent surveillance video; 320x240
EFTA00280280,9,avi,video,38912,0.04,https://www.justice.gov/epstein/files/DataSet%209/EFTA00280280.pdf,False,,,0.1,320x240,Silent surveillance video; 320x240; 0s
EFTA00280281,9,avi,video,20480,0.02,https://www.justice.gov/epstein/files/DataSet%209/EFTA00280281.pdf,False,,,0.0,320x240,Silent surveillance video; 320x240
EFTA00280282,9,avi,video,19456,0.02,https://www.justice.gov/epstein/files/DataSet%209/EFTA00280282.pdf,False,,,0.0,320x240,Silent surveillance video; 320x240
EFTA00280283,9,avi,video,20992,0.02,https://www.justice.gov/epstein/files/DataSet%209/EFTA00280283.pdf,False,,,0.0,320x240,Silent surveillance video; 320x240
EFTA00280284,9,avi,video,19968,0.02,https://www.justice.gov/epstein/files/DataSet%209/EFTA00280284.pdf,False,,,0.0,320x240,Silent surveillance video; 320x240
EFTA00280285,9,avi,video,19456,0.02,https://www.justice.gov/epstein/files/DataSet%209/EFTA00280285.pdf,False,,,0.0,320x240,Silent surveillance video; 320x240
EFTA00280286,9,avi,video,19456,0.02,https://www.justice.gov/epstein/files/DataSet%209/EFTA00280286.pdf,False,,,0.0,320x240,Silent surveillance video; 320x240
EFTA00280287,9,avi,video,20480,0.02,https://www.justice.gov/epstein/files/DataSet%209/EFTA00280287.pdf,False,,,0.0,320x240,Silent surveillance video; 320x240
EFTA00280288,9,avi,video,19456,0.02,https://www.justice.gov/epstein/files/DataSet%209/EFTA00280288.pdf,False,,,0.0,320x240,Silent surveillance video; 320x240
EFTA00280289,9,avi,video,37888,0.04,https://www.justice.gov/epstein/files/DataSet%209/EFTA00280289.pdf,False,,,0.1,320x240,Silent surveillance video; 320x240; 0s
EFTA00280290,9,avi,video,19968,0.02,https://www.justice.gov/epstein/files/DataSet%209/EFTA00280290.pdf,False,,,0.0,320x240,Silent surveillance video; 320x240
EFTA00280291,9,avi,video,38912,0.04,https://www.justice.gov/epstein/files/DataSet%209/EFTA00280291.pdf,False,,,0.1,320x240,Silent surveillance video; 320x240; 0s
EFTA00280292,9,avi,video,37376,0.04,https://www.justice.gov/epstein/files/DataSet%209/EFTA00280292.pdf,False,,,0.1,320x240,Silent surveillance video; 320x240; 0s
EFTA00280293,9,avi,video,19968,0.02,https://www.justice.gov/epstein/files/DataSet%209/EFTA00280293.pdf,False,,,0.0,320x240,Silent surveillance video; 320x240
EFTA00280294,9,avi,video,19456,0.02,https://www.justice.gov/epstein/files/DataSet%209/EFTA00280294.pdf,False,,,0.0,320x240,Silent surveillance video; 320x240
EFTA00280295,9,avi,video,19968,0.02,https://www.justice.gov/epstein/files/DataSet%209/EFTA00280295.pdf,False,,,0.0,320x240,Silent surveillance video; 320x240
EFTA00280296,9,avi,video,39936,0.04,https://www.justice.gov/epstein/files/DataSet%209/EFTA00280296.pdf,False,,,0.1,320x240,Silent surveillance video; 320x240; 0s
EFTA00280297,9,avi,video,19968,0.02,https://www.justice.gov/epstein/files/DataSet%209/EFTA00280297.pdf,False,,,0.0,320x240,Silent surveillance video; 320x240
EFTA00280298,9,avi,video,19968,0.02,https://www.justice.gov/epstein/files/DataSet%209/EFTA00280298.pdf,False,,,0.0,320x240,Silent surveillance video; 320x240
EFTA00280299,9,avi,video,38400,0.04,https://www.justice.gov/epstein/files/DataSet%209/EFTA00280299.pdf,False,,,0.1,320x240,Silent surveillance video; 320x240; 0s
EFTA00280300,9,avi,video,19456,0.02,https://www.justice.gov/epstein/files/DataSet%209/EFTA00280300.pdf,False,,,0.0,320x240,Silent surveillance video; 320x240
EFTA00280301,9,avi,video,19968,0.02,https://www.justice.gov/epstein/files/DataSet%209/EFTA00280301.pdf,False,,,0.0,320x240,Silent surveillance video; 320x240
EFTA00280302,9,avi,video,20480,0.02,https://www.justice.gov/epstein/files/DataSet%209/EFTA00280302.pdf,False,,,0.0,320x240,Silent surveillance video; 320x240
EFTA00280303,9,avi,video,18944,0.02,https://www.justice.gov/epstein/files/DataSet%209/EFTA00280303.pdf,False,,,0.0,320x240,Silent surveillance video; 320x240
EFTA00280304,9,avi,video,38400,0.04,https://www.justice.gov/epstein/files/DataSet%209/EFTA00280304.pdf,False,,,0.1,320x240,Silent surveillance video; 320x240; 0s
EFTA00280305,9,avi,video,20480,0.02,https://www.justice.gov/epstein/files/DataSet%209/EFTA00280305.pdf,False,,,0.0,320x240,Silent surveillance video; 320x240
EFTA00280306,9,avi,video,19968,0.02,https://www.justice.gov/epstein/files/DataSet%209/EFTA00280306.pdf,False,,,0.0,320x240,Silent surveillance video; 320x240
EFTA00280307,9,avi,video,20480,0.02,https://www.justice.gov/epstein/files/DataSet%209/EFTA00280307.pdf,False,,,0.0,320x240,Silent surveillance video; 320x240
EFTA00280308,9,avi,video,20480,0.02,https://www.justice.gov/epstein/files/DataSet%209/EFTA00280308.pdf,False,,,0.0,320x240,Silent surveillance video; 320x240
EFTA00280309,9,avi,video,19456,0.02,https://www.justice.gov/epstein/files/DataSet%209/EFTA00280309.pdf,False,,,0.0,320x240,Silent surveillance video; 320x240
EFTA00280310,9,avi,video,20480,0.02,https://www.justice.gov/epstein/files/DataSet%209/EFTA00280310.pdf,False,,,0.0,320x240,Silent surveillance video; 320x240
EFTA00280311,9,avi,video,19968,0.02,https://www.justice.gov/epstein/files/DataSet%209/EFTA00280311.pdf,False,,,0.0,320x240,Silent surveillance video; 320x240
EFTA00280312,9,avi,video,76288,0.07,https://www.justice.gov/epstein/files/DataSet%209/EFTA00280312.pdf,False,,,0.1,320x240,Silent surveillance video; 320x240; 0s
EFTA00280313,9,avi,video,19968,0.02,https://www.justice.gov/epstein/files/DataSet%209/EFTA00280313.pdf,False,,,0.0,320x240,Silent surveillance video; 320x240
EFTA00280314,9,avi,video,20480,0.02,https://www.justice.gov/epstein/files/DataSet%209/EFTA00280314.pdf,False,,,0.0,320x240,Silent surveillance video; 320x240
EFTA00280315,9,avi,video,20480,0.02,https://www.justice.gov/epstein/files/DataSet%209/EFTA00280315.pdf,False,,,0.0,320x240,Silent surveillance video; 320x240
EFTA00280316,9,avi,video,19968,0.02,https://www.justice.gov/epstein/files/DataSet%209/EFTA00280316.pdf,False,,,0.0,320x240,Silent surveillance video; 320x240
EFTA00280317,9,avi,video,19456,0.02,https://www.justice.gov/epstein/files/DataSet%209/EFTA00280317.pdf,False,,,0.0,320x240,Silent surveillance video; 320x240
EFTA00280318,9,avi,video,19968,0.02,https://www.justice.gov/epstein/files/DataSet%209/EFTA00280318.pdf,False,,,0.0,320x240,Silent surveillance video; 320x240
EFTA00280319,9,avi,video,19456,0.02,https://www.justice.gov/epstein/files/DataSet%209/EFTA00280319.pdf,False,,,0.0,320x240,Silent surveillance video; 320x240
EFTA00280320,9,avi,video,19968,0.02,https://www.justice.gov/epstein/files/DataSet%209/EFTA00280320.pdf,False,,,0.0,320x240,Silent surveillance video; 320x240
EFTA00280321,9,avi,video,57856,0.06,https://www.justice.gov/epstein/files/DataSet%209/EFTA00280321.pdf,False,,,0.1,320x240,Silent surveillance video; 320x240; 0s
EFTA00280322,9,avi,video,19968,0.02,https://www.justice.gov/epstein/files/DataSet%209/EFTA00280322.pdf,False,,,0.0,320x240,Silent surveillance video; 320x240
EFTA00280323,9,avi,video,39424,0.04,https://www.justice.gov/epstein/files/DataSet%209/EFTA00280323.pdf,False,,,0.1,320x240,Silent surveillance video; 320x240; 0s
EFTA00280324,9,avi,video,18944,0.02,https://www.justice.gov/epstein/files/DataSet%209/EFTA00280324.pdf,False,,,0.0,320x240,Silent surveillance video; 320x240
EFTA00280325,9,avi,video,19968,0.02,https://www.justice.gov/epstein/files/DataSet%209/EFTA00280325.pdf,False,,,0.0,320x240,Silent surveillance video; 320x240
EFTA00280326,9,avi,video,38912,0.04,https://www.justice.gov/epstein/files/DataSet%209/EFTA00280326.pdf,False,,,0.1,320x240,Silent surveillance video; 320x240; 0s
EFTA00280327,9,avi,video,19456,0.02,https://www.justice.gov/epstein/files/DataSet%209/EFTA00280327.pdf,False,,,0.0,320x240,Silent surveillance video; 320x240
EFTA00280328,9,avi,video,19456,0.02,https://www.justice.gov/epstein/files/DataSet%209/EFTA00280328.pdf,False,,,0.0,320x240,Silent surveillance video; 320x240
EFTA00280329,9,avi,video,19456,0.02,https://www.justice.gov/epstein/files/DataSet%209/EFTA00280329.pdf,False,,,0.0,320x240,Silent surveillance video; 320x240
EFTA00280330,9,avi,video,19968,0.02,https://www.justice.gov/epstein/files/DataSet%209/EFTA00280330.pdf,False,,,0.0,320x240,Silent surveillance video; 320x240
EFTA00280331,9,avi,video,20480,0.02,https://www.justice.gov/epstein/files/DataSet%209/EFTA00280331.pdf,False,,,0.0,320x240,Silent surveillance video; 320x240
EFTA00280332,9,avi,video,19456,0.02,https://www.justice.gov/epstein/files/DataSet%209/EFTA00280332.pdf,False,,,0.0,320x240,Silent surveillance video; 320x240
EFTA00280333,9,avi,video,21504,0.02,https://www.justice.gov/epstein/files/DataSet%209/EFTA00280333.pdf,False,,,0.0,320x240,Silent surveillance video; 320x240
EFTA00280334,9,avi,video,19968,0.02,https://www.justice.gov/epstein/files/DataSet%209/EFTA00280334.pdf,False,,,0.0,320x240,Silent surveillance video; 320x240
EFTA00280335,9,avi,video,19968,0.02,https://www.justice.gov/epstein/files/DataSet%209/EFTA00280335.pdf,False,,,0.0,320x240,Silent surveillance video; 320x240
EFTA00280336,9,avi,video,18944,0.02,https://www.justice.gov/epstein/files/DataSet%209/EFTA00280336.pdf,False,,,0.0,320x240,Silent surveillance video; 320x240
EFTA00280337,9,avi,video,37888,0.04,https://www.justice.gov/epstein/files/DataSet%209/EFTA00280337.pdf,False,,,0.1,320x240,Silent surveillance video; 320x240; 0s
EFTA00280338,9,avi,video,19456,0.02,https://www.justice.gov/epstein/files/DataSet%209/EFTA00280338.pdf,False,,,0.0,320x240,Silent surveillance video; 320x240
EFTA00280339,9,avi,video,19456,0.02,https://www.justice.gov/epstein/files/DataSet%209/EFTA00280339.pdf,False,,,0.0,320x240,Silent surveillance video; 320x240
EFTA00280340,9,avi,video,18432,0.02,https://www.justice.gov/epstein/files/DataSet%209/EFTA00280340.pdf,False,,,0.0,320x240,Silent surveillance video; 320x240
EFTA00280341,9,avi,video,38400,0.04,https://www.justice.gov/epstein/files/DataSet%209/EFTA00280341.pdf,False,,,0.1,320x240,Silent surveillance video; 320x240; 0s
EFTA00280342,9,avi,video,19968,0.02,https://www.justice.gov/epstein/files/DataSet%209/EFTA00280342.pdf,False,,,0.0,320x240,Silent surveillance video; 320x240
EFTA00280343,9,avi,video,18944,0.02,https://www.justice.gov/epstein/files/DataSet%209/EFTA00280343.pdf,False,,,0.0,320x240,Silent surveillance video; 320x240
EFTA00280344,9,avi,video,37888,0.04,https://www.justice.gov/epstein/files/DataSet%209/EFTA00280344.pdf,False,,,0.1,320x240,Silent surveillance video; 320x240; 0s
EFTA00280345,9,avi,video,18944,0.02,https://www.justice.gov/epstein/files/DataSet%209/EFTA00280345.pdf,False,,,0.0,320x240,Silent surveillance video; 320x240
EFTA00280346,9,avi,video,18944,0.02,https://www.justice.gov/epstein/files/DataSet%209/EFTA00280346.pdf,False,,,0.0,320x240,Silent surveillance video; 320x240
EFTA00280347,9,avi,video,19456,0.02,https://www.justice.gov/epstein/files/DataSet%209/EFTA00280347.pdf,False,,,0.0,320x240,Silent surveillance video; 320x240
EFTA00280348,9,avi,video,19968,0.02,https://www.justice.gov/epstein/files/DataSet%209/EFTA00280348.pdf,False,,,0.0,320x240,Silent surveillance video; 320x240
EFTA00280349,9,avi,video,18944,0.02,https://www.justice.gov/epstein/files/DataSet%209/EFTA00280349.pdf,False,,,0.0,320x240,Silent surveillance video; 320x240
EFTA00280350,9,avi,video,19456,0.02,https://www.justice.gov/epstein/files/DataSet%209/EFTA00280350.pdf,False,,,0.0,320x240,Silent surveillance video; 320x240
EFTA00280351,9,avi,video,19968,0.02,https://www.justice.gov/epstein/files/DataSet%209/EFTA00280351.pdf,False,,,0.0,320x240,Silent surveillance video; 320x240
EFTA00280352,9,avi,video,17920,0.02,https://www.justice.gov/epstein/files/DataSet%209/EFTA00280352.pdf,False,,,0.0,320x240,Silent surveillance video; 320x240
EFTA00280353,9,avi,video,19968,0.02,https://www.justice.gov/epstein/files/DataSet%209/EFTA00280353.pdf,False,,,0.0,320x240,Silent surveillance video; 320x240
EFTA00280354,9,avi,video,53760,0.05,https://www.justice.gov/epstein/files/DataSet%209/EFTA00280354.pdf,False,,,0.1,320x240,Silent surveillance video; 320x240; 0s
EFTA00280355,9,avi,video,37376,0.04,https://www.justice.gov/epstein/files/DataSet%209/EFTA00280355.pdf,False,,,0.1,320x240,Silent surveillance video; 320x240; 0s
EFTA00280356,9,avi,video,21504,0.02,https://www.justice.gov/epstein/files/DataSet%209/EFTA00280356.pdf,False,,,0.0,320x240,Silent surveillance video; 320x240
EFTA00280357,9,avi,video,18432,0.02,https://www.justice.gov/epstein/files/DataSet%209/EFTA00280357.pdf,False,,,0.0,320x240,Silent surveillance video; 320x240
EFTA00280358,9,avi,video,37888,0.04,https://www.justice.gov/epstein/files/DataSet%209/EFTA00280358.pdf,False,,,0.1,320x240,Silent surveillance video; 320x240; 0s
EFTA00280359,9,avi,video,19968,0.02,https://www.justice.gov/epstein/files/DataSet%209/EFTA00280359.pdf,False,,,0.0,320x240,Silent surveillance video; 320x240
EFTA00280360,9,avi,video,19968,0.02,https://www.justice.gov/epstein/files/DataSet%209/EFTA00280360.pdf,False,,,0.0,320x240,Silent surveillance video; 320x240
EFTA00280361,9,avi,video,19968,0.02,https://www.justice.gov/epstein/files/DataSet%209/EFTA00280361.pdf,False,,,0.0,320x240,Silent surveillance video; 320x240
EFTA00280362,9,avi,video,20480,0.02,https://www.justice.gov/epstein/files/DataSet%209/EFTA00280362.pdf,False,,,0.0,320x240,Silent surveillance video; 320x240
EFTA00280363,9,avi,video,19456,0.02,https://www.justice.gov/epstein/files/DataSet%209/EFTA00280363.pdf,False,,,0.0,320x240,Silent surveillance video; 320x240
EFTA00280364,9,avi,video,38400,0.04,https://www.justice.gov/epstein/files/DataSet%209/EFTA00280364.pdf,False,,,0.1,320x240,Silent surveillance video; 320x240; 0s
EFTA00280365,9,avi,video,22016,0.02,https://www.justice.gov/epstein/files/DataSet%209/EFTA00280365.pdf,False,,,0.0,320x240,Silent surveillance video; 320x240
EFTA00280366,9,avi,video,21504,0.02,https://www.justice.gov/epstein/files/DataSet%209/EFTA00280366.pdf,False,,,0.0,320x240,Silent surveillance video; 320x240
EFTA00280367,9,avi,video,19968,0.02,https://www.justice.gov/epstein/files/DataSet%209/EFTA00280367.pdf,False,,,0.0,320x240,Silent surveillance video; 320x240
EFTA00280368,9,avi,video,20992,0.02,https://www.justice.gov/epstein/files/DataSet%209/EFTA00280368.pdf,False,,,0.0,320x240,Silent surveillance video; 320x240
EFTA00280369,9,avi,video,18944,0.02,https://www.justice.gov/epstein/files/DataSet%209/EFTA00280369.pdf,False,,,0.0,320x240,Silent surveillance video; 320x240
EFTA00280370,9,avi,video,13312,0.01,https://www.justice.gov/epstein/files/DataSet%209/EFTA00280370.pdf,False,,,0.0,320x240,Silent surveillance video; 320x240
EFTA00280371,9,avi,video,21504,0.02,https://www.justice.gov/epstein/files/DataSet%209/EFTA00280371.pdf,False,,,0.0,320x240,Silent surveillance video; 320x240
EFTA00280372,9,avi,video,23040,0.02,https://www.justice.gov/epstein/files/DataSet%209/EFTA00280372.pdf,False,,,0.0,320x240,Silent surveillance video; 320x240
EFTA00280373,9,avi,video,18944,0.02,https://www.justice.gov/epstein/files/DataSet%209/EFTA00280373.pdf,False,,,0.0,320x240,Silent surveillance video; 320x240
EFTA00280374,9,avi,video,16896,0.02,https://www.justice.gov/epstein/files/DataSet%209/EFTA00280374.pdf,False,,,0.1,320x240,Silent surveillance video; 320x240; 0s
EFTA00280375,9,avi,video,3072,0.0,https://www.justice.gov/epstein/files/DataSet%209/EFTA00280375.pdf,False,,,0.0,320x240,Silent surveillance video; 320x240
EFTA00280376,9,avi,video,3072,0.0,https://www.justice.gov/epstein/files/DataSet%209/EFTA00280376.pdf,False,,,0.0,320x240,Silent surveillance video; 320x240
EFTA00280377,9,avi,video,15872,0.02,https://www.justice.gov/epstein/files/DataSet%209/EFTA00280377.pdf,False,,,0.0,320x240,Silent surveillance video; 320x240
EFTA00280378,9,avi,video,3072,0.0,https://www.justice.gov/epstein/files/DataSet%209/EFTA00280378.pdf,False,,,0.0,320x240,Silent surveillance video; 320x240
EFTA00280379,9,avi,video,3072,0.0,https://www.justice.gov/epstein/files/DataSet%209/EFTA00280379.pdf,False,,,0.0,320x240,Silent surveillance video; 320x240
EFTA00280380,9,avi,video,6656,0.01,https://www.justice.gov/epstein/files/DataSet%209/EFTA00280380.pdf,False,,,0.0,320x240,Silent surveillance video; 320x240
EFTA00280381,9,avi,video,33792,0.03,https://www.justice.gov/epstein/files/DataSet%209/EFTA00280381.pdf,False,,,0.1,320x240,Silent surveillance video; 320x240; 0s
EFTA00280382,9,avi,video,16384,0.02,https://www.justice.gov/epstein/files/DataSet%209/EFTA00280382.pdf,False,,,0.0,320x240,Silent surveillance video; 320x240
EFTA00280383,9,avi,video,3072,0.0,https://www.justice.gov/epstein/files/DataSet%209/EFTA00280383.pdf,False,,,0.0,320x240,Silent surveillance video; 320x240
EFTA00280384,9,avi,video,3072,0.0,https://www.justice.gov/epstein/files/DataSet%209/EFTA00280384.pdf,False,,,0.0,320x240,Silent surveillance video; 320x240
EFTA00280385,9,avi,video,25088,0.02,https://www.justice.gov/epstein/files/DataSet%209/EFTA00280385.pdf,False,,,0.1,320x240,Silent surveillance video; 320x240; 0s
EFTA00280386,9,avi,video,20992,0.02,https://www.justice.gov/epstein/files/DataSet%209/EFTA00280386.pdf,False,,,0.0,320x240,Silent surveillance video; 320x240
EFTA00280387,9,avi,video,17408,0.02,https://www.justice.gov/epstein/files/DataSet%209/EFTA00280387.pdf,False,,,0.0,320x240,Silent surveillance video; 320x240
EFTA00280388,9,avi,video,17920,0.02,https://www.justice.gov/epstein/files/DataSet%209/EFTA00280388.pdf,False,,,0.0,320x240,Silent surveillance video; 320x240
EFTA00280389,9,avi,video,15360,0.01,https://www.justice.gov/epstein/files/DataSet%209/EFTA00280389.pdf,False,,,0.0,320x240,Silent surveillance video; 320x240
EFTA00280390,9,avi,video,15872,0.02,https://www.justice.gov/epstein/files/DataSet%209/EFTA00280390.pdf,False,,,0.0,320x240,Silent surveillance video; 320x240
EFTA00280391,9,avi,video,38400,0.04,https://www.justice.gov/epstein/files/DataSet%209/EFTA00280391.pdf,False,,,0.1,320x240,Silent surveillance video; 320x240; 0s
EFTA00280392,9,avi,video,16896,0.02,https://www.justice.gov/epstein/files/DataSet%209/EFTA00280392.pdf,False,,,0.0,320x240,Silent surveillance video; 320x240
EFTA00280393,9,avi,video,19968,0.02,https://www.justice.gov/epstein/files/DataSet%209/EFTA00280393.pdf,False,,,0.0,320x240,Silent surveillance video; 320x240
EFTA00280394,9,avi,video,23040,0.02,https://www.justice.gov/epstein/files/DataSet%209/EFTA00280394.pdf,False,,,0.0,320x240,Silent surveillance video; 320x240
EFTA00280395,9,avi,video,21504,0.02,https://www.justice.gov/epstein/files/DataSet%209/EFTA00280395.pdf,False,,,0.0,320x240,Silent surveillance video; 320x240
EFTA00280396,9,avi,video,16896,0.02,https://www.justice.gov/epstein/files/DataSet%209/EFTA00280396.pdf,False,,,0.0,320x240,Silent surveillance video; 320x240
EFTA00280397,9,avi,video,3072,0.0,https://www.justice.gov/epstein/files/DataSet%209/EFTA00280397.pdf,False,,,0.0,320x240,Silent surveillance video; 320x240
EFTA00280398,9,avi,video,17920,0.02,https://www.justice.gov/epstein/files/DataSet%209/EFTA00280398.pdf,False,,,0.0,320x240,Silent surveillance video; 320x240
EFTA00280399,9,avi,video,18944,0.02,https://www.justice.gov/epstein/files/DataSet%209/EFTA00280399.pdf,False,,,0.0,320x240,Silent surveillance video; 320x240
EFTA00280400,9,avi,video,14848,0.01,https://www.justice.gov/epstein/files/DataSet%209/EFTA00280400.pdf,False,,,0.0,320x240,Silent surveillance video; 320x240
EFTA00280401,9,avi,video,14336,0.01,https://www.justice.gov/epstein/files/DataSet%209/EFTA00280401.pdf,False,,,0.0,320x240,Silent surveillance video; 320x240
EFTA00280402,9,avi,video,14848,0.01,https://www.justice.gov/epstein/files/DataSet%209/EFTA00280402.pdf,False,,,0.0,320x240,Silent surveillance video; 320x240
EFTA00280403,9,avi,video,15872,0.02,https://www.justice.gov/epstein/files/DataSet%209/EFTA00280403.pdf,False,,,0.0,320x240,Silent surveillance video; 320x240
EFTA00280404,9,avi,video,,,https://www.justice.gov/epstein/files/DataSet%209/EFTA00280404.pdf,,,,,,
EFTA00280405,9,avi,video,,,https://www.justice.gov/epstein/files/DataSet%209/EFTA00280405.pdf,,,,,,
EFTA00280406,9,avi,video,,,https://www.justice.gov/epstein/files/DataSet%209/EFTA00280406.pdf,,,,,,
EFTA00280407,9,avi,video,,,https://www.justice.gov/epstein/files/DataSet%209/EFTA00280407.pdf,,,,,,
EFTA00280408,9,avi,video,,,https://www.justice.gov/epstein/files/DataSet%209/EFTA00280408.pdf,,,,,,
EFTA00280409,9,avi,video,,,https://www.justice.gov/epstein/files/DataSet%209/EFTA00280409.pdf,,,,,,
EFTA00280410,9,avi,video,,,https://www.justice.gov/epstein/files/DataSet%209/EFTA00280410.pdf,,,,,,
EFTA00280411,9,avi,video,,,https://www.justice.gov/epstein/files/DataSet%209/EFTA00280411.pdf,,,,,,
EFTA00280412,9,avi,video,,,https://www.justice.gov/epstein/files/DataSet%209/EFTA00280412.pdf,,,,,,
EFTA00280413,9,avi,video,,,https://www.justice.gov/epstein/files/DataSet%209/EFTA00280413.pdf,,,,,,
EFTA00280414,9,avi,video,,,https://www.justice.gov/epstein/files/DataSet%209/EFTA00280414.pdf,,,,,,
EFTA00280415,9,avi,video,,,https://www.justice.gov/epstein/files/DataSet%209/EFTA00280415.pdf,,,,,,
EFTA00280416,9,avi,video,,,https://www.justice.gov/epstein/files/DataSet%209/EFTA00280416.pdf,,,,,,
EFTA00280417,9,avi,video,,,https://www.justice.gov/epstein/files/DataSet%209/EFTA00280417.pdf,,,,,,
EFTA00280418,9,avi,video,,,https://www.justice.gov/epstein/files/DataSet%209/EFTA00280418.pdf,,,,,,
EFTA00280419,9,avi,video,,,https://www.justice.gov/epstein/files/DataSet%209/EFTA00280419.pdf,,,,,,
EFTA00280420,9,avi,video,,,https://www.justice.gov/epstein/files/DataSet%209/EFTA00280420.pdf,,,,,,
EFTA00280421,9,avi,video,,,https://www.justice.gov/epstein/files/DataSet%209/EFTA00280421.pdf,,,,,,
EFTA00280422,9,avi,video,,,https://www.justice.gov/epstein/files/DataSet%209/EFTA00280422.pdf,,,,,,
EFTA00280423,9,avi,video,,,https://www.justice.gov/epstein/files/DataSet%209/EFTA00280423.pdf,,,,,,
EFTA00280424,9,avi,video,,,https://www.justice.gov/epstein/files/DataSet%209/EFTA00280424.pdf,,,,,,
EFTA00280425,9,avi,video,,,https://www.justice.gov/epstein/files/DataSet%209/EFTA00280425.pdf,,,,,,
EFTA00280426,9,avi,video,,,https://www.justice.gov/epstein/files/DataSet%209/EFTA00280426.pdf,,,,,,
EFTA00280427,9,avi,video,,,https://www.justice.gov/epstein/files/DataSet%209/EFTA00280427.pdf,,,,,,
EFTA00280428,9,avi,video,,,https://www.justice.gov/epstein/files/DataSet%209/EFTA00280428.pdf,,,,,,
EFTA00280429,9,avi,video,12288,0.01,https://www.justice.gov/epstein/files/DataSet%209/EFTA00280429.pdf,False,,,0.0,320x240,Silent surveillance video; 320x240
EFTA00280430,9,avi,video,19456,0.02,https://www.justice.gov/epstein/files/DataSet%209/EFTA00280430.pdf,False,,,0.1,320x240,Silent surveillance video; 320x240; 0s
EFTA00280431,9,avi,video,10752,0.01,https://www.justice.gov/epstein/files/DataSet%209/EFTA00280431.pdf,False,,,0.0,320x240,Silent surveillance video; 320x240
EFTA00280432,9,avi,video,9728,0.01,https://www.justice.gov/epstein/files/DataSet%209/EFTA00280432.pdf,False,,,0.0,320x240,Silent surveillance video; 320x240
EFTA00280433,9,avi,video,10240,0.01,https://www.justice.gov/epstein/files/DataSet%209/EFTA00280433.pdf,False,,,0.0,320x240,Silent surveillance video; 320x240
EFTA00280434,9,avi,video,9216,0.01,https://www.justice.gov/epstein/files/DataSet%209/EFTA00280434.pdf,False,,,0.0,320x240,Silent surveillance video; 320x240
EFTA00280435,9,avi,video,11776,0.01,https://www.justice.gov/epstein/files/DataSet%209/EFTA00280435.pdf,False,,,0.0,320x240,Silent surveillance video; 320x240
EFTA00280436,9,avi,video,9216,0.01,https://www.justice.gov/epstein/files/DataSet%209/EFTA00280436.pdf,False,,,0.0,320x240,Silent surveillance video; 320x240
EFTA00280437,9,avi,video,17920,0.02,https://www.justice.gov/epstein/files/DataSet%209/EFTA00280437.pdf,False,,,0.1,320x240,Silent surveillance video; 320x240; 0s
EFTA00280438,9,avi,video,11264,0.01,https://www.justice.gov/epstein/files/DataSet%209/EFTA00280438.pdf,False,,,0.0,320x240,Silent surveillance video; 320x240
EFTA00280439,9,avi,video,10240,0.01,https://www.justice.gov/epstein/files/DataSet%209/EFTA00280439.pdf,False,,,0.0,320x240,Silent surveillance video; 320x240
EFTA00280440,9,avi,video,11776,0.01,https://www.justice.gov/epstein/files/DataSet%209/EFTA00280440.pdf,False,,,0.0,320x240,Silent surveillance video; 320x240
EFTA00280441,9,avi,video,9728,0.01,https://www.justice.gov/epstein/files/DataSet%209/EFTA00280441.pdf,False,,,0.0,320x240,Silent surveillance video; 320x240
EFTA00280442,9,avi,video,11264,0.01,https://www.justice.gov/epstein/files/DataSet%209/EFTA00280442.pdf,False,,,0.0,320x240,Silent surveillance video; 320x240
EFTA00280443,9,avi,video,9728,0.01,https://www.justice.gov/epstein/files/DataSet%209/EFTA00280443.pdf,False,,,0.0,320x240,Silent surveillance video; 320x240
EFTA00280444,9,avi,video,11264,0.01,https://www.justice.gov/epstein/files/DataSet%209/EFTA00280444.pdf,False,,,0.0,320x240,Silent surveillance video; 320x240
EFTA00280445,9,avi,video,10240,0.01,https://www.justice.gov/epstein/files/DataSet%209/EFTA00280445.pdf,False,,,0.0,320x240,Silent surveillance video; 320x240
EFTA00280446,9,avi,video,10240,0.01,https://www.justice.gov/epstein/files/DataSet%209/EFTA00280446.pdf,False,,,0.0,320x240,Silent surveillance video; 320x240
EFTA00280447,9,avi,video,10752,0.01,https://www.justice.gov/epstein/files/DataSet%209/EFTA00280447.pdf,False,,,0.0,320x240,Silent surveillance video; 320x240
EFTA00280448,9,avi,video,9728,0.01,https://www.justice.gov/epstein/files/DataSet%209/EFTA00280448.pdf,False,,,0.0,320x240,Silent surveillance video; 320x240
EFTA00280449,9,avi,video,11776,0.01,https://www.justice.gov/epstein/files/DataSet%209/EFTA00280449.pdf,False,,,0.0,320x240,Silent surveillance video; 320x240
EFTA00280450,9,avi,video,9728,0.01,https://www.justice.gov/epstein/files/DataSet%209/EFTA00280450.pdf,False,,,0.0,320x240,Silent surveillance video; 320x240
EFTA00280451,9,avi,video,11776,0.01,https://www.justice.gov/epstein/files/DataSet%209/EFTA00280451.pdf,False,,,0.0,320x240,Silent surveillance video; 320x240
EFTA00280452,9,avi,video,9728,0.01,https://www.justice.gov/epstein/files/DataSet%209/EFTA00280452.pdf,False,,,0.0,320x240,Silent surveillance video; 320x240
EFTA00280453,9,avi,video,18944,0.02,https://www.justice.gov/epstein/files/DataSet%209/EFTA00280453.pdf,False,,,0.1,320x240,Silent surveillance video; 320x240; 0s
EFTA00280454,9,avi,video,,,https://www.justice.gov/epstein/files/DataSet%209/EFTA00280454.pdf,,,,,,
EFTA00280455,9,avi,video,,,https://www.justice.gov/epstein/files/DataSet%209/EFTA00280455.pdf,,,,,,
EFTA00280456,9,avi,video,,,https://www.justice.gov/epstein/files/DataSet%209/EFTA00280456.pdf,,,,,,
EFTA00280457,9,avi,video,,,https://www.justice.gov/epstein/files/DataSet%209/EFTA00280457.pdf,,,,,,
EFTA00280458,9,avi,video,,,https://www.justice.gov/epstein/files/DataSet%209/EFTA00280458.pdf,,,,,,
EFTA00280459,9,avi,video,,,https://www.justice.gov/epstein/files/DataSet%209/EFTA00280459.pdf,,,,,,
EFTA00280460,9,avi,video,,,https://www.justice.gov/epstein/files/DataSet%209/EFTA00280460.pdf,,,,,,
EFTA00280461,9,avi,video,,,https://www.justice.gov/epstein/files/DataSet%209/EFTA00280461.pdf,,,,,,
EFTA00280462,9,avi,video,,,https://www.justice.gov/epstein/files/DataSet%209/EFTA00280462.pdf,,,,,,
EFTA00280463,9,avi,video,,,https://www.justice.gov/epstein/files/DataSet%209/EFTA00280463.pdf,,,,,,
EFTA00280464,9,avi,video,,,https://www.justice.gov/epstein/files/DataSet%209/EFTA00280464.pdf,,,,,,
EFTA00280465,9,avi,video,,,https://www.justice.gov/epstein/files/DataSet%209/EFTA00280465.pdf,,,,,,
EFTA00280466,9,avi,video,,,https://www.justice.gov/epstein/files/DataSet%209/EFTA00280466.pdf,,,,,,
EFTA00280467,9,avi,video,,,https://www.justice.gov/epstein/files/DataSet%209/EFTA00280467.pdf,,,,,,
EFTA00280468,9,avi,video,,,https://www.justice.gov/epstein/files/DataSet%209/EFTA00280468.pdf,,,,,,
EFTA00280469,9,avi,video,,,https://www.justice.gov/epstein/files/DataSet%209/EFTA00280469.pdf,,,,,,
EFTA00280470,9,avi,video,,,https://www.justice.gov/epstein/files/DataSet%209/EFTA00280470.pdf,,,,,,
EFTA00280471,9,avi,video,,,https://www.justice.gov/epstein/files/DataSet%209/EFTA00280471.pdf,,,,,,
EFTA00280472,9,avi,video,,,https://www.justice.gov/epstein/files/DataSet%209/EFTA00280472.pdf,,,,,,
EFTA00280473,9,avi,video,,,https://www.justice.gov/epstein/files/DataSet%209/EFTA00280473.pdf,,,,,,
EFTA00280474,9,avi,video,,,https://www.justice.gov/epstein/files/DataSet%209/EFTA00280474.pdf,,,,,,
EFTA00280475,9,avi,video,,,https://www.justice.gov/epstein/files/DataSet%209/EFTA00280475.pdf,,,,,,
EFTA00280476,9,avi,video,,,https://www.justice.gov/epstein/files/DataSet%209/EFTA00280476.pdf,,,,,,
EFTA00280477,9,avi,video,,,https://www.justice.gov/epstein/files/DataSet%209/EFTA00280477.pdf,,,,,,
EFTA00280478,9,avi,video,,,https://www.justice.gov/epstein/files/DataSet%209/EFTA00280478.pdf,,,,,,
EFTA00280479,9,avi,video,14336,0.01,https://www.justice.gov/epstein/files/DataSet%209/EFTA00280479.pdf,False,,,0.0,320x240,Silent surveillance video; 320x240
EFTA00280480,9,avi,video,22016,0.02,https://www.justice.gov/epstein/files/DataSet%209/EFTA00280480.pdf,False,,,0.1,320x240,Silent surveillance video; 320x240; 0s
EFTA00280481,9,avi,video,13312,0.01,https://www.justice.gov/epstein/files/DataSet%209/EFTA00280481.pdf,False,,,0.0,320x240,Silent surveillance video; 320x240
EFTA00280482,9,avi,video,13312,0.01,https://www.justice.gov/epstein/files/DataSet%209/EFTA00280482.pdf,False,,,0.0,320x240,Silent surveillance video; 320x240
EFTA00280483,9,avi,video,13312,0.01,https://www.justice.gov/epstein/files/DataSet%209/EFTA00280483.pdf,False,,,0.0,320x240,Silent surveillance video; 320x240
EFTA00280484,9,avi,video,3072,0.0,https://www.justice.gov/epstein/files/DataSet%209/EFTA00280484.pdf,False,,,0.0,320x240,Silent surveillance video; 320x240
EFTA00280485,9,avi,video,36864,0.04,https://www.justice.gov/epstein/files/DataSet%209/EFTA00280485.pdf,False,,,0.1,320x240,Silent surveillance video; 320x240; 0s
EFTA00280486,9,avi,video,19456,0.02,https://www.justice.gov/epstein/files/DataSet%209/EFTA00280486.pdf,False,,,0.0,320x240,Silent surveillance video; 320x240
EFTA00280487,9,avi,video,24064,0.02,https://www.justice.gov/epstein/files/DataSet%209/EFTA00280487.pdf,False,,,0.0,320x240,Silent surveillance video; 320x240
EFTA00280488,9,avi,video,18432,0.02,https://www.justice.gov/epstein/files/DataSet%209/EFTA00280488.pdf,False,,,0.0,320x240,Silent surveillance video; 320x240
EFTA00280489,9,avi,video,16384,0.02,https://www.justice.gov/epstein/files/DataSet%209/EFTA00280489.pdf,False,,,0.0,320x240,Silent surveillance video; 320x240
EFTA00280490,9,avi,video,19456,0.02,https://www.justice.gov/epstein/files/DataSet%209/EFTA00280490.pdf,False,,,0.0,320x240,Silent surveillance video; 320x240
EFTA00280491,9,avi,video,3072,0.0,https://www.justice.gov/epstein/files/DataSet%209/EFTA00280491.pdf,False,,,0.0,320x240,Silent surveillance video; 320x240
EFTA00280492,9,avi,video,15360,0.01,https://www.justice.gov/epstein/files/DataSet%209/EFTA00280492.pdf,False,,,0.0,320x240,Silent surveillance video; 320x240
EFTA00280493,9,avi,video,17408,0.02,https://www.justice.gov/epstein/files/DataSet%209/EFTA00280493.pdf,False,,,0.0,320x240,Silent surveillance video; 320x240
EFTA00280494,9,avi,video,17920,0.02,https://www.justice.gov/epstein/files/DataSet%209/EFTA00280494.pdf,False,,,0.0,320x240,Silent surveillance video; 320x240
EFTA00280495,9,avi,video,3072,0.0,https://www.justice.gov/epstein/files/DataSet%209/EFTA00280495.pdf,False,,,0.0,320x240,Silent surveillance video; 320x240
EFTA00280496,9,avi,video,16896,0.02,https://www.justice.gov/epstein/files/DataSet%209/EFTA00280496.pdf,False,,,0.0,320x240,Silent surveillance video; 320x240
EFTA00280497,9,avi,video,15360,0.01,https://www.justice.gov/epstein/files/DataSet%209/EFTA00280497.pdf,False,,,0.0,320x240,Silent surveillance video; 320x240
EFTA00280498,9,avi,video,16384,0.02,https://www.justice.gov/epstein/files/DataSet%209/EFTA00280498.pdf,False,,,0.0,320x240,Silent surveillance video; 320x240
EFTA00280499,9,avi,video,16896,0.02,https://www.justice.gov/epstein/files/DataSet%209/EFTA00280499.pdf,False,,,0.0,320x240,Silent surveillance video; 320x240
EFTA00280500,9,avi,video,34304,0.03,https://www.justice.gov/epstein/files/DataSet%209/EFTA00280500.pdf,False,,,0.1,320x240,Silent surveillance video; 320x240; 0s
EFTA00280501,9,avi,video,3072,0.0,https://www.justice.gov/epstein/files/DataSet%209/EFTA00280501.pdf,False,,,0.0,320x240,Silent surveillance video; 320x240
EFTA00280502,9,avi,video,42496,0.04,https://www.justice.gov/epstein/files/DataSet%209/EFTA00280502.pdf,False,,,0.1,320x240,Silent surveillance video; 320x240; 0s
EFTA00280503,9,avi,video,21504,0.02,https://www.justice.gov/epstein/files/DataSet%209/EFTA00280503.pdf,False,,,0.0,320x240,Silent surveillance video; 320x240
EFTA00280504,9,avi,video,19968,0.02,https://www.justice.gov/epstein/files/DataSet%209/EFTA00280504.pdf,False,,,0.0,320x240,Silent surveillance video; 320x240
EFTA00280505,9,avi,video,16384,0.02,https://www.justice.gov/epstein/files/DataSet%209/EFTA00280505.pdf,False,,,0.0,320x240,Silent surveillance video; 320x240
EFTA00280506,9,avi,video,15872,0.02,https://www.justice.gov/epstein/files/DataSet%209/EFTA00280506.pdf,False,,,0.0,320x240,Silent surveillance video; 320x240
EFTA00280507,9,avi,video,18944,0.02,https://www.justice.gov/epstein/files/DataSet%209/EFTA00280507.pdf,False,,,0.0,320x240,Silent surveillance video; 320x240
EFTA00280508,9,avi,video,19968,0.02,https://www.justice.gov/epstein/files/DataSet%209/EFTA00280508.pdf,False,,,0.0,320x240,Silent surveillance video; 320x240
EFTA00280509,9,avi,video,18944,0.02,https://www.justice.gov/epstein/files/DataSet%209/EFTA00280509.pdf,False,,,0.0,320x240,Silent surveillance video; 320x240
EFTA00280510,9,avi,video,3072,0.0,https://www.justice.gov/epstein/files/DataSet%209/EFTA00280510.pdf,False,,,0.0,320x240,Silent surveillance video; 320x240
EFTA00280511,9,avi,video,3072,0.0,https://www.justice.gov/epstein/files/DataSet%209/EFTA00280511.pdf,False,,,0.0,320x240,Silent surveillance video; 320x240
EFTA00280512,9,avi,video,3072,0.0,https://www.justice.gov/epstein/files/DataSet%209/EFTA00280512.pdf,False,,,0.0,320x240,Silent surveillance video; 320x240
EFTA00280513,9,avi,video,20992,0.02,https://www.justice.gov/epstein/files/DataSet%209/EFTA00280513.pdf,False,,,0.0,320x240,Silent surveillance video; 320x240
EFTA00280514,9,avi,video,35328,0.03,https://www.justice.gov/epstein/files/DataSet%209/EFTA00280514.pdf,False,,,0.1,320x240,Silent surveillance video; 320x240; 0s
EFTA00280515,9,avi,video,11776,0.01,https://www.justice.gov/epstein/files/DataSet%209/EFTA00280515.pdf,False,,,0.0,320x240,Silent surveillance video; 320x240
EFTA00280516,9,avi,video,17408,0.02,https://www.justice.gov/epstein/files/DataSet%209/EFTA00280516.pdf,False,,,0.0,320x240,Silent surveillance video; 320x240
EFTA00280517,9,avi,video,25088,0.02,https://www.justice.gov/epstein/files/DataSet%209/EFTA00280517.pdf,False,,,0.0,320x240,Silent surveillance video; 320x240
EFTA00280518,9,avi,video,15872,0.02,https://www.justice.gov/epstein/files/DataSet%209/EFTA00280518.pdf,False,,,0.1,320x240,Silent surveillance video; 320x240; 0s
EFTA00280519,9,avi,video,13312,0.01,https://www.justice.gov/epstein/files/DataSet%209/EFTA00280519.pdf,True,yes,0,1.6,,Video (no speech detected); 2s
EFTA00280520,9,avi,video,9681408,9.23,https://www.justice.gov/epstein/files/DataSet%209/EFTA00280520.pdf,False,,,14.5,320x240,Silent surveillance video; 320x240; 14s
EFTA00280521,9,avi,video,18432,0.02,https://www.justice.gov/epstein/files/DataSet%209/EFTA00280521.pdf,False,,,0.1,320x240,Silent surveillance video; 320x240; 0s
EFTA00280522,9,avi,video,60928,0.06,https://www.justice.gov/epstein/files/DataSet%209/EFTA00280522.pdf,False,,,0.1,320x240,Silent surveillance video; 320x240; 0s
EFTA00280523,9,avi,video,22528,0.02,https://www.justice.gov/epstein/files/DataSet%209/EFTA00280523.pdf,False,,,0.0,320x240,Silent surveillance video; 320x240
EFTA00280524,9,avi,video,13312,0.01,https://www.justice.gov/epstein/files/DataSet%209/EFTA00280524.pdf,False,,,0.1,320x240,Silent surveillance video; 320x240; 0s
EFTA00280525,9,avi,video,12800,0.01,https://www.justice.gov/epstein/files/DataSet%209/EFTA00280525.pdf,False,,,0.0,320x240,Silent surveillance video; 320x240
EFTA00280526,9,avi,video,13824,0.01,https://www.justice.gov/epstein/files/DataSet%209/EFTA00280526.pdf,False,,,0.1,320x240,Silent surveillance video; 320x240; 0s
EFTA00280527,9,avi,video,40448,0.04,https://www.justice.gov/epstein/files/DataSet%209/EFTA00280527.pdf,False,,,0.2,320x240,Silent surveillance video; 320x240; 0s
EFTA00280528,9,avi,video,16896,0.02,https://www.justice.gov/epstein/files/DataSet%209/EFTA00280528.pdf,False,,,0.1,320x240,Silent surveillance video; 320x240; 0s
EFTA00280529,9,avi,video,19456,0.02,https://www.justice.gov/epstein/files/DataSet%209/EFTA00280529.pdf,False,,,0.1,320x240,Silent surveillance video; 320x240; 0s
EFTA00280530,9,avi,video,158720,0.15,https://www.justice.gov/epstein/files/DataSet%209/EFTA00280530.pdf,False,,,0.2,320x240,Silent surveillance video; 320x240; 0s
EFTA00280531,9,avi,video,45568,0.04,https://www.justice.gov/epstein/files/DataSet%209/EFTA00280531.pdf,False,,,0.1,320x240,Silent surveillance video; 320x240; 0s
EFTA00280532,9,avi,video,10752,0.01,https://www.justice.gov/epstein/files/DataSet%209/EFTA00280532.pdf,True,yes,0,0.3,,Video (no speech detected); 0s
EFTA00280533,9,avi,video,12288,0.01,https://www.justice.gov/epstein/files/DataSet%209/EFTA00280533.pdf,False,,,0.0,320x240,Silent surveillance video; 320x240
EFTA00280534,9,avi,video,11264,0.01,https://www.justice.gov/epstein/files/DataSet%209/EFTA00280534.pdf,False,,,0.0,320x240,Silent surveillance video; 320x240
EFTA00280535,9,avi,video,11264,0.01,https://www.justice.gov/epstein/files/DataSet%209/EFTA00280535.pdf,False,,,0.1,320x240,Silent surveillance video; 320x240; 0s
EFTA00280536,9,avi,video,278528,0.27,https://www.justice.gov/epstein/files/DataSet%209/EFTA00280536.pdf,False,,,0.1,320x240,Silent surveillance video; 320x240; 0s
EFTA00280537,9,avi,video,14336,0.01,https://www.justice.gov/epstein/files/DataSet%209/EFTA00280537.pdf,False,,,0.1,320x240,Silent surveillance video; 320x240; 0s
EFTA00280538,9,avi,video,25088,0.02,https://www.justice.gov/epstein/files/DataSet%209/EFTA00280538.pdf,False,,,0.1,320x240,Silent surveillance video; 320x240; 0s
EFTA00280539,9,avi,video,15872,0.02,https://www.justice.gov/epstein/files/DataSet%209/EFTA00280539.pdf,False,,,0.2,320x240,Silent surveillance video; 320x240; 0s
EFTA00280540,9,avi,video,9216,0.01,https://www.justice.gov/epstein/files/DataSet%209/EFTA00280540.pdf,False,,,0.1,320x240,Silent surveillance video; 320x240; 0s
EFTA00280541,9,avi,video,14336,0.01,https://www.justice.gov/epstein/files/DataSet%209/EFTA00280541.pdf,False,,,0.1,320x240,Silent surveillance video; 320x240; 0s
EFTA00280542,9,avi,video,133632,0.13,https://www.justice.gov/epstein/files/DataSet%209/EFTA00280542.pdf,False,,,0.1,320x240,Silent surveillance video; 320x240; 0s
EFTA00280543,9,avi,video,20992,0.02,https://www.justice.gov/epstein/files/DataSet%209/EFTA00280543.pdf,False,,,0.3,320x240,Silent surveillance video; 320x240; 0s
EFTA00280544,9,avi,video,50688,0.05,https://www.justice.gov/epstein/files/DataSet%209/EFTA00280544.pdf,False,,,0.8,320x240,Silent surveillance video; 320x240; 1s
EFTA00280545,9,avi,video,15360,0.01,https://www.justice.gov/epstein/files/DataSet%209/EFTA00280545.pdf,False,,,0.0,320x240,Silent surveillance video; 320x240
EFTA00280546,9,avi,video,16384,0.02,https://www.justice.gov/epstein/files/DataSet%209/EFTA00280546.pdf,False,,,0.0,320x240,Silent surveillance video; 320x240
EFTA00280547,9,avi,video,29696,0.03,https://www.justice.gov/epstein/files/DataSet%209/EFTA00280547.pdf,False,,,0.0,320x240,Silent surveillance video; 320x240
EFTA00280548,9,avi,video,28160,0.03,https://www.justice.gov/epstein/files/DataSet%209/EFTA00280548.pdf,False,,,0.0,320x240,Silent surveillance video; 320x240
EFTA00280549,9,avi,video,30720,0.03,https://www.justice.gov/epstein/files/DataSet%209/EFTA00280549.pdf,False,,,0.1,320x240,Silent surveillance video; 320x240; 0s
EFTA00280550,9,avi,video,29184,0.03,https://www.justice.gov/epstein/files/DataSet%209/EFTA00280550.pdf,False,,,0.0,320x240,Silent surveillance video; 320x240
EFTA00280551,9,avi,video,15872,0.02,https://www.justice.gov/epstein/files/DataSet%209/EFTA00280551.pdf,False,,,0.0,320x240,Silent surveillance video; 320x240
EFTA00280552,9,avi,video,15360,0.01,https://www.justice.gov/epstein/files/DataSet%209/EFTA00280552.pdf,False,,,0.0,320x240,Silent surveillance video; 320x240
EFTA00280553,9,avi,video,53248,0.05,https://www.justice.gov/epstein/files/DataSet%209/EFTA00280553.pdf,False,,,0.0,320x240,Silent surveillance video; 320x240
EFTA00280554,9,avi,video,28672,0.03,https://www.justice.gov/epstein/files/DataSet%209/EFTA00280554.pdf,False,,,0.1,320x240,Silent surveillance video; 320x240; 0s
EFTA00280555,9,avi,video,68096,0.06,https://www.justice.gov/epstein/files/DataSet%209/EFTA00280555.pdf,False,,,0.0,320x240,Silent surveillance video; 320x240
EFTA00280556,9,avi,video,16896,0.02,https://www.justice.gov/epstein/files/DataSet%209/EFTA00280556.pdf,False,,,0.0,320x240,Silent surveillance video; 320x240
EFTA00280557,9,avi,video,40448,0.04,https://www.justice.gov/epstein/files/DataSet%209/EFTA00280557.pdf,False,,,0.1,320x240,Silent surveillance video; 320x240; 0s
EFTA00280558,9,avi,video,14848,0.01,https://www.justice.gov/epstein/files/DataSet%209/EFTA00280558.pdf,False,,,0.1,320x240,Silent surveillance video; 320x240; 0s
EFTA00280559,9,avi,video,12800,0.01,https://www.justice.gov/epstein/files/DataSet%209/EFTA00280559.pdf,False,,,0.0,320x240,Silent surveillance video; 320x240
EFTA00280560,9,avi,video,13312,0.01,https://www.justice.gov/epstein/files/DataSet%209/EFTA00280560.pdf,False,,,0.0,320x240,Silent surveillance video; 320x240
EFTA00280561,9,avi,video,33792,0.03,https://www.justice.gov/epstein/files/DataSet%209/EFTA00280561.pdf,False,,,0.1,320x240,Silent surveillance video; 320x240; 0s
EFTA00280562,9,avi,video,11776,0.01,https://www.justice.gov/epstein/files/DataSet%209/EFTA00280562.pdf,False,,,0.0,320x240,Silent surveillance video; 320x240
EFTA00280563,9,avi,video,13312,0.01,https://www.justice.gov/epstein/files/DataSet%209/EFTA00280563.pdf,False,,,0.1,320x240,Silent surveillance video; 320x240; 0s
EFTA00280564,9,avi,video,10240,0.01,https://www.justice.gov/epstein/files/DataSet%209/EFTA00280564.pdf,False,,,0,,Video file
EFTA00280565,9,avi,video,12800,0.01,https://www.justice.gov/epstein/files/DataSet%209/EFTA00280565.pdf,False,,,0.2,320x240,Silent surveillance video; 320x240; 0s
EFTA00280566,9,avi,video,73728,0.07,https://www.justice.gov/epstein/files/DataSet%209/EFTA00280566.pdf,False,,,0,,Video file
EFTA00280567,9,avi,video,26624,0.03,https://www.justice.gov/epstein/files/DataSet%209/EFTA00280567.pdf,False,,,0,,Video file
EFTA00280568,9,avi,video,14336,0.01,https://www.justice.gov/epstein/files/DataSet%209/EFTA00280568.pdf,False,,,0,,Video file
EFTA00280569,9,avi,video,53760,0.05,https://www.justice.gov/epstein/files/DataSet%209/EFTA00280569.pdf,False,,,0,,Video file
EFTA00280570,9,avi,video,22528,0.02,https://www.justice.gov/epstein/files/DataSet%209/EFTA00280570.pdf,False,,,0,,Video file
EFTA00280571,9,avi,video,10752,0.01,https://www.justice.gov/epstein/files/DataSet%209/EFTA00280571.pdf,False,,,0,,Video file
EFTA00280572,9,avi,video,10240,0.01,https://www.justice.gov/epstein/files/DataSet%209/EFTA00280572.pdf,False,,,0,,Video file
EFTA00280573,9,avi,video,14848,0.01,https://www.justice.gov/epstein/files/DataSet%209/EFTA00280573.pdf,False,,,0,,Video file
EFTA00280574,9,avi,video,14336,0.01,https://www.justice.gov/epstein/files/DataSet%209/EFTA00280574.pdf,False,,,0,,Video file
EFTA00280575,9,avi,video,8704,0.01,https://www.justice.gov/epstein/files/DataSet%209/EFTA00280575.pdf,False,,,0,,Video file
EFTA00280576,9,avi,video,13824,0.01,https://www.justice.gov/epstein/files/DataSet%209/EFTA00280576.pdf,False,,,0,,Video file
EFTA00280577,9,avi,video,14336,0.01,https://www.justice.gov/epstein/files/DataSet%209/EFTA00280577.pdf,False,,,0,,Video file
EFTA00280578,9,avi,video,12800,0.01,https://www.justice.gov/epstein/files/DataSet%209/EFTA00280578.pdf,False,,,0,,Video file
EFTA00280579,9,avi,video,137728,0.13,https://www.justice.gov/epstein/files/DataSet%209/EFTA00280579.pdf,False,,,0,,Video file
EFTA00280580,9,avi,video,13312,0.01,https://www.justice.gov/epstein/files/DataSet%209/EFTA00280580.pdf,False,,,0,,Video file
EFTA00280581,9,avi,video,171008,0.16,https://www.justice.gov/epstein/files/DataSet%209/EFTA00280581.pdf,False,,,0,,Video file
EFTA00280582,9,avi,video,35840,0.03,https://www.justice.gov/epstein/files/DataSet%209/EFTA00280582.pdf,False,,,0,,Video file
EFTA00280583,9,avi,video,117248,0.11,https://www.justice.gov/epstein/files/DataSet%209/EFTA00280583.pdf,False,,,0,,Video file
EFTA00280584,9,avi,video,13824,0.01,https://www.justice.gov/epstein/files/DataSet%209/EFTA00280584.pdf,False,,,0,,Video file
EFTA00280585,9,avi,video,19968,0.02,https://www.justice.gov/epstein/files/DataSet%209/EFTA00280585.pdf,False,,,0.1,320x240,Silent surveillance video; 320x240; 0s
EFTA00280586,9,avi,video,80384,0.08,https://www.justice.gov/epstein/files/DataSet%209/EFTA00280586.pdf,False,,,0.1,320x240,Silent surveillance video; 320x240; 0s
EFTA00280587,9,avi,video,11264,0.01,https://www.justice.gov/epstein/files/DataSet%209/EFTA00280587.pdf,False,,,0.1,320x240,Silent surveillance video; 320x240; 0s
EFTA00280588,9,avi,video,14848,0.01,https://www.justice.gov/epstein/files/DataSet%209/EFTA00280588.pdf,False,,,0.2,320x240,Silent surveillance video; 320x240; 0s
EFTA00280589,9,avi,video,747008,0.71,https://www.justice.gov/epstein/files/DataSet%209/EFTA00280589.pdf,False,,,0.0,320x240,Silent surveillance video; 320x240
EFTA00280590,9,avi,video,14848,0.01,https://www.justice.gov/epstein/files/DataSet%209/EFTA00280590.pdf,False,,,0.0,320x240,Silent surveillance video; 320x240
EFTA00280591,9,avi,video,21504,0.02,https://www.justice.gov/epstein/files/DataSet%209/EFTA00280591.pdf,False,,,0.1,320x240,Silent surveillance video; 320x240; 0s
EFTA00280592,9,avi,video,15360,0.01,https://www.justice.gov/epstein/files/DataSet%209/EFTA00280592.pdf,False,,,0.0,320x240,Silent surveillance video; 320x240
EFTA00280593,9,avi,video,36864,0.04,https://www.justice.gov/epstein/files/DataSet%209/EFTA00280593.pdf,False,,,0.0,320x240,Silent surveillance video; 320x240
EFTA00280594,9,avi,video,57344,0.05,https://www.justice.gov/epstein/files/DataSet%209/EFTA00280594.pdf,False,,,0.0,320x240,Silent surveillance video; 320x240
EFTA00280595,9,avi,video,16384,0.02,https://www.justice.gov/epstein/files/DataSet%209/EFTA00280595.pdf,False,,,0.0,320x240,Silent surveillance video; 320x240
