EFTA00128588,9,mp4,video,16073643,15.33,https://www.justice.gov/epstein/files/DataSet%209/EFTA00128588.pdf,,yes,0,3562.0,,Video (no speech detected); 59.4min
EFTA00128589,9,mp4,video,15434300,14.72,https://www.justice.gov/epstein/files/DataSet%209/EFTA00128589.pdf,,yes,0,3562.0,,Video (no speech detected); 59.4min
EFTA00128590,9,mp4,video,15601226,14.88,https://www.justice.gov/epstein/files/DataSet%209/EFTA00128590.pdf,,yes,0,3624.5,,Video (no speech detected); 1.0h
EFTA00128591,9,mp4,video,13526427,12.9,https://www.justice.gov/epstein/files/DataSet%209/EFTA00128591.pdf,,yes,0,3624.5,,Video (no speech detected); 1.0h
EFTA00128592,9,mp4,video,13995814,13.35,https://www.justice.gov/epstein/files/DataSet%209/EFTA00128592.pdf,,yes,0,3624.5,,Video (no speech detected); 1.0h
EFTA00128593,9,mp4,video,14338264,13.67,https://www.justice.gov/epstein/files/DataSet%209/EFTA00128593.pdf,,yes,0,3624.5,,Video (no speech detected); 1.0h
EFTA00128594,9,mp4,video,14989923,14.3,https://www.justice.gov/epstein/files/DataSet%209/EFTA00128594.pdf,True,,,3625.0,352x240,Silent surveillance video; 352x240; 1.0h
EFTA00128595,9,mp4,video,15176052,14.47,https://www.justice.gov/epstein/files/DataSet%209/EFTA00128595.pdf,True,,,3625.0,352x240,Silent surveillance video; 352x240; 1.0h
EFTA00128596,9,mp4,video,14941405,14.25,https://www.justice.gov/epstein/files/DataSet%209/EFTA00128596.pdf,True,,,3625.0,352x240,Silent surveillance video; 352x240; 1.0h
EFTA00128597,9,mp4,video,16788871,16.01,https://www.justice.gov/epstein/files/DataSet%209/EFTA00128597.pdf,True,,,3625.0,352x240,Silent surveillance video; 352x240; 1.0h
EFTA00128598,9,mp4,video,14959462,14.27,https://www.justice.gov/epstein/files/DataSet%209/EFTA00128598.pdf,True,yes,0,3591.2,352x240,Video (no speech detected); 352x240; 59.9min
EFTA00128599,9,mp4,video,16090144,15.34,https://www.justice.gov/epstein/files/DataSet%209/EFTA00128599.pdf,True,,,3625.0,352x240,Silent surveillance video; 352x240; 1.0h
EFTA00128600,9,mp4,video,15410085,14.7,https://www.justice.gov/epstein/files/DataSet%209/EFTA00128600.pdf,True,yes,0,3562.5,352x240,Video (no speech detected); 352x240; 59.4min
EFTA00128601,9,mp4,video,15663386,14.94,https://www.justice.gov/epstein/files/DataSet%209/EFTA00128601.pdf,True,,,3625.0,352x240,Silent surveillance video; 352x240; 1.0h
EFTA00128602,9,mp4,video,15292070,14.58,https://www.justice.gov/epstein/files/DataSet%209/EFTA00128602.pdf,True,yes,0,3562.5,352x240,Video (no speech detected); 352x240; 59.4min
EFTA00128603,9,mp4,video,14945938,14.25,https://www.justice.gov/epstein/files/DataSet%209/EFTA00128603.pdf,True,yes,0,3562.5,352x240,Video (no speech detected); 352x240; 59.4min
EFTA00128604,9,mp4,video,15026732,14.33,https://www.justice.gov/epstein/files/DataSet%209/EFTA00128604.pdf,True,yes,0,3562.5,352x240,Video (no speech detected); 352x240; 59.4min
EFTA00128605,9,mp4,video,15318589,14.61,https://www.justice.gov/epstein/files/DataSet%209/EFTA00128605.pdf,True,,,3625.0,352x240,Silent surveillance video; 352x240; 1.0h
EFTA00128606,9,mp4,video,14692510,14.01,https://www.justice.gov/epstein/files/DataSet%209/EFTA00128606.pdf,True,,,3625.0,352x240,Silent surveillance video; 352x240; 1.0h
EFTA00128607,9,mp4,video,14473656,13.8,https://www.justice.gov/epstein/files/DataSet%209/EFTA00128607.pdf,True,,,3625.0,352x240,Silent surveillance video; 352x240; 1.0h
EFTA00128608,9,mp4,video,15404703,14.69,https://www.justice.gov/epstein/files/DataSet%209/EFTA00128608.pdf,True,yes,0,3562.5,352x240,Video (no speech detected); 352x240; 59.4min
EFTA00128609,9,mp4,video,15706112,14.98,https://www.justice.gov/epstein/files/DataSet%209/EFTA00128609.pdf,True,,,3625.0,352x240,Silent surveillance video; 352x240; 1.0h
EFTA00128610,9,mp4,video,14979188,14.29,https://www.justice.gov/epstein/files/DataSet%209/EFTA00128610.pdf,True,yes,0,3591.2,352x240,Video (no speech detected); 352x240; 59.9min
EFTA00128611,9,mp4,video,14847629,14.16,https://www.justice.gov/epstein/files/DataSet%209/EFTA00128611.pdf,True,yes,0,3562.5,352x240,Video (no speech detected); 352x240; 59.4min
EFTA00128612,9,mp4,video,15779817,15.05,https://www.justice.gov/epstein/files/DataSet%209/EFTA00128612.pdf,True,,,3625.0,352x240,Silent surveillance video; 352x240; 1.0h
EFTA00128613,9,mp4,video,15527289,14.81,https://www.justice.gov/epstein/files/DataSet%209/EFTA00128613.pdf,True,,,3625.0,352x240,Silent surveillance video; 352x240; 1.0h
EFTA00128614,9,mp4,video,13387811,12.77,https://www.justice.gov/epstein/files/DataSet%209/EFTA00128614.pdf,True,yes,0,3562.5,352x240,Video (no speech detected); 352x240; 59.4min
EFTA00128615,9,mp4,video,13609834,12.98,https://www.justice.gov/epstein/files/DataSet%209/EFTA00128615.pdf,True,,,3625.0,352x240,Silent surveillance video; 352x240; 1.0h
EFTA00128616,9,mp4,video,13691949,13.06,https://www.justice.gov/epstein/files/DataSet%209/EFTA00128616.pdf,True,,,3625.0,352x240,Silent surveillance video; 352x240; 1.0h
EFTA00128617,9,mp4,video,14308731,13.65,https://www.justice.gov/epstein/files/DataSet%209/EFTA00128617.pdf,True,,,3625.0,352x240,Silent surveillance video; 352x240; 1.0h
EFTA00128618,9,mp4,video,15105239,14.41,https://www.justice.gov/epstein/files/DataSet%209/EFTA00128618.pdf,True,,,3625.0,352x240,Silent surveillance video; 352x240; 1.0h
EFTA00128619,9,mp4,video,15364756,14.65,https://www.justice.gov/epstein/files/DataSet%209/EFTA00128619.pdf,True,,,3625.0,352x240,Silent surveillance video; 352x240; 1.0h
EFTA00128620,9,mp4,video,15494844,14.78,https://www.justice.gov/epstein/files/DataSet%209/EFTA00128620.pdf,True,,,3625.0,352x240,Silent surveillance video; 352x240; 1.0h
EFTA00128621,9,mp4,video,15586181,14.86,https://www.justice.gov/epstein/files/DataSet%209/EFTA00128621.pdf,True,yes,0,3562.5,352x240,Video (no speech detected); 352x240; 59.4min
EFTA00128622,9,mp4,video,16149126,15.4,https://www.justice.gov/epstein/files/DataSet%209/EFTA00128622.pdf,True,,,3625.0,352x240,Silent surveillance video; 352x240; 1.0h
EFTA00128623,9,mp4,video,15113403,14.41,https://www.justice.gov/epstein/files/DataSet%209/EFTA00128623.pdf,True,yes,0,3562.5,352x240,Video (no speech detected); 352x240; 59.4min
EFTA00128624,9,mp4,video,15269640,14.56,https://www.justice.gov/epstein/files/DataSet%209/EFTA00128624.pdf,True,,,3625.0,352x240,Silent surveillance video; 352x240; 1.0h
EFTA00128625,9,mp4,video,15586313,14.86,https://www.justice.gov/epstein/files/DataSet%209/EFTA00128625.pdf,True,,,3625.0,352x240,Silent surveillance video; 352x240; 1.0h
EFTA00128626,9,mp4,video,1757766,1.68,https://www.justice.gov/epstein/files/DataSet%209/EFTA00128626.pdf,True,yes,0,446.8,352x240,Video (no speech detected); 352x240; 7.4min
EFTA00135578,9,m4a,audio,12244040,11.68,https://www.justice.gov/epstein/files/DataSet%209/EFTA00135578.pdf,True,yes,2046,765.8,,Audio recording (2046 words transcribed); 12.8min
EFTA00137534,9,mp4,video,24992469,23.83,https://www.justice.gov/epstein/files/DataSet%209/EFTA00137534.pdf,True,,,3614.8,352x240,Silent surveillance video; 352x240; 1.0h
EFTA00137535,9,mp4,video,24423052,23.29,https://www.justice.gov/epstein/files/DataSet%209/EFTA00137535.pdf,True,,,3625.0,352x240,Silent surveillance video; 352x240; 1.0h
EFTA00137536,9,mp4,video,24623404,23.48,https://www.justice.gov/epstein/files/DataSet%209/EFTA00137536.pdf,True,,,3607.5,352x240,Silent surveillance video; 352x240; 1.0h
EFTA00137537,9,mp4,video,24742167,23.6,https://www.justice.gov/epstein/files/DataSet%209/EFTA00137537.pdf,True,,,3607.5,352x240,Silent surveillance video; 352x240; 1.0h
EFTA00137538,9,mp4,video,23570804,22.48,https://www.justice.gov/epstein/files/DataSet%209/EFTA00137538.pdf,True,yes,0,3562.5,352x240,Video (no speech detected); 352x240; 59.4min
EFTA00137539,9,mp4,video,24677148,23.53,https://www.justice.gov/epstein/files/DataSet%209/EFTA00137539.pdf,True,,,3625.0,352x240,Silent surveillance video; 352x240; 1.0h
EFTA00137540,9,mp4,video,24509721,23.37,https://www.justice.gov/epstein/files/DataSet%209/EFTA00137540.pdf,True,,,3625.0,352x240,Silent surveillance video; 352x240; 1.0h
EFTA00137541,9,mp4,video,19866309,18.95,https://www.justice.gov/epstein/files/DataSet%209/EFTA00137541.pdf,True,yes,0,3553.2,352x240,Video (no speech detected); 352x240; 59.2min
EFTA00137542,9,mp4,video,20222150,19.29,https://www.justice.gov/epstein/files/DataSet%209/EFTA00137542.pdf,True,yes,0,3562.5,352x240,Video (no speech detected); 352x240; 59.4min
EFTA00137543,9,mp4,video,23425567,22.34,https://www.justice.gov/epstein/files/DataSet%209/EFTA00137543.pdf,True,yes,0,3562.5,352x240,Video (no speech detected); 352x240; 59.4min
EFTA00137544,9,mp4,video,28522015,27.2,https://www.justice.gov/epstein/files/DataSet%209/EFTA00137544.pdf,True,,,3625.0,352x240,Silent surveillance video; 352x240; 1.0h
EFTA00137545,9,mp4,video,23400868,22.32,https://www.justice.gov/epstein/files/DataSet%209/EFTA00137545.pdf,True,yes,0,3562.5,352x240,Video (no speech detected); 352x240; 59.4min
EFTA00137546,9,mp4,video,23451350,22.36,https://www.justice.gov/epstein/files/DataSet%209/EFTA00137546.pdf,True,,,3625.0,352x240,Silent surveillance video; 352x240; 1.0h
EFTA00137547,9,mp4,video,27340686,26.07,https://www.justice.gov/epstein/files/DataSet%209/EFTA00137547.pdf,True,yes,0,3562.5,352x240,Video (no speech detected); 352x240; 59.4min
EFTA00137548,9,mp4,video,23396571,22.31,https://www.justice.gov/epstein/files/DataSet%209/EFTA00137548.pdf,True,yes,0,3562.5,352x240,Video (no speech detected); 352x240; 59.4min
EFTA00137549,9,mp4,video,23682806,22.59,https://www.justice.gov/epstein/files/DataSet%209/EFTA00137549.pdf,True,,,3625.0,352x240,Silent surveillance video; 352x240; 1.0h
EFTA00137550,9,mp4,video,24666511,23.52,https://www.justice.gov/epstein/files/DataSet%209/EFTA00137550.pdf,True,yes,0,3562.5,352x240,Video (no speech detected); 352x240; 59.4min
EFTA00137551,9,mp4,video,29066179,27.72,https://www.justice.gov/epstein/files/DataSet%209/EFTA00137551.pdf,True,,,3625.0,352x240,Silent surveillance video; 352x240; 1.0h
EFTA00137552,9,mp4,video,24828382,23.68,https://www.justice.gov/epstein/files/DataSet%209/EFTA00137552.pdf,True,,,3625.0,352x240,Silent surveillance video; 352x240; 1.0h
EFTA00137553,9,mp4,video,23698257,22.6,https://www.justice.gov/epstein/files/DataSet%209/EFTA00137553.pdf,True,,,3625.0,352x240,Silent surveillance video; 352x240; 1.0h
EFTA00137554,9,mp4,video,23779577,22.68,https://www.justice.gov/epstein/files/DataSet%209/EFTA00137554.pdf,True,yes,0,3562.5,352x240,Video (no speech detected); 352x240; 59.4min
EFTA00137555,9,mp4,video,24894090,23.74,https://www.justice.gov/epstein/files/DataSet%209/EFTA00137555.pdf,True,,,3625.0,352x240,Silent surveillance video; 352x240; 1.0h
EFTA00137556,9,mp4,video,23239816,22.16,https://www.justice.gov/epstein/files/DataSet%209/EFTA00137556.pdf,True,yes,0,3562.5,352x240,Video (no speech detected); 352x240; 59.4min
EFTA00137557,9,mp4,video,24819681,23.67,https://www.justice.gov/epstein/files/DataSet%209/EFTA00137557.pdf,True,yes,0,3562.5,352x240,Video (no speech detected); 352x240; 59.4min
EFTA00137558,9,mp4,video,23059785,21.99,https://www.justice.gov/epstein/files/DataSet%209/EFTA00137558.pdf,True,yes,0,3562.5,352x240,Video (no speech detected); 352x240; 59.4min
EFTA00137559,9,mp4,video,24750204,23.6,https://www.justice.gov/epstein/files/DataSet%209/EFTA00137559.pdf,True,yes,0,3562.5,352x240,Video (no speech detected); 352x240; 59.4min
EFTA00137560,9,mp4,video,24146114,23.03,https://www.justice.gov/epstein/files/DataSet%209/EFTA00137560.pdf,True,,,3625.0,352x240,Silent surveillance video; 352x240; 1.0h
EFTA00137561,9,mp4,video,23307495,22.23,https://www.justice.gov/epstein/files/DataSet%209/EFTA00137561.pdf,True,yes,0,3562.5,352x240,Video (no speech detected); 352x240; 59.4min
EFTA00137562,9,mp4,video,23833923,22.73,https://www.justice.gov/epstein/files/DataSet%209/EFTA00137562.pdf,True,,,3625.0,352x240,Silent surveillance video; 352x240; 1.0h
EFTA00137563,9,mp4,video,23845777,22.74,https://www.justice.gov/epstein/files/DataSet%209/EFTA00137563.pdf,True,,,3625.0,352x240,Silent surveillance video; 352x240; 1.0h
EFTA00137564,9,mp4,video,23163257,22.09,https://www.justice.gov/epstein/files/DataSet%209/EFTA00137564.pdf,True,,,3625.0,352x240,Silent surveillance video; 352x240; 1.0h
EFTA00137565,9,mp4,video,24067996,22.95,https://www.justice.gov/epstein/files/DataSet%209/EFTA00137565.pdf,True,,,3625.0,352x240,Silent surveillance video; 352x240; 1.0h
EFTA00137566,9,mp4,video,24769058,23.62,https://www.justice.gov/epstein/files/DataSet%209/EFTA00137566.pdf,True,yes,0,3562.5,352x240,Video (no speech detected); 352x240; 59.4min
EFTA00137567,9,mp4,video,22338280,21.3,https://www.justice.gov/epstein/files/DataSet%209/EFTA00137567.pdf,True,yes,0,3562.5,352x240,Video (no speech detected); 352x240; 59.4min
EFTA00137568,9,mp4,video,23241410,22.16,https://www.justice.gov/epstein/files/DataSet%209/EFTA00137568.pdf,True,,,3625.0,352x240,Silent surveillance video; 352x240; 1.0h
EFTA00137569,9,mp4,video,20818572,19.85,https://www.justice.gov/epstein/files/DataSet%209/EFTA00137569.pdf,True,yes,0,3591.5,352x240,Video (no speech detected); 352x240; 59.9min
EFTA00137570,9,mp4,video,22248026,21.22,https://www.justice.gov/epstein/files/DataSet%209/EFTA00137570.pdf,True,,,3625.0,352x240,Silent surveillance video; 352x240; 1.0h
EFTA00137571,9,mp4,video,19605260,18.7,https://www.justice.gov/epstein/files/DataSet%209/EFTA00137571.pdf,True,yes,0,3562.5,352x240,Video (no speech detected); 352x240; 59.4min
EFTA00141271,9,unknown,unknown,,,https://www.justice.gov/epstein/files/DataSet%209/EFTA00141271.pdf,,,,,,No Images Produced — native file type unknown
EFTA00143411,9,m4a,audio,11349610,10.82,https://www.justice.gov/epstein/files/DataSet%209/EFTA00143411.pdf,True,yes,1151,699.5,,Audio recording (1151 words transcribed); 11.7min
EFTA00143735,9,m4a,audio,22330513,21.3,https://www.justice.gov/epstein/files/DataSet%209/EFTA00143735.pdf,True,yes,3410,1380.9,,Audio recording (3410 words transcribed); 23.0min
EFTA00143819,9,mp4,video,1750090,1.67,https://www.justice.gov/epstein/files/DataSet%209/EFTA00143819.pdf,True,yes,0,8.4,848x480,Video (no speech detected); 848x480; 8s
EFTA00151167,9,m4a,audio,1796437,1.71,https://www.justice.gov/epstein/files/DataSet%209/EFTA00151167.pdf,True,yes,212,112.4,,Audio recording (212 words transcribed); 1.9min
EFTA00151168,9,m4a,audio,1794420,1.71,https://www.justice.gov/epstein/files/DataSet%209/EFTA00151168.pdf,True,yes,215,113.1,,Audio recording (215 words transcribed); 1.9min
EFTA00151169,9,m4a,audio,1661466,1.58,https://www.justice.gov/epstein/files/DataSet%209/EFTA00151169.pdf,True,yes,217,105.6,,Audio recording (217 words transcribed); 1.8min
EFTA00152684,9,m4a,audio,1588504,1.51,https://www.justice.gov/epstein/files/DataSet%209/EFTA00152684.pdf,True,yes,240,101.0,,Audio recording (240 words transcribed); 1.7min
EFTA00152685,9,m4a,audio,385181,0.37,https://www.justice.gov/epstein/files/DataSet%209/EFTA00152685.pdf,True,yes,56,24.2,,Audio recording (56 words transcribed); 24s
EFTA00152686,9,m4a,audio,891907,0.85,https://www.justice.gov/epstein/files/DataSet%209/EFTA00152686.pdf,True,yes,103,57.2,,Audio recording (103 words transcribed); 57s
EFTA00152687,9,m4a,audio,723938,0.69,https://www.justice.gov/epstein/files/DataSet%209/EFTA00152687.pdf,True,yes,119,44.6,,Audio recording (119 words transcribed); 45s
EFTA00152688,9,m4a,audio,302877,0.29,https://www.justice.gov/epstein/files/DataSet%209/EFTA00152688.pdf,True,yes,37,19.0,,Audio recording (37 words transcribed); 19s
EFTA00152689,9,m4a,audio,1773870,1.69,https://www.justice.gov/epstein/files/DataSet%209/EFTA00152689.pdf,True,yes,294,111.8,,Audio recording (294 words transcribed); 1.9min
EFTA00152690,9,m4a,audio,231223,0.22,https://www.justice.gov/epstein/files/DataSet%209/EFTA00152690.pdf,True,yes,19,17.2,,Audio recording (19 words transcribed); 17s
EFTA00152691,9,m4a,audio,855131,0.82,https://www.justice.gov/epstein/files/DataSet%209/EFTA00152691.pdf,True,yes,133,53.0,,Audio recording (133 words transcribed); 53s
EFTA00152692,9,m4a,audio,285635,0.27,https://www.justice.gov/epstein/files/DataSet%209/EFTA00152692.pdf,True,yes,39,18.2,,Audio recording (39 words transcribed); 18s
EFTA00155437,9,wav,audio,278348,0.27,https://www.justice.gov/epstein/files/DataSet%209/EFTA00155437.pdf,True,yes,183,68.6,,Audio recording (183 words transcribed); 1.1min
EFTA00155484,9,m4a,audio,627920,0.6,https://www.justice.gov/epstein/files/DataSet%209/EFTA00155484.pdf,True,yes,94,40.6,,Audio recording (94 words transcribed); 41s
EFTA00155485,9,m4a,audio,413571,0.39,https://www.justice.gov/epstein/files/DataSet%209/EFTA00155485.pdf,True,yes,60,27.1,,Audio recording (60 words transcribed); 27s
EFTA00155486,9,m4a,audio,788126,0.75,https://www.justice.gov/epstein/files/DataSet%209/EFTA00155486.pdf,True,yes,112,51.4,,Audio recording (112 words transcribed); 51s
EFTA00155488,9,m4a,audio,1015001,0.97,https://www.justice.gov/epstein/files/DataSet%209/EFTA00155488.pdf,True,yes,122,66.6,,Audio recording (122 words transcribed); 1.1min
EFTA00155489,9,m4a,audio,435920,0.42,https://www.justice.gov/epstein/files/DataSet%209/EFTA00155489.pdf,True,yes,52,28.2,,Audio recording (52 words transcribed); 28s
EFTA00155490,9,m4a,audio,1343902,1.28,https://www.justice.gov/epstein/files/DataSet%209/EFTA00155490.pdf,True,yes,188,87.7,,Audio recording (188 words transcribed); 1.5min
EFTA00155551,9,m4a,audio,62229,0.06,https://www.justice.gov/epstein/files/DataSet%209/EFTA00155551.pdf,True,yes,4,7.5,,Audio recording (4 words transcribed); 8s
EFTA00155552,9,wav,audio,190344,0.18,https://www.justice.gov/epstein/files/DataSet%209/EFTA00155552.pdf,True,yes,116,46.9,,Audio recording (116 words transcribed); 47s
EFTA00155553,9,wav,audio,206565,0.2,https://www.justice.gov/epstein/files/DataSet%209/EFTA00155553.pdf,True,yes,128,50.9,,Audio recording (128 words transcribed); 51s
EFTA00155554,9,wav,audio,225707,0.22,https://www.justice.gov/epstein/files/DataSet%209/EFTA00155554.pdf,True,yes,94,55.6,,Audio recording (94 words transcribed); 56s
EFTA00157542,9,m4a,audio,3989122,3.8,https://www.justice.gov/epstein/files/DataSet%209/EFTA00157542.pdf,True,yes,427,246.6,,Audio recording (427 words transcribed); 4.1min
EFTA00159164,9,m4a,audio,1015001,0.97,https://www.justice.gov/epstein/files/DataSet%209/EFTA00159164.pdf,True,yes,122,66.6,,Audio recording (122 words transcribed); 1.1min
EFTA00164286,9,wav,audio,1544513,1.47,https://www.justice.gov/epstein/files/DataSet%209/EFTA00164286.pdf,True,yes,2374,950.4,,Audio recording (2374 words transcribed); 15.8min
EFTA00164287,9,wav,audio,1518188,1.45,https://www.justice.gov/epstein/files/DataSet%209/EFTA00164287.pdf,True,yes,2550,934.2,,Audio recording (2550 words transcribed); 15.6min
EFTA00164288,9,wav,audio,788238,0.75,https://www.justice.gov/epstein/files/DataSet%209/EFTA00164288.pdf,True,yes,1445,485.0,,Audio recording (1445 words transcribed); 8.1min
EFTA00164926,9,mp4,video,4799486,4.58,https://www.justice.gov/epstein/files/DataSet%209/EFTA00164926.pdf,False,,,18.4,352x240,Silent surveillance video; 352x240; 18s
EFTA00165150,9,m4v,video,3449028,3.29,https://www.justice.gov/epstein/files/DataSet%209/EFTA00165150.pdf,True,yes,158,88.5,224x480,Video with speech (158 words transcribed); 224x480; 1.5min
EFTA00170247,9,vob,video,64276480,61.3,https://www.justice.gov/epstein/files/DataSet%209/EFTA00170247.pdf,False,,,15.0,720x480,Silent surveillance video; 720x480; 15s
EFTA00170248,9,vob,video,1073709056,1023.97,https://www.justice.gov/epstein/files/DataSet%209/EFTA00170248.pdf,True,yes,1227,1074.6,720x480,Video with speech (1227 words transcribed); 720x480; 17.9min
EFTA00170249,9,vob,video,1073709056,1023.97,https://www.justice.gov/epstein/files/DataSet%209/EFTA00170249.pdf,True,yes,0,1074.6,720x480,Video (no speech detected); 720x480; 17.9min
EFTA00170250,9,vob,video,1073709056,1023.97,https://www.justice.gov/epstein/files/DataSet%209/EFTA00170250.pdf,True,yes,0,1074.8,720x480,Video (no speech detected); 720x480; 17.9min
EFTA00179442,9,m4a,audio,1349569,1.29,https://www.justice.gov/epstein/files/DataSet%209/EFTA00179442.pdf,True,yes,100,83.5,,Audio recording (100 words transcribed); 1.4min
EFTA00179443,9,m4a,audio,1151808,1.1,https://www.justice.gov/epstein/files/DataSet%209/EFTA00179443.pdf,True,yes,129,71.3,,Audio recording (129 words transcribed); 1.2min
EFTA00179444,9,m4a,audio,1604478,1.53,https://www.justice.gov/epstein/files/DataSet%209/EFTA00179444.pdf,True,yes,33,99.6,,Audio recording (33 words transcribed); 1.7min
EFTA00179445,9,m4a,audio,1574750,1.5,https://www.justice.gov/epstein/files/DataSet%209/EFTA00179445.pdf,True,yes,30,97.3,,Audio recording (30 words transcribed); 1.6min
EFTA00179446,9,m4v,video,135747655,129.46,https://www.justice.gov/epstein/files/DataSet%209/EFTA00179446.pdf,True,yes,6067,5018.4,352x480,Video with speech (6067 words transcribed); 352x480; 1.4h
EFTA00182656,9,m4v,video,321875085,306.96,https://www.justice.gov/epstein/files/DataSet%209/EFTA00182656.pdf,True,,,5409.9,720x480,Silent surveillance video; 720x480; 1.5h
EFTA00182657,9,m4v,video,363591744,346.75,https://www.justice.gov/epstein/files/DataSet%209/EFTA00182657.pdf,True,,,6912.1,704x480,Silent surveillance video; 704x480; 1.9h
EFTA00184097,9,m4v,video,2663874,2.54,https://www.justice.gov/epstein/files/DataSet%209/EFTA00184097.pdf,True,yes,0,136.7,1920x1080,Video (no speech detected); 1920x1080; 2.3min
EFTA00184098,9,m4v,video,3293053,3.14,https://www.justice.gov/epstein/files/DataSet%209/EFTA00184098.pdf,True,yes,38,168.1,1920x1080,Video with speech (38 words transcribed); 1920x1080; 2.8min
EFTA00221035,9,m4a,audio,4925544,4.7,https://www.justice.gov/epstein/files/DataSet%209/EFTA00221035.pdf,True,yes,599,300.5,,Audio recording (599 words transcribed); 5.0min
EFTA00221036,9,m4a,audio,4920756,4.69,https://www.justice.gov/epstein/files/DataSet%209/EFTA00221036.pdf,True,yes,570,300.5,,Audio recording (570 words transcribed); 5.0min
EFTA00221037,9,m4a,audio,4920906,4.69,https://www.justice.gov/epstein/files/DataSet%209/EFTA00221037.pdf,True,yes,604,300.5,,Audio recording (604 words transcribed); 5.0min
EFTA00221038,9,m4a,audio,4926229,4.7,https://www.justice.gov/epstein/files/DataSet%209/EFTA00221038.pdf,True,yes,637,300.5,,Audio recording (637 words transcribed); 5.0min
EFTA00221039,9,m4a,audio,4925731,4.7,https://www.justice.gov/epstein/files/DataSet%209/EFTA00221039.pdf,True,yes,579,300.5,,Audio recording (579 words transcribed); 5.0min
EFTA00221040,9,m4a,audio,4934630,4.71,https://www.justice.gov/epstein/files/DataSet%209/EFTA00221040.pdf,True,yes,532,300.5,,Audio recording (532 words transcribed); 5.0min
EFTA00221041,9,m4a,audio,4931178,4.7,https://www.justice.gov/epstein/files/DataSet%209/EFTA00221041.pdf,True,yes,556,300.5,,Audio recording (556 words transcribed); 5.0min
EFTA00221042,9,m4a,audio,4922857,4.69,https://www.justice.gov/epstein/files/DataSet%209/EFTA00221042.pdf,True,yes,638,300.5,,Audio recording (638 words transcribed); 5.0min
EFTA00221043,9,m4a,audio,4932822,4.7,https://www.justice.gov/epstein/files/DataSet%209/EFTA00221043.pdf,True,yes,544,300.5,,Audio recording (544 words transcribed); 5.0min
EFTA00221044,9,m4a,audio,4911908,4.68,https://www.justice.gov/epstein/files/DataSet%209/EFTA00221044.pdf,True,yes,632,300.5,,Audio recording (632 words transcribed); 5.0min
EFTA00221045,9,m4a,audio,4905030,4.68,https://www.justice.gov/epstein/files/DataSet%209/EFTA00221045.pdf,True,yes,592,300.5,,Audio recording (592 words transcribed); 5.0min
EFTA00221046,9,m4a,audio,2937098,2.8,https://www.justice.gov/epstein/files/DataSet%209/EFTA00221046.pdf,True,yes,420,179.5,,Audio recording (420 words transcribed); 3.0min
EFTA00221047,9,m4a,audio,4914621,4.69,https://www.justice.gov/epstein/files/DataSet%209/EFTA00221047.pdf,True,yes,666,300.5,,Audio recording (666 words transcribed); 5.0min
EFTA00221048,9,m4a,audio,4911944,4.68,https://www.justice.gov/epstein/files/DataSet%209/EFTA00221048.pdf,True,yes,566,300.5,,Audio recording (566 words transcribed); 5.0min
EFTA00221049,9,m4a,audio,4885830,4.66,https://www.justice.gov/epstein/files/DataSet%209/EFTA00221049.pdf,True,yes,519,300.5,,Audio recording (519 words transcribed); 5.0min
EFTA00221050,9,m4a,audio,4926218,4.7,https://www.justice.gov/epstein/files/DataSet%209/EFTA00221050.pdf,True,yes,690,300.5,,Audio recording (690 words transcribed); 5.0min
EFTA00221051,9,m4a,audio,340687,0.32,https://www.justice.gov/epstein/files/DataSet%209/EFTA00221051.pdf,True,yes,48,20.9,,Audio recording (48 words transcribed); 21s
EFTA00221052,9,m4a,audio,2105337,2.01,https://www.justice.gov/epstein/files/DataSet%209/EFTA00221052.pdf,True,yes,241,128.6,,Audio recording (241 words transcribed); 2.1min
EFTA00221053,9,m4a,audio,4926807,4.7,https://www.justice.gov/epstein/files/DataSet%209/EFTA00221053.pdf,True,yes,777,300.5,,Audio recording (777 words transcribed); 5.0min
EFTA00221054,9,m4a,audio,4919788,4.69,https://www.justice.gov/epstein/files/DataSet%209/EFTA00221054.pdf,True,yes,547,300.5,,Audio recording (547 words transcribed); 5.0min
EFTA00221055,9,m4a,audio,4911890,4.68,https://www.justice.gov/epstein/files/DataSet%209/EFTA00221055.pdf,True,yes,608,300.5,,Audio recording (608 words transcribed); 5.0min
EFTA00221056,9,m4a,audio,3245015,3.09,https://www.justice.gov/epstein/files/DataSet%209/EFTA00221056.pdf,True,yes,297,198.2,,Audio recording (297 words transcribed); 3.3min
EFTA00221057,9,wav,audio,605996,0.58,https://www.justice.gov/epstein/files/DataSet%209/EFTA00221057.pdf,True,yes,98,50.3,,Audio recording (98 words transcribed); 50s
EFTA00221058,9,m4a,audio,4932284,4.7,https://www.justice.gov/epstein/files/DataSet%209/EFTA00221058.pdf,True,yes,633,300.5,,Audio recording (633 words transcribed); 5.0min
EFTA00221059,9,m4a,audio,1716140,1.64,https://www.justice.gov/epstein/files/DataSet%209/EFTA00221059.pdf,True,yes,164,104.9,,Audio recording (164 words transcribed); 1.7min
EFTA00239786,9,m4v,video,53919290,51.42,https://www.justice.gov/epstein/files/DataSet%209/EFTA00239786.pdf,True,yes,2121,802.8,720x480,Video with speech (2121 words transcribed); 720x480; 13.4min
EFTA00239787,9,m4v,video,55734459,53.15,https://www.justice.gov/epstein/files/DataSet%209/EFTA00239787.pdf,True,yes,1435,904.3,720x480,Video with speech (1435 words transcribed); 720x480; 15.1min
EFTA00239788,9,vob,video,71680,0.07,https://www.justice.gov/epstein/files/DataSet%209/EFTA00239788.pdf,False,,,0.0,720x480,Silent surveillance video; 720x480
EFTA00241270,9,m4a,audio,45338322,43.24,https://www.justice.gov/epstein/files/DataSet%209/EFTA00241270.pdf,True,yes,6764,2794.9,,Audio recording (6764 words transcribed); 46.6min
EFTA00242090,9,vob,video,1073709056,1023.97,https://www.justice.gov/epstein/files/DataSet%209/EFTA00242090.pdf,True,yes,8,9.6,720x480,Video with speech (8 words transcribed); 720x480; 10s
EFTA00276490,9,m4a,audio,2625170,2.5,https://www.justice.gov/epstein/files/DataSet%209/EFTA00276490.pdf,True,yes,296,161.3,,Audio recording (296 words transcribed); 2.7min
EFTA00276494,9,ts,video,,,https://www.justice.gov/epstein/files/DataSet%209/EFTA00276494.pdf,,,,,,
EFTA00276495,9,ts,video,275086676,262.34,https://www.justice.gov/epstein/files/DataSet%209/EFTA00276495.pdf,True,yes,0,604.5,1024x768,Video (no speech detected); 1024x768; 10.1min
EFTA00276756,9,vob,video,1073170432,1023.46,https://www.justice.gov/epstein/files/DataSet%209/EFTA00276756.pdf,True,yes,0,68.7,352x240,Video (no speech detected); 352x240; 1.1min
EFTA00276757,9,vob,video,29089792,27.74,https://www.justice.gov/epstein/files/DataSet%209/EFTA00276757.pdf,True,yes,32,23.7,720x480,Video with speech (32 words transcribed); 720x480; 24s
EFTA00277088,9,m4a,audio,1757698,1.68,https://www.justice.gov/epstein/files/DataSet%209/EFTA00277088.pdf,True,yes,185,108.5,,Audio recording (185 words transcribed); 1.8min
EFTA00277091,9,m4a,audio,403528,0.38,https://www.justice.gov/epstein/files/DataSet%209/EFTA00277091.pdf,True,yes,47,25.3,,Audio recording (47 words transcribed); 25s
EFTA00277094,9,m4a,audio,1825676,1.74,https://www.justice.gov/epstein/files/DataSet%209/EFTA00277094.pdf,True,yes,200,114.0,,Audio recording (200 words transcribed); 1.9min
EFTA00277095,9,m4a,audio,1811045,1.73,https://www.justice.gov/epstein/files/DataSet%209/EFTA00277095.pdf,True,yes,218,114.2,,Audio recording (218 words transcribed); 1.9min
EFTA00277096,9,m4a,audio,1683809,1.61,https://www.justice.gov/epstein/files/DataSet%209/EFTA00277096.pdf,True,yes,182,106.7,,Audio recording (182 words transcribed); 1.8min
EFTA00277098,9,m4a,audio,1257792,1.2,https://www.justice.gov/epstein/files/DataSet%209/EFTA00277098.pdf,True,yes,91,78.8,,Audio recording (91 words transcribed); 1.3min
EFTA00277578,9,vob,video,1073170432,1023.46,https://www.justice.gov/epstein/files/DataSet%209/EFTA00277578.pdf,True,yes,0,135.6,352x240,Video (no speech detected); 352x240; 2.3min
EFTA00277579,9,vob,video,28497920,27.18,https://www.justice.gov/epstein/files/DataSet%209/EFTA00277579.pdf,True,,,95356.1,352x240,Silent surveillance video; 352x240; 26.5h
EFTA00279284,9,avi,video,82944,0.08,https://www.justice.gov/epstein/files/DataSet%209/EFTA00279284.pdf,False,,,4.5,320x240,Silent surveillance video; 320x240; 4s
EFTA00279286,9,avi,video,82944,0.08,https://www.justice.gov/epstein/files/DataSet%209/EFTA00279286.pdf,False,,,4.5,320x240,Silent surveillance video; 320x240; 4s
EFTA00279287,9,avi,video,301056,0.29,https://www.justice.gov/epstein/files/DataSet%209/EFTA00279287.pdf,False,,,5.2,320x240,Silent surveillance video; 320x240; 5s
EFTA00279451,9,m4v,video,,,https://www.justice.gov/epstein/files/DataSet%209/EFTA00279451.pdf,,,,,,
EFTA00279453,9,m4a,audio,,,https://www.justice.gov/epstein/files/DataSet%209/EFTA00279453.pdf,,,,,,
EFTA00279454,9,wav,audio,,,https://www.justice.gov/epstein/files/DataSet%209/EFTA00279454.pdf,,,,,,
EFTA00279473,9,avi,video,,,https://www.justice.gov/epstein/files/DataSet%209/EFTA00279473.pdf,,,,,,
EFTA00279474,9,avi,video,,,https://www.justice.gov/epstein/files/DataSet%209/EFTA00279474.pdf,,,,,,
EFTA00279475,9,avi,video,,,https://www.justice.gov/epstein/files/DataSet%209/EFTA00279475.pdf,,,,,,
EFTA00279476,9,avi,video,,,https://www.justice.gov/epstein/files/DataSet%209/EFTA00279476.pdf,,,,,,
EFTA00279477,9,avi,video,,,https://www.justice.gov/epstein/files/DataSet%209/EFTA00279477.pdf,,,,,,
EFTA00279478,9,avi,video,,,https://www.justice.gov/epstein/files/DataSet%209/EFTA00279478.pdf,,,,,,
EFTA00279479,9,avi,video,15360,0.01,https://www.justice.gov/epstein/files/DataSet%209/EFTA00279479.pdf,False,,,0.0,320x240,Silent surveillance video; 320x240
EFTA00279480,9,avi,video,15872,0.02,https://www.justice.gov/epstein/files/DataSet%209/EFTA00279480.pdf,False,,,0.0,320x240,Silent surveillance video; 320x240
EFTA00279481,9,avi,video,15872,0.02,https://www.justice.gov/epstein/files/DataSet%209/EFTA00279481.pdf,False,,,0.0,320x240,Silent surveillance video; 320x240
EFTA00279482,9,avi,video,16896,0.02,https://www.justice.gov/epstein/files/DataSet%209/EFTA00279482.pdf,False,,,0.0,320x240,Silent surveillance video; 320x240
EFTA00279483,9,avi,video,28160,0.03,https://www.justice.gov/epstein/files/DataSet%209/EFTA00279483.pdf,False,,,0.1,320x240,Silent surveillance video; 320x240; 0s
EFTA00279484,9,avi,video,15360,0.01,https://www.justice.gov/epstein/files/DataSet%209/EFTA00279484.pdf,False,,,0.0,320x240,Silent surveillance video; 320x240
EFTA00279485,9,avi,video,28672,0.03,https://www.justice.gov/epstein/files/DataSet%209/EFTA00279485.pdf,False,,,0.1,320x240,Silent surveillance video; 320x240; 0s
EFTA00279486,9,avi,video,15872,0.02,https://www.justice.gov/epstein/files/DataSet%209/EFTA00279486.pdf,False,,,0.0,320x240,Silent surveillance video; 320x240
EFTA00279487,9,avi,video,28160,0.03,https://www.justice.gov/epstein/files/DataSet%209/EFTA00279487.pdf,False,,,0.1,320x240,Silent surveillance video; 320x240; 0s
EFTA00279488,9,avi,video,15872,0.02,https://www.justice.gov/epstein/files/DataSet%209/EFTA00279488.pdf,False,,,0.0,320x240,Silent surveillance video; 320x240
EFTA00279489,9,avi,video,16384,0.02,https://www.justice.gov/epstein/files/DataSet%209/EFTA00279489.pdf,False,,,0.0,320x240,Silent surveillance video; 320x240
EFTA00279490,9,avi,video,15872,0.02,https://www.justice.gov/epstein/files/DataSet%209/EFTA00279490.pdf,False,,,0.0,320x240,Silent surveillance video; 320x240
EFTA00279491,9,avi,video,15872,0.02,https://www.justice.gov/epstein/files/DataSet%209/EFTA00279491.pdf,False,,,0.0,320x240,Silent surveillance video; 320x240
EFTA00279492,9,avi,video,21504,0.02,https://www.justice.gov/epstein/files/DataSet%209/EFTA00279492.pdf,False,,,0.0,320x240,Silent surveillance video; 320x240
EFTA00279493,9,avi,video,17408,0.02,https://www.justice.gov/epstein/files/DataSet%209/EFTA00279493.pdf,False,,,0.0,320x240,Silent surveillance video; 320x240
EFTA00279494,9,avi,video,13824,0.01,https://www.justice.gov/epstein/files/DataSet%209/EFTA00279494.pdf,False,,,0.0,320x240,Silent surveillance video; 320x240
EFTA00279495,9,avi,video,21504,0.02,https://www.justice.gov/epstein/files/DataSet%209/EFTA00279495.pdf,False,,,0.0,320x240,Silent surveillance video; 320x240
EFTA00279496,9,avi,video,23040,0.02,https://www.justice.gov/epstein/files/DataSet%209/EFTA00279496.pdf,False,,,0.0,320x240,Silent surveillance video; 320x240
EFTA00279497,9,avi,video,14848,0.01,https://www.justice.gov/epstein/files/DataSet%209/EFTA00279497.pdf,False,,,0.0,320x240,Silent surveillance video; 320x240
EFTA00279498,9,avi,video,18944,0.02,https://www.justice.gov/epstein/files/DataSet%209/EFTA00279498.pdf,False,,,0.0,320x240,Silent surveillance video; 320x240
EFTA00279499,9,avi,video,14336,0.01,https://www.justice.gov/epstein/files/DataSet%209/EFTA00279499.pdf,False,,,0.0,320x240,Silent surveillance video; 320x240
EFTA00279500,9,avi,video,3072,0.0,https://www.justice.gov/epstein/files/DataSet%209/EFTA00279500.pdf,False,,,0.0,320x240,Silent surveillance video; 320x240
EFTA00279501,9,avi,video,15360,0.01,https://www.justice.gov/epstein/files/DataSet%209/EFTA00279501.pdf,False,,,0.0,320x240,Silent surveillance video; 320x240
EFTA00279502,9,avi,video,19456,0.02,https://www.justice.gov/epstein/files/DataSet%209/EFTA00279502.pdf,False,,,0.0,320x240,Silent surveillance video; 320x240
EFTA00279503,9,avi,video,14336,0.01,https://www.justice.gov/epstein/files/DataSet%209/EFTA00279503.pdf,False,,,0.0,320x240,Silent surveillance video; 320x240
EFTA00279504,9,avi,video,18432,0.02,https://www.justice.gov/epstein/files/DataSet%209/EFTA00279504.pdf,False,,,0.0,320x240,Silent surveillance video; 320x240
EFTA00279505,9,avi,video,3072,0.0,https://www.justice.gov/epstein/files/DataSet%209/EFTA00279505.pdf,False,,,0.0,320x240,Silent surveillance video; 320x240
EFTA00279506,9,avi,video,12288,0.01,https://www.justice.gov/epstein/files/DataSet%209/EFTA00279506.pdf,False,,,0.0,320x240,Silent surveillance video; 320x240
EFTA00279507,9,avi,video,15360,0.01,https://www.justice.gov/epstein/files/DataSet%209/EFTA00279507.pdf,False,,,0.0,320x240,Silent surveillance video; 320x240
EFTA00279508,9,avi,video,17408,0.02,https://www.justice.gov/epstein/files/DataSet%209/EFTA00279508.pdf,False,,,0.0,320x240,Silent surveillance video; 320x240
EFTA00279509,9,avi,video,18432,0.02,https://www.justice.gov/epstein/files/DataSet%209/EFTA00279509.pdf,False,,,0.0,320x240,Silent surveillance video; 320x240
EFTA00279510,9,avi,video,17408,0.02,https://www.justice.gov/epstein/files/DataSet%209/EFTA00279510.pdf,False,,,0.0,320x240,Silent surveillance video; 320x240
EFTA00279511,9,avi,video,20480,0.02,https://www.justice.gov/epstein/files/DataSet%209/EFTA00279511.pdf,False,,,0.0,320x240,Silent surveillance video; 320x240
EFTA00279512,9,avi,video,19968,0.02,https://www.justice.gov/epstein/files/DataSet%209/EFTA00279512.pdf,False,,,0.0,320x240,Silent surveillance video; 320x240
EFTA00279513,9,avi,video,18944,0.02,https://www.justice.gov/epstein/files/DataSet%209/EFTA00279513.pdf,False,,,0.0,320x240,Silent surveillance video; 320x240
EFTA00279514,9,avi,video,16384,0.02,https://www.justice.gov/epstein/files/DataSet%209/EFTA00279514.pdf,False,,,0.0,320x240,Silent surveillance video; 320x240
EFTA00279515,9,avi,video,27136,0.03,https://www.justice.gov/epstein/files/DataSet%209/EFTA00279515.pdf,False,,,0.1,320x240,Silent surveillance video; 320x240; 0s
EFTA00279516,9,avi,video,29184,0.03,https://www.justice.gov/epstein/files/DataSet%209/EFTA00279516.pdf,False,,,0.1,320x240,Silent surveillance video; 320x240; 0s
EFTA00279517,9,avi,video,15872,0.02,https://www.justice.gov/epstein/files/DataSet%209/EFTA00279517.pdf,False,,,0.1,320x240,Silent surveillance video; 320x240; 0s
EFTA00279518,9,avi,video,15872,0.02,https://www.justice.gov/epstein/files/DataSet%209/EFTA00279518.pdf,False,,,0.0,320x240,Silent surveillance video; 320x240
EFTA00279519,9,avi,video,28160,0.03,https://www.justice.gov/epstein/files/DataSet%209/EFTA00279519.pdf,False,,,0.1,320x240,Silent surveillance video; 320x240; 0s
EFTA00279520,9,avi,video,16384,0.02,https://www.justice.gov/epstein/files/DataSet%209/EFTA00279520.pdf,False,,,0.0,320x240,Silent surveillance video; 320x240
EFTA00279521,9,avi,video,15872,0.02,https://www.justice.gov/epstein/files/DataSet%209/EFTA00279521.pdf,False,,,0.0,320x240,Silent surveillance video; 320x240
EFTA00279522,9,avi,video,30208,0.03,https://www.justice.gov/epstein/files/DataSet%209/EFTA00279522.pdf,False,,,0.1,320x240,Silent surveillance video; 320x240; 0s
EFTA00279523,9,avi,video,15872,0.02,https://www.justice.gov/epstein/files/DataSet%209/EFTA00279523.pdf,False,,,0.0,320x240,Silent surveillance video; 320x240
EFTA00279524,9,avi,video,43520,0.04,https://www.justice.gov/epstein/files/DataSet%209/EFTA00279524.pdf,False,,,0.1,320x240,Silent surveillance video; 320x240; 0s
EFTA00279525,9,avi,video,15872,0.02,https://www.justice.gov/epstein/files/DataSet%209/EFTA00279525.pdf,False,,,0.0,320x240,Silent surveillance video; 320x240
EFTA00279526,9,avi,video,16384,0.02,https://www.justice.gov/epstein/files/DataSet%209/EFTA00279526.pdf,False,,,0.0,320x240,Silent surveillance video; 320x240
EFTA00279527,9,avi,video,15872,0.02,https://www.justice.gov/epstein/files/DataSet%209/EFTA00279527.pdf,False,,,0.0,320x240,Silent surveillance video; 320x240
EFTA00279528,9,avi,video,15872,0.02,https://www.justice.gov/epstein/files/DataSet%209/EFTA00279528.pdf,False,,,0.0,320x240,Silent surveillance video; 320x240
EFTA00279529,9,avi,video,16384,0.02,https://www.justice.gov/epstein/files/DataSet%209/EFTA00279529.pdf,False,,,0.0,320x240,Silent surveillance video; 320x240
EFTA00279530,9,avi,video,16384,0.02,https://www.justice.gov/epstein/files/DataSet%209/EFTA00279530.pdf,False,,,0.0,320x240,Silent surveillance video; 320x240
EFTA00279531,9,avi,video,16384,0.02,https://www.justice.gov/epstein/files/DataSet%209/EFTA00279531.pdf,False,,,0.0,320x240,Silent surveillance video; 320x240
EFTA00279532,9,avi,video,45056,0.04,https://www.justice.gov/epstein/files/DataSet%209/EFTA00279532.pdf,False,,,0.1,320x240,Silent surveillance video; 320x240; 0s
EFTA00279533,9,avi,video,16384,0.02,https://www.justice.gov/epstein/files/DataSet%209/EFTA00279533.pdf,False,,,0.0,320x240,Silent surveillance video; 320x240
EFTA00279534,9,avi,video,16384,0.02,https://www.justice.gov/epstein/files/DataSet%209/EFTA00279534.pdf,False,,,0.0,320x240,Silent surveillance video; 320x240
EFTA00279535,9,avi,video,15872,0.02,https://www.justice.gov/epstein/files/DataSet%209/EFTA00279535.pdf,False,,,0.0,320x240,Silent surveillance video; 320x240
EFTA00279536,9,avi,video,16384,0.02,https://www.justice.gov/epstein/files/DataSet%209/EFTA00279536.pdf,False,,,0.0,320x240,Silent surveillance video; 320x240
EFTA00279537,9,avi,video,15872,0.02,https://www.justice.gov/epstein/files/DataSet%209/EFTA00279537.pdf,False,,,0.0,320x240,Silent surveillance video; 320x240
EFTA00279538,9,avi,video,15360,0.01,https://www.justice.gov/epstein/files/DataSet%209/EFTA00279538.pdf,False,,,0.0,320x240,Silent surveillance video; 320x240
EFTA00279539,9,avi,video,19456,0.02,https://www.justice.gov/epstein/files/DataSet%209/EFTA00279539.pdf,False,,,0.0,320x240,Silent surveillance video; 320x240
EFTA00279540,9,avi,video,17408,0.02,https://www.justice.gov/epstein/files/DataSet%209/EFTA00279540.pdf,False,,,0.0,320x240,Silent surveillance video; 320x240
EFTA00279541,9,avi,video,11776,0.01,https://www.justice.gov/epstein/files/DataSet%209/EFTA00279541.pdf,False,,,0.0,320x240,Silent surveillance video; 320x240
EFTA00279542,9,avi,video,19456,0.02,https://www.justice.gov/epstein/files/DataSet%209/EFTA00279542.pdf,False,,,0.0,320x240,Silent surveillance video; 320x240
EFTA00279543,9,avi,video,10240,0.01,https://www.justice.gov/epstein/files/DataSet%209/EFTA00279543.pdf,False,,,0.0,320x240,Silent surveillance video; 320x240
EFTA00279544,9,avi,video,3072,0.0,https://www.justice.gov/epstein/files/DataSet%209/EFTA00279544.pdf,False,,,0.0,320x240,Silent surveillance video; 320x240
EFTA00279545,9,avi,video,1632256,1.56,https://www.justice.gov/epstein/files/DataSet%209/EFTA00279545.pdf,False,,,0.0,320x240,Silent surveillance video; 320x240
EFTA00279546,9,avi,video,19968,0.02,https://www.justice.gov/epstein/files/DataSet%209/EFTA00279546.pdf,False,,,0.1,320x240,Silent surveillance video; 320x240; 0s
EFTA00279547,9,avi,video,13312,0.01,https://www.justice.gov/epstein/files/DataSet%209/EFTA00279547.pdf,False,,,0.1,320x240,Silent surveillance video; 320x240; 0s
EFTA00279548,9,avi,video,3072,0.0,https://www.justice.gov/epstein/files/DataSet%209/EFTA00279548.pdf,False,,,0.0,320x240,Silent surveillance video; 320x240
EFTA00279549,9,avi,video,21504,0.02,https://www.justice.gov/epstein/files/DataSet%209/EFTA00279549.pdf,False,,,0.0,320x240,Silent surveillance video; 320x240
EFTA00279550,9,avi,video,3072,0.0,https://www.justice.gov/epstein/files/DataSet%209/EFTA00279550.pdf,False,,,0.0,320x240,Silent surveillance video; 320x240
EFTA00279551,9,avi,video,23040,0.02,https://www.justice.gov/epstein/files/DataSet%209/EFTA00279551.pdf,False,,,0.0,320x240,Silent surveillance video; 320x240
EFTA00279552,9,avi,video,17408,0.02,https://www.justice.gov/epstein/files/DataSet%209/EFTA00279552.pdf,False,,,0.0,320x240,Silent surveillance video; 320x240
EFTA00279553,9,avi,video,18944,0.02,https://www.justice.gov/epstein/files/DataSet%209/EFTA00279553.pdf,False,,,0.0,320x240,Silent surveillance video; 320x240
EFTA00279554,9,avi,video,16896,0.02,https://www.justice.gov/epstein/files/DataSet%209/EFTA00279554.pdf,False,,,0.0,320x240,Silent surveillance video; 320x240
EFTA00279555,9,avi,video,20480,0.02,https://www.justice.gov/epstein/files/DataSet%209/EFTA00279555.pdf,False,,,0.0,320x240,Silent surveillance video; 320x240
EFTA00279556,9,avi,video,16896,0.02,https://www.justice.gov/epstein/files/DataSet%209/EFTA00279556.pdf,False,,,0.0,320x240,Silent surveillance video; 320x240
EFTA00279557,9,avi,video,15872,0.02,https://www.justice.gov/epstein/files/DataSet%209/EFTA00279557.pdf,False,,,0.0,320x240,Silent surveillance video; 320x240
EFTA00279558,9,avi,video,17920,0.02,https://www.justice.gov/epstein/files/DataSet%209/EFTA00279558.pdf,False,,,0.0,320x240,Silent surveillance video; 320x240
EFTA00279559,9,avi,video,15360,0.01,https://www.justice.gov/epstein/files/DataSet%209/EFTA00279559.pdf,False,,,0.0,320x240,Silent surveillance video; 320x240
EFTA00279560,9,avi,video,19456,0.02,https://www.justice.gov/epstein/files/DataSet%209/EFTA00279560.pdf,False,,,0.0,320x240,Silent surveillance video; 320x240
EFTA00279561,9,avi,video,15360,0.01,https://www.justice.gov/epstein/files/DataSet%209/EFTA00279561.pdf,False,,,0.0,320x240,Silent surveillance video; 320x240
EFTA00279562,9,avi,video,19968,0.02,https://www.justice.gov/epstein/files/DataSet%209/EFTA00279562.pdf,False,,,0.0,320x240,Silent surveillance video; 320x240
EFTA00279563,9,avi,video,21504,0.02,https://www.justice.gov/epstein/files/DataSet%209/EFTA00279563.pdf,False,,,0.0,320x240,Silent surveillance video; 320x240
EFTA00279564,9,avi,video,15872,0.02,https://www.justice.gov/epstein/files/DataSet%209/EFTA00279564.pdf,False,,,0.0,320x240,Silent surveillance video; 320x240
EFTA00279565,9,avi,video,8704,0.01,https://www.justice.gov/epstein/files/DataSet%209/EFTA00279565.pdf,False,,,0.0,320x240,Silent surveillance video; 320x240
EFTA00279566,9,avi,video,19968,0.02,https://www.justice.gov/epstein/files/DataSet%209/EFTA00279566.pdf,False,,,0.0,320x240,Silent surveillance video; 320x240
EFTA00279567,9,avi,video,3072,0.0,https://www.justice.gov/epstein/files/DataSet%209/EFTA00279567.pdf,False,,,0.0,320x240,Silent surveillance video; 320x240
EFTA00279568,9,avi,video,23040,0.02,https://www.justice.gov/epstein/files/DataSet%209/EFTA00279568.pdf,False,,,0.0,320x240,Silent surveillance video; 320x240
EFTA00279569,9,avi,video,17408,0.02,https://www.justice.gov/epstein/files/DataSet%209/EFTA00279569.pdf,False,,,0.0,320x240,Silent surveillance video; 320x240
EFTA00279570,9,avi,video,14336,0.01,https://www.justice.gov/epstein/files/DataSet%209/EFTA00279570.pdf,False,,,0.0,320x240,Silent surveillance video; 320x240
EFTA00279571,9,avi,video,18432,0.02,https://www.justice.gov/epstein/files/DataSet%209/EFTA00279571.pdf,False,,,0.0,320x240,Silent surveillance video; 320x240
EFTA00279572,9,avi,video,15360,0.01,https://www.justice.gov/epstein/files/DataSet%209/EFTA00279572.pdf,False,,,0.0,320x240,Silent surveillance video; 320x240
EFTA00279573,9,avi,video,14848,0.01,https://www.justice.gov/epstein/files/DataSet%209/EFTA00279573.pdf,False,,,0.0,320x240,Silent surveillance video; 320x240
EFTA00279574,9,avi,video,17920,0.02,https://www.justice.gov/epstein/files/DataSet%209/EFTA00279574.pdf,False,,,0.0,320x240,Silent surveillance video; 320x240
EFTA00279575,9,avi,video,15872,0.02,https://www.justice.gov/epstein/files/DataSet%209/EFTA00279575.pdf,False,,,0.0,320x240,Silent surveillance video; 320x240
EFTA00279576,9,avi,video,17920,0.02,https://www.justice.gov/epstein/files/DataSet%209/EFTA00279576.pdf,False,,,0.0,320x240,Silent surveillance video; 320x240
EFTA00279577,9,avi,video,17920,0.02,https://www.justice.gov/epstein/files/DataSet%209/EFTA00279577.pdf,False,,,0.0,320x240,Silent surveillance video; 320x240
EFTA00279578,9,avi,video,18944,0.02,https://www.justice.gov/epstein/files/DataSet%209/EFTA00279578.pdf,False,,,0.0,320x240,Silent surveillance video; 320x240
EFTA00279579,9,avi,video,37888,0.04,https://www.justice.gov/epstein/files/DataSet%209/EFTA00279579.pdf,False,,,0.1,320x240,Silent surveillance video; 320x240; 0s
EFTA00279580,9,avi,video,3072,0.0,https://www.justice.gov/epstein/files/DataSet%209/EFTA00279580.pdf,False,,,0.0,320x240,Silent surveillance video; 320x240
EFTA00279581,9,avi,video,13824,0.01,https://www.justice.gov/epstein/files/DataSet%209/EFTA00279581.pdf,False,,,0.0,320x240,Silent surveillance video; 320x240
EFTA00279582,9,avi,video,28672,0.03,https://www.justice.gov/epstein/files/DataSet%209/EFTA00279582.pdf,False,,,0.1,320x240,Silent surveillance video; 320x240; 0s
EFTA00279583,9,avi,video,15360,0.01,https://www.justice.gov/epstein/files/DataSet%209/EFTA00279583.pdf,False,,,0.0,320x240,Silent surveillance video; 320x240
EFTA00279584,9,avi,video,20480,0.02,https://www.justice.gov/epstein/files/DataSet%209/EFTA00279584.pdf,False,,,0.0,320x240,Silent surveillance video; 320x240
EFTA00279585,9,avi,video,21504,0.02,https://www.justice.gov/epstein/files/DataSet%209/EFTA00279585.pdf,False,,,0.0,320x240,Silent surveillance video; 320x240
EFTA00279586,9,avi,video,13824,0.01,https://www.justice.gov/epstein/files/DataSet%209/EFTA00279586.pdf,False,,,0.0,320x240,Silent surveillance video; 320x240
EFTA00279587,9,avi,video,3072,0.0,https://www.justice.gov/epstein/files/DataSet%209/EFTA00279587.pdf,False,,,0.0,320x240,Silent surveillance video; 320x240
EFTA00279588,9,avi,video,3072,0.0,https://www.justice.gov/epstein/files/DataSet%209/EFTA00279588.pdf,False,,,0.0,320x240,Silent surveillance video; 320x240
EFTA00279589,9,avi,video,18944,0.02,https://www.justice.gov/epstein/files/DataSet%209/EFTA00279589.pdf,False,,,0.0,320x240,Silent surveillance video; 320x240
EFTA00279590,9,avi,video,11264,0.01,https://www.justice.gov/epstein/files/DataSet%209/EFTA00279590.pdf,False,,,0.0,320x240,Silent surveillance video; 320x240
EFTA00279591,9,avi,video,3072,0.0,https://www.justice.gov/epstein/files/DataSet%209/EFTA00279591.pdf,False,,,0.0,320x240,Silent surveillance video; 320x240
EFTA00279592,9,avi,video,15872,0.02,https://www.justice.gov/epstein/files/DataSet%209/EFTA00279592.pdf,False,,,0.0,320x240,Silent surveillance video; 320x240
EFTA00279593,9,avi,video,17920,0.02,https://www.justice.gov/epstein/files/DataSet%209/EFTA00279593.pdf,False,,,0.0,320x240,Silent surveillance video; 320x240
EFTA00279594,9,avi,video,14336,0.01,https://www.justice.gov/epstein/files/DataSet%209/EFTA00279594.pdf,False,,,0.0,320x240,Silent surveillance video; 320x240
EFTA00279595,9,avi,video,15872,0.02,https://www.justice.gov/epstein/files/DataSet%209/EFTA00279595.pdf,False,,,0.0,320x240,Silent surveillance video; 320x240
EFTA00279596,9,avi,video,3072,0.0,https://www.justice.gov/epstein/files/DataSet%209/EFTA00279596.pdf,False,,,0.0,320x240,Silent surveillance video; 320x240
EFTA00279597,9,avi,video,21504,0.02,https://www.justice.gov/epstein/files/DataSet%209/EFTA00279597.pdf,False,,,0.0,320x240,Silent surveillance video; 320x240
EFTA00279598,9,avi,video,22016,0.02,https://www.justice.gov/epstein/files/DataSet%209/EFTA00279598.pdf,False,,,0.0,320x240,Silent surveillance video; 320x240
EFTA00279599,9,avi,video,15360,0.01,https://www.justice.gov/epstein/files/DataSet%209/EFTA00279599.pdf,False,,,0.0,320x240,Silent surveillance video; 320x240
EFTA00279600,9,avi,video,30720,0.03,https://www.justice.gov/epstein/files/DataSet%209/EFTA00279600.pdf,False,,,0.1,320x240,Silent surveillance video; 320x240; 0s
EFTA00279601,9,avi,video,16384,0.02,https://www.justice.gov/epstein/files/DataSet%209/EFTA00279601.pdf,False,,,0.0,320x240,Silent surveillance video; 320x240
EFTA00279602,9,avi,video,19968,0.02,https://www.justice.gov/epstein/files/DataSet%209/EFTA00279602.pdf,False,,,0.0,320x240,Silent surveillance video; 320x240
EFTA00279603,9,avi,video,16384,0.02,https://www.justice.gov/epstein/files/DataSet%209/EFTA00279603.pdf,False,,,0.0,320x240,Silent surveillance video; 320x240
EFTA00279604,9,avi,video,28160,0.03,https://www.justice.gov/epstein/files/DataSet%209/EFTA00279604.pdf,False,,,0.1,320x240,Silent surveillance video; 320x240; 0s
EFTA00279605,9,avi,video,28672,0.03,https://www.justice.gov/epstein/files/DataSet%209/EFTA00279605.pdf,False,,,0.1,320x240,Silent surveillance video; 320x240; 0s
EFTA00279606,9,avi,video,28672,0.03,https://www.justice.gov/epstein/files/DataSet%209/EFTA00279606.pdf,False,,,0.1,320x240,Silent surveillance video; 320x240; 0s
EFTA00279607,9,avi,video,29184,0.03,https://www.justice.gov/epstein/files/DataSet%209/EFTA00279607.pdf,False,,,0.1,320x240,Silent surveillance video; 320x240; 0s
EFTA00279608,9,avi,video,28160,0.03,https://www.justice.gov/epstein/files/DataSet%209/EFTA00279608.pdf,False,,,0.1,320x240,Silent surveillance video; 320x240; 0s
EFTA00279609,9,avi,video,29184,0.03,https://www.justice.gov/epstein/files/DataSet%209/EFTA00279609.pdf,False,,,0.1,320x240,Silent surveillance video; 320x240; 0s
EFTA00279610,9,avi,video,29696,0.03,https://www.justice.gov/epstein/files/DataSet%209/EFTA00279610.pdf,False,,,0.1,320x240,Silent surveillance video; 320x240; 0s
EFTA00279611,9,avi,video,19456,0.02,https://www.justice.gov/epstein/files/DataSet%209/EFTA00279611.pdf,False,,,0.1,320x240,Silent surveillance video; 320x240; 0s
EFTA00279612,9,avi,video,12800,0.01,https://www.justice.gov/epstein/files/DataSet%209/EFTA00279612.pdf,False,,,0.1,320x240,Silent surveillance video; 320x240; 0s
EFTA00279613,9,avi,video,129536,0.12,https://www.justice.gov/epstein/files/DataSet%209/EFTA00279613.pdf,False,,,0.1,320x240,Silent surveillance video; 320x240; 0s
EFTA00279614,9,avi,video,13312,0.01,https://www.justice.gov/epstein/files/DataSet%209/EFTA00279614.pdf,False,,,0.1,320x240,Silent surveillance video; 320x240; 0s
EFTA00279615,9,avi,video,296448,0.28,https://www.justice.gov/epstein/files/DataSet%209/EFTA00279615.pdf,False,,,0.1,320x240,Silent surveillance video; 320x240; 0s
EFTA00279616,9,avi,video,252416,0.24,https://www.justice.gov/epstein/files/DataSet%209/EFTA00279616.pdf,False,,,0.0,320x240,Silent surveillance video; 320x240
EFTA00279617,9,avi,video,667648,0.64,https://www.justice.gov/epstein/files/DataSet%209/EFTA00279617.pdf,False,,,0.9,320x240,Silent surveillance video; 320x240; 1s
EFTA00279618,9,avi,video,13824,0.01,https://www.justice.gov/epstein/files/DataSet%209/EFTA00279618.pdf,False,,,0.1,320x240,Silent surveillance video; 320x240; 0s
EFTA00279619,9,avi,video,872448,0.83,https://www.justice.gov/epstein/files/DataSet%209/EFTA00279619.pdf,True,yes,0,6.1,,Video (no speech detected); 6s
EFTA00279620,9,avi,video,10752,0.01,https://www.justice.gov/epstein/files/DataSet%209/EFTA00279620.pdf,False,,,0.0,320x240,Silent surveillance video; 320x240
EFTA00279621,9,avi,video,16896,0.02,https://www.justice.gov/epstein/files/DataSet%209/EFTA00279621.pdf,False,,,0.0,320x240,Silent surveillance video; 320x240
EFTA00279622,9,avi,video,23552,0.02,https://www.justice.gov/epstein/files/DataSet%209/EFTA00279622.pdf,False,,,0.0,320x240,Silent surveillance video; 320x240
EFTA00279623,9,avi,video,12800,0.01,https://www.justice.gov/epstein/files/DataSet%209/EFTA00279623.pdf,False,,,0.1,320x240,Silent surveillance video; 320x240; 0s
EFTA00279624,9,avi,video,12288,0.01,https://www.justice.gov/epstein/files/DataSet%209/EFTA00279624.pdf,False,,,0.1,320x240,Silent surveillance video; 320x240; 0s
EFTA00279625,9,avi,video,12800,0.01,https://www.justice.gov/epstein/files/DataSet%209/EFTA00279625.pdf,False,,,0.1,320x240,Silent surveillance video; 320x240; 0s
EFTA00279626,9,avi,video,16384,0.02,https://www.justice.gov/epstein/files/DataSet%209/EFTA00279626.pdf,False,,,0.0,320x240,Silent surveillance video; 320x240
EFTA00279627,9,avi,video,15872,0.02,https://www.justice.gov/epstein/files/DataSet%209/EFTA00279627.pdf,False,,,0.0,320x240,Silent surveillance video; 320x240
EFTA00279628,9,avi,video,16384,0.02,https://www.justice.gov/epstein/files/DataSet%209/EFTA00279628.pdf,False,,,0.0,320x240,Silent surveillance video; 320x240
EFTA00279629,9,avi,video,15872,0.02,https://www.justice.gov/epstein/files/DataSet%209/EFTA00279629.pdf,False,,,0.0,320x240,Silent surveillance video; 320x240
EFTA00279630,9,avi,video,30208,0.03,https://www.justice.gov/epstein/files/DataSet%209/EFTA00279630.pdf,False,,,0.1,320x240,Silent surveillance video; 320x240; 0s
EFTA00279631,9,avi,video,16384,0.02,https://www.justice.gov/epstein/files/DataSet%209/EFTA00279631.pdf,False,,,0.0,320x240,Silent surveillance video; 320x240
EFTA00279632,9,avi,video,15872,0.02,https://www.justice.gov/epstein/files/DataSet%209/EFTA00279632.pdf,False,,,0.0,320x240,Silent surveillance video; 320x240
EFTA00279633,9,avi,video,30208,0.03,https://www.justice.gov/epstein/files/DataSet%209/EFTA00279633.pdf,False,,,0.1,320x240,Silent surveillance video; 320x240; 0s
EFTA00279634,9,avi,video,16384,0.02,https://www.justice.gov/epstein/files/DataSet%209/EFTA00279634.pdf,False,,,0.0,320x240,Silent surveillance video; 320x240
EFTA00279635,9,avi,video,15872,0.02,https://www.justice.gov/epstein/files/DataSet%209/EFTA00279635.pdf,False,,,0.0,320x240,Silent surveillance video; 320x240
EFTA00279636,9,avi,video,28672,0.03,https://www.justice.gov/epstein/files/DataSet%209/EFTA00279636.pdf,False,,,0.1,320x240,Silent surveillance video; 320x240; 0s
EFTA00279637,9,avi,video,15872,0.02,https://www.justice.gov/epstein/files/DataSet%209/EFTA00279637.pdf,False,,,0.0,320x240,Silent surveillance video; 320x240
EFTA00279638,9,avi,video,15872,0.02,https://www.justice.gov/epstein/files/DataSet%209/EFTA00279638.pdf,False,,,0.0,320x240,Silent surveillance video; 320x240
EFTA00279639,9,avi,video,16384,0.02,https://www.justice.gov/epstein/files/DataSet%209/EFTA00279639.pdf,False,,,0.0,320x240,Silent surveillance video; 320x240
EFTA00279640,9,avi,video,15872,0.02,https://www.justice.gov/epstein/files/DataSet%209/EFTA00279640.pdf,False,,,0.0,320x240,Silent surveillance video; 320x240
EFTA00279641,9,avi,video,41472,0.04,https://www.justice.gov/epstein/files/DataSet%209/EFTA00279641.pdf,False,,,0.1,320x240,Silent surveillance video; 320x240; 0s
EFTA00279642,9,avi,video,15360,0.01,https://www.justice.gov/epstein/files/DataSet%209/EFTA00279642.pdf,False,,,0.0,320x240,Silent surveillance video; 320x240
EFTA00279643,9,avi,video,15872,0.02,https://www.justice.gov/epstein/files/DataSet%209/EFTA00279643.pdf,False,,,0.0,320x240,Silent surveillance video; 320x240
EFTA00279644,9,avi,video,15360,0.01,https://www.justice.gov/epstein/files/DataSet%209/EFTA00279644.pdf,False,,,0.0,320x240,Silent surveillance video; 320x240
EFTA00279645,9,avi,video,29184,0.03,https://www.justice.gov/epstein/files/DataSet%209/EFTA00279645.pdf,False,,,0.1,320x240,Silent surveillance video; 320x240; 0s
EFTA00279646,9,avi,video,15872,0.02,https://www.justice.gov/epstein/files/DataSet%209/EFTA00279646.pdf,False,,,0.0,320x240,Silent surveillance video; 320x240
EFTA00279647,9,avi,video,17408,0.02,https://www.justice.gov/epstein/files/DataSet%209/EFTA00279647.pdf,False,,,0.0,320x240,Silent surveillance video; 320x240
EFTA00279648,9,avi,video,15360,0.01,https://www.justice.gov/epstein/files/DataSet%209/EFTA00279648.pdf,False,,,0.0,320x240,Silent surveillance video; 320x240
EFTA00279649,9,avi,video,22016,0.02,https://www.justice.gov/epstein/files/DataSet%209/EFTA00279649.pdf,False,,,0.0,320x240,Silent surveillance video; 320x240
EFTA00279650,9,avi,video,17408,0.02,https://www.justice.gov/epstein/files/DataSet%209/EFTA00279650.pdf,False,,,0.0,320x240,Silent surveillance video; 320x240
EFTA00279651,9,avi,video,19456,0.02,https://www.justice.gov/epstein/files/DataSet%209/EFTA00279651.pdf,False,,,0.0,320x240,Silent surveillance video; 320x240
EFTA00279652,9,avi,video,9216,0.01,https://www.justice.gov/epstein/files/DataSet%209/EFTA00279652.pdf,False,,,0.0,320x240,Silent surveillance video; 320x240
EFTA00279653,9,avi,video,20992,0.02,https://www.justice.gov/epstein/files/DataSet%209/EFTA00279653.pdf,False,,,0.0,320x240,Silent surveillance video; 320x240
EFTA00279654,9,avi,video,17920,0.02,https://www.justice.gov/epstein/files/DataSet%209/EFTA00279654.pdf,False,,,0.0,320x240,Silent surveillance video; 320x240
EFTA00279655,9,avi,video,18432,0.02,https://www.justice.gov/epstein/files/DataSet%209/EFTA00279655.pdf,False,,,0.0,320x240,Silent surveillance video; 320x240
EFTA00279656,9,avi,video,15872,0.02,https://www.justice.gov/epstein/files/DataSet%209/EFTA00279656.pdf,False,,,0.0,320x240,Silent surveillance video; 320x240
EFTA00279657,9,avi,video,18944,0.02,https://www.justice.gov/epstein/files/DataSet%209/EFTA00279657.pdf,False,,,0.1,320x240,Silent surveillance video; 320x240; 0s
EFTA00279658,9,avi,video,17408,0.02,https://www.justice.gov/epstein/files/DataSet%209/EFTA00279658.pdf,False,,,0.0,320x240,Silent surveillance video; 320x240
EFTA00279659,9,avi,video,16384,0.02,https://www.justice.gov/epstein/files/DataSet%209/EFTA00279659.pdf,False,,,0.0,320x240,Silent surveillance video; 320x240
EFTA00279660,9,avi,video,16896,0.02,https://www.justice.gov/epstein/files/DataSet%209/EFTA00279660.pdf,False,,,0.0,320x240,Silent surveillance video; 320x240
EFTA00279661,9,avi,video,30720,0.03,https://www.justice.gov/epstein/files/DataSet%209/EFTA00279661.pdf,False,,,0.1,320x240,Silent surveillance video; 320x240; 0s
EFTA00279662,9,avi,video,17408,0.02,https://www.justice.gov/epstein/files/DataSet%209/EFTA00279662.pdf,False,,,0.0,320x240,Silent surveillance video; 320x240
EFTA00279663,9,avi,video,17408,0.02,https://www.justice.gov/epstein/files/DataSet%209/EFTA00279663.pdf,False,,,0.0,320x240,Silent surveillance video; 320x240
EFTA00279664,9,avi,video,17408,0.02,https://www.justice.gov/epstein/files/DataSet%209/EFTA00279664.pdf,False,,,0.0,320x240,Silent surveillance video; 320x240
EFTA00279665,9,avi,video,17408,0.02,https://www.justice.gov/epstein/files/DataSet%209/EFTA00279665.pdf,False,,,0.0,320x240,Silent surveillance video; 320x240
EFTA00279666,9,avi,video,32256,0.03,https://www.justice.gov/epstein/files/DataSet%209/EFTA00279666.pdf,False,,,0.1,320x240,Silent surveillance video; 320x240; 0s
EFTA00279667,9,avi,video,17408,0.02,https://www.justice.gov/epstein/files/DataSet%209/EFTA00279667.pdf,False,,,0.0,320x240,Silent surveillance video; 320x240
EFTA00279668,9,avi,video,17408,0.02,https://www.justice.gov/epstein/files/DataSet%209/EFTA00279668.pdf,False,,,0.0,320x240,Silent surveillance video; 320x240
EFTA00279669,9,avi,video,31744,0.03,https://www.justice.gov/epstein/files/DataSet%209/EFTA00279669.pdf,False,,,0.1,320x240,Silent surveillance video; 320x240; 0s
EFTA00279670,9,avi,video,31744,0.03,https://www.justice.gov/epstein/files/DataSet%209/EFTA00279670.pdf,False,,,0.1,320x240,Silent surveillance video; 320x240; 0s
EFTA00279671,9,avi,video,30720,0.03,https://www.justice.gov/epstein/files/DataSet%209/EFTA00279671.pdf,False,,,0.1,320x240,Silent surveillance video; 320x240; 0s
EFTA00279672,9,avi,video,17408,0.02,https://www.justice.gov/epstein/files/DataSet%209/EFTA00279672.pdf,False,,,0.0,320x240,Silent surveillance video; 320x240
EFTA00279673,9,avi,video,17408,0.02,https://www.justice.gov/epstein/files/DataSet%209/EFTA00279673.pdf,False,,,0.0,320x240,Silent surveillance video; 320x240
EFTA00279674,9,avi,video,30208,0.03,https://www.justice.gov/epstein/files/DataSet%209/EFTA00279674.pdf,False,,,0.1,320x240,Silent surveillance video; 320x240; 0s
EFTA00279675,9,avi,video,16896,0.02,https://www.justice.gov/epstein/files/DataSet%209/EFTA00279675.pdf,False,,,0.0,320x240,Silent surveillance video; 320x240
EFTA00279676,9,avi,video,16896,0.02,https://www.justice.gov/epstein/files/DataSet%209/EFTA00279676.pdf,False,,,0.0,320x240,Silent surveillance video; 320x240
EFTA00279677,9,avi,video,17920,0.02,https://www.justice.gov/epstein/files/DataSet%209/EFTA00279677.pdf,False,,,0.0,320x240,Silent surveillance video; 320x240
EFTA00279678,9,avi,video,16896,0.02,https://www.justice.gov/epstein/files/DataSet%209/EFTA00279678.pdf,False,,,0.0,320x240,Silent surveillance video; 320x240
EFTA00279679,9,avi,video,17408,0.02,https://www.justice.gov/epstein/files/DataSet%209/EFTA00279679.pdf,False,,,0.0,320x240,Silent surveillance video; 320x240
EFTA00279680,9,avi,video,16896,0.02,https://www.justice.gov/epstein/files/DataSet%209/EFTA00279680.pdf,False,,,0.0,320x240,Silent surveillance video; 320x240
EFTA00279681,9,avi,video,17408,0.02,https://www.justice.gov/epstein/files/DataSet%209/EFTA00279681.pdf,False,,,0.0,320x240,Silent surveillance video; 320x240
EFTA00279682,9,avi,video,17408,0.02,https://www.justice.gov/epstein/files/DataSet%209/EFTA00279682.pdf,False,,,0.0,320x240,Silent surveillance video; 320x240
EFTA00279683,9,avi,video,31232,0.03,https://www.justice.gov/epstein/files/DataSet%209/EFTA00279683.pdf,False,,,0.1,320x240,Silent surveillance video; 320x240; 0s
EFTA00279684,9,avi,video,32768,0.03,https://www.justice.gov/epstein/files/DataSet%209/EFTA00279684.pdf,False,,,0.1,320x240,Silent surveillance video; 320x240; 0s
EFTA00279685,9,avi,video,16896,0.02,https://www.justice.gov/epstein/files/DataSet%209/EFTA00279685.pdf,False,,,0.0,320x240,Silent surveillance video; 320x240
EFTA00279686,9,avi,video,32768,0.03,https://www.justice.gov/epstein/files/DataSet%209/EFTA00279686.pdf,False,,,0.1,320x240,Silent surveillance video; 320x240; 0s
EFTA00279687,9,avi,video,37888,0.04,https://www.justice.gov/epstein/files/DataSet%209/EFTA00279687.pdf,False,,,0.1,320x240,Silent surveillance video; 320x240; 0s
EFTA00279688,9,avi,video,17408,0.02,https://www.justice.gov/epstein/files/DataSet%209/EFTA00279688.pdf,False,,,0.0,320x240,Silent surveillance video; 320x240
EFTA00279689,9,avi,video,17408,0.02,https://www.justice.gov/epstein/files/DataSet%209/EFTA00279689.pdf,False,,,0.0,320x240,Silent surveillance video; 320x240
EFTA00279690,9,avi,video,17920,0.02,https://www.justice.gov/epstein/files/DataSet%209/EFTA00279690.pdf,False,,,0.0,320x240,Silent surveillance video; 320x240
EFTA00279691,9,avi,video,3072,0.0,https://www.justice.gov/epstein/files/DataSet%209/EFTA00279691.pdf,False,,,0.0,320x240,Silent surveillance video; 320x240
EFTA00279692,9,avi,video,79360,0.08,https://www.justice.gov/epstein/files/DataSet%209/EFTA00279692.pdf,False,,,0.1,320x240,Silent surveillance video; 320x240; 0s
EFTA00279693,9,avi,video,12800,0.01,https://www.justice.gov/epstein/files/DataSet%209/EFTA00279693.pdf,False,,,0.1,320x240,Silent surveillance video; 320x240; 0s
EFTA00279694,9,avi,video,12288,0.01,https://www.justice.gov/epstein/files/DataSet%209/EFTA00279694.pdf,False,,,0.1,320x240,Silent surveillance video; 320x240; 0s
EFTA00279695,9,avi,video,13824,0.01,https://www.justice.gov/epstein/files/DataSet%209/EFTA00279695.pdf,False,,,0.0,320x240,Silent surveillance video; 320x240
EFTA00279696,9,avi,video,18432,0.02,https://www.justice.gov/epstein/files/DataSet%209/EFTA00279696.pdf,False,,,0.1,320x240,Silent surveillance video; 320x240; 0s
EFTA00279697,9,avi,video,14848,0.01,https://www.justice.gov/epstein/files/DataSet%209/EFTA00279697.pdf,True,yes,0,0.3,,Video (no speech detected); 0s
EFTA00279698,9,avi,video,15360,0.01,https://www.justice.gov/epstein/files/DataSet%209/EFTA00279698.pdf,False,,,0.1,320x240,Silent surveillance video; 320x240; 0s
EFTA00279699,9,avi,video,123392,0.12,https://www.justice.gov/epstein/files/DataSet%209/EFTA00279699.pdf,False,,,0.2,320x240,Silent surveillance video; 320x240; 0s
EFTA00279700,9,avi,video,286720,0.27,https://www.justice.gov/epstein/files/DataSet%209/EFTA00279700.pdf,False,,,0.1,320x240,Silent surveillance video; 320x240; 0s
EFTA00279701,9,avi,video,102400,0.1,https://www.justice.gov/epstein/files/DataSet%209/EFTA00279701.pdf,False,,,0.1,320x240,Silent surveillance video; 320x240; 0s
EFTA00279702,9,avi,video,24064,0.02,https://www.justice.gov/epstein/files/DataSet%209/EFTA00279702.pdf,False,,,0.0,320x240,Silent surveillance video; 320x240
EFTA00279703,9,avi,video,23552,0.02,https://www.justice.gov/epstein/files/DataSet%209/EFTA00279703.pdf,False,,,0.0,320x240,Silent surveillance video; 320x240
EFTA00279704,9,avi,video,16384,0.02,https://www.justice.gov/epstein/files/DataSet%209/EFTA00279704.pdf,False,,,0.0,320x240,Silent surveillance video; 320x240
EFTA00279705,9,avi,video,3072,0.0,https://www.justice.gov/epstein/files/DataSet%209/EFTA00279705.pdf,False,,,0.0,320x240,Silent surveillance video; 320x240
EFTA00279706,9,avi,video,3072,0.0,https://www.justice.gov/epstein/files/DataSet%209/EFTA00279706.pdf,False,,,0.0,320x240,Silent surveillance video; 320x240
EFTA00279707,9,avi,video,22016,0.02,https://www.justice.gov/epstein/files/DataSet%209/EFTA00279707.pdf,False,,,0.0,320x240,Silent surveillance video; 320x240
EFTA00279708,9,avi,video,19456,0.02,https://www.justice.gov/epstein/files/DataSet%209/EFTA00279708.pdf,False,,,0.0,320x240,Silent surveillance video; 320x240
EFTA00279709,9,avi,video,3072,0.0,https://www.justice.gov/epstein/files/DataSet%209/EFTA00279709.pdf,False,,,0.0,320x240,Silent surveillance video; 320x240
EFTA00279710,9,avi,video,17920,0.02,https://www.justice.gov/epstein/files/DataSet%209/EFTA00279710.pdf,False,,,0.0,320x240,Silent surveillance video; 320x240
EFTA00279711,9,avi,video,21504,0.02,https://www.justice.gov/epstein/files/DataSet%209/EFTA00279711.pdf,False,,,0.0,320x240,Silent surveillance video; 320x240
EFTA00279712,9,avi,video,36352,0.03,https://www.justice.gov/epstein/files/DataSet%209/EFTA00279712.pdf,False,,,0.1,320x240,Silent surveillance video; 320x240; 0s
EFTA00279713,9,avi,video,16896,0.02,https://www.justice.gov/epstein/files/DataSet%209/EFTA00279713.pdf,False,,,0.0,320x240,Silent surveillance video; 320x240
EFTA00279714,9,avi,video,54272,0.05,https://www.justice.gov/epstein/files/DataSet%209/EFTA00279714.pdf,False,,,0.1,320x240,Silent surveillance video; 320x240; 0s
EFTA00279715,9,avi,video,40448,0.04,https://www.justice.gov/epstein/files/DataSet%209/EFTA00279715.pdf,False,,,0.1,320x240,Silent surveillance video; 320x240; 0s
EFTA00279716,9,avi,video,20992,0.02,https://www.justice.gov/epstein/files/DataSet%209/EFTA00279716.pdf,False,,,0.0,320x240,Silent surveillance video; 320x240
EFTA00279717,9,avi,video,20480,0.02,https://www.justice.gov/epstein/files/DataSet%209/EFTA00279717.pdf,False,,,0.0,320x240,Silent surveillance video; 320x240
EFTA00279718,9,avi,video,57344,0.05,https://www.justice.gov/epstein/files/DataSet%209/EFTA00279718.pdf,False,,,0.1,320x240,Silent surveillance video; 320x240; 0s
EFTA00279719,9,avi,video,21504,0.02,https://www.justice.gov/epstein/files/DataSet%209/EFTA00279719.pdf,False,,,0.0,320x240,Silent surveillance video; 320x240
EFTA00279720,9,avi,video,38912,0.04,https://www.justice.gov/epstein/files/DataSet%209/EFTA00279720.pdf,False,,,0.1,320x240,Silent surveillance video; 320x240; 0s
EFTA00279721,9,avi,video,20992,0.02,https://www.justice.gov/epstein/files/DataSet%209/EFTA00279721.pdf,False,,,0.0,320x240,Silent surveillance video; 320x240
EFTA00279722,9,avi,video,19456,0.02,https://www.justice.gov/epstein/files/DataSet%209/EFTA00279722.pdf,False,,,0.0,320x240,Silent surveillance video; 320x240
EFTA00279723,9,avi,video,18432,0.02,https://www.justice.gov/epstein/files/DataSet%209/EFTA00279723.pdf,False,,,0.1,320x240,Silent surveillance video; 320x240; 0s
EFTA00279724,9,avi,video,18944,0.02,https://www.justice.gov/epstein/files/DataSet%209/EFTA00279724.pdf,False,,,0.0,320x240,Silent surveillance video; 320x240
EFTA00279725,9,avi,video,15872,0.02,https://www.justice.gov/epstein/files/DataSet%209/EFTA00279725.pdf,False,,,0.0,320x240,Silent surveillance video; 320x240
EFTA00279726,9,avi,video,18944,0.02,https://www.justice.gov/epstein/files/DataSet%209/EFTA00279726.pdf,False,,,0.0,320x240,Silent surveillance video; 320x240
EFTA00279727,9,avi,video,12288,0.01,https://www.justice.gov/epstein/files/DataSet%209/EFTA00279727.pdf,False,,,0.0,320x240,Silent surveillance video; 320x240
EFTA00279728,9,avi,video,14336,0.01,https://www.justice.gov/epstein/files/DataSet%209/EFTA00279728.pdf,False,,,0.0,320x240,Silent surveillance video; 320x240
EFTA00279729,9,avi,video,17408,0.02,https://www.justice.gov/epstein/files/DataSet%209/EFTA00279729.pdf,False,,,0.0,320x240,Silent surveillance video; 320x240
EFTA00279730,9,avi,video,13824,0.01,https://www.justice.gov/epstein/files/DataSet%209/EFTA00279730.pdf,False,,,0.0,320x240,Silent surveillance video; 320x240
EFTA00279731,9,avi,video,13312,0.01,https://www.justice.gov/epstein/files/DataSet%209/EFTA00279731.pdf,False,,,0.0,320x240,Silent surveillance video; 320x240
EFTA00279732,9,avi,video,16384,0.02,https://www.justice.gov/epstein/files/DataSet%209/EFTA00279732.pdf,False,,,0.0,320x240,Silent surveillance video; 320x240
EFTA00279733,9,avi,video,14848,0.01,https://www.justice.gov/epstein/files/DataSet%209/EFTA00279733.pdf,False,,,0.0,320x240,Silent surveillance video; 320x240
EFTA00279734,9,avi,video,14848,0.01,https://www.justice.gov/epstein/files/DataSet%209/EFTA00279734.pdf,False,,,0.0,320x240,Silent surveillance video; 320x240
EFTA00279735,9,avi,video,29696,0.03,https://www.justice.gov/epstein/files/DataSet%209/EFTA00279735.pdf,False,,,0.1,320x240,Silent surveillance video; 320x240; 0s
EFTA00279736,9,avi,video,16384,0.02,https://www.justice.gov/epstein/files/DataSet%209/EFTA00279736.pdf,False,,,0.0,320x240,Silent surveillance video; 320x240
EFTA00279737,9,avi,video,16896,0.02,https://www.justice.gov/epstein/files/DataSet%209/EFTA00279737.pdf,False,,,0.0,320x240,Silent surveillance video; 320x240
EFTA00279738,9,avi,video,14336,0.01,https://www.justice.gov/epstein/files/DataSet%209/EFTA00279738.pdf,False,,,0.0,320x240,Silent surveillance video; 320x240
EFTA00279739,9,avi,video,14848,0.01,https://www.justice.gov/epstein/files/DataSet%209/EFTA00279739.pdf,False,,,0.1,320x240,Silent surveillance video; 320x240; 0s
EFTA00279740,9,avi,video,16384,0.02,https://www.justice.gov/epstein/files/DataSet%209/EFTA00279740.pdf,False,,,0.0,320x240,Silent surveillance video; 320x240
EFTA00279741,9,avi,video,18944,0.02,https://www.justice.gov/epstein/files/DataSet%209/EFTA00279741.pdf,False,,,0.0,320x240,Silent surveillance video; 320x240
EFTA00279742,9,avi,video,12288,0.01,https://www.justice.gov/epstein/files/DataSet%209/EFTA00279742.pdf,False,,,0.0,320x240,Silent surveillance video; 320x240
EFTA00279743,9,avi,video,26624,0.03,https://www.justice.gov/epstein/files/DataSet%209/EFTA00279743.pdf,False,,,0.1,320x240,Silent surveillance video; 320x240; 0s
EFTA00279744,9,avi,video,27136,0.03,https://www.justice.gov/epstein/files/DataSet%209/EFTA00279744.pdf,False,,,0.1,320x240,Silent surveillance video; 320x240; 0s
EFTA00279745,9,avi,video,28160,0.03,https://www.justice.gov/epstein/files/DataSet%209/EFTA00279745.pdf,False,,,0.1,320x240,Silent surveillance video; 320x240; 0s
EFTA00279746,9,avi,video,31744,0.03,https://www.justice.gov/epstein/files/DataSet%209/EFTA00279746.pdf,False,,,0.0,320x240,Silent surveillance video; 320x240
EFTA00279747,9,avi,video,29184,0.03,https://www.justice.gov/epstein/files/DataSet%209/EFTA00279747.pdf,False,,,0.0,320x240,Silent surveillance video; 320x240
EFTA00279748,9,avi,video,15872,0.02,https://www.justice.gov/epstein/files/DataSet%209/EFTA00279748.pdf,False,,,0.0,320x240,Silent surveillance video; 320x240
EFTA00279749,9,avi,video,179200,0.17,https://www.justice.gov/epstein/files/DataSet%209/EFTA00279749.pdf,False,,,0.1,320x240,Silent surveillance video; 320x240; 0s
EFTA00279750,9,avi,video,55808,0.05,https://www.justice.gov/epstein/files/DataSet%209/EFTA00279750.pdf,False,,,0.0,320x240,Silent surveillance video; 320x240
EFTA00279751,9,avi,video,45568,0.04,https://www.justice.gov/epstein/files/DataSet%209/EFTA00279751.pdf,False,,,0.0,320x240,Silent surveillance video; 320x240
EFTA00279752,9,avi,video,115712,0.11,https://www.justice.gov/epstein/files/DataSet%209/EFTA00279752.pdf,False,,,0.1,320x240,Silent surveillance video; 320x240; 0s
EFTA00279753,9,avi,video,18432,0.02,https://www.justice.gov/epstein/files/DataSet%209/EFTA00279753.pdf,False,,,0.0,320x240,Silent surveillance video; 320x240
EFTA00279754,9,avi,video,18432,0.02,https://www.justice.gov/epstein/files/DataSet%209/EFTA00279754.pdf,False,,,0.0,320x240,Silent surveillance video; 320x240
EFTA00279755,9,avi,video,18432,0.02,https://www.justice.gov/epstein/files/DataSet%209/EFTA00279755.pdf,False,,,0.0,320x240,Silent surveillance video; 320x240
EFTA00279756,9,avi,video,16384,0.02,https://www.justice.gov/epstein/files/DataSet%209/EFTA00279756.pdf,False,,,0.1,320x240,Silent surveillance video; 320x240; 0s
EFTA00279757,9,avi,video,35840,0.03,https://www.justice.gov/epstein/files/DataSet%209/EFTA00279757.pdf,False,,,0.0,320x240,Silent surveillance video; 320x240
EFTA00279758,9,avi,video,46080,0.04,https://www.justice.gov/epstein/files/DataSet%209/EFTA00279758.pdf,False,,,0.0,320x240,Silent surveillance video; 320x240
EFTA00279759,9,avi,video,86016,0.08,https://www.justice.gov/epstein/files/DataSet%209/EFTA00279759.pdf,False,,,0.1,320x240,Silent surveillance video; 320x240; 0s
EFTA00279760,9,avi,video,126464,0.12,https://www.justice.gov/epstein/files/DataSet%209/EFTA00279760.pdf,False,,,0.0,320x240,Silent surveillance video; 320x240
EFTA00279761,9,avi,video,86016,0.08,https://www.justice.gov/epstein/files/DataSet%209/EFTA00279761.pdf,False,,,0.1,320x240,Silent surveillance video; 320x240; 0s
EFTA00279762,9,avi,video,17920,0.02,https://www.justice.gov/epstein/files/DataSet%209/EFTA00279762.pdf,False,,,0.0,320x240,Silent surveillance video; 320x240
EFTA00279763,9,avi,video,18944,0.02,https://www.justice.gov/epstein/files/DataSet%209/EFTA00279763.pdf,False,,,0.1,320x240,Silent surveillance video; 320x240; 0s
EFTA00279764,9,avi,video,12288,0.01,https://www.justice.gov/epstein/files/DataSet%209/EFTA00279764.pdf,False,,,0.0,320x240,Silent surveillance video; 320x240
EFTA00279765,9,avi,video,18944,0.02,https://www.justice.gov/epstein/files/DataSet%209/EFTA00279765.pdf,False,,,0.1,320x240,Silent surveillance video; 320x240; 0s
EFTA00279766,9,avi,video,19968,0.02,https://www.justice.gov/epstein/files/DataSet%209/EFTA00279766.pdf,False,,,0.1,320x240,Silent surveillance video; 320x240; 0s
EFTA00279767,9,avi,video,49152,0.05,https://www.justice.gov/epstein/files/DataSet%209/EFTA00279767.pdf,False,,,0.1,320x240,Silent surveillance video; 320x240; 0s
EFTA00279768,9,avi,video,18944,0.02,https://www.justice.gov/epstein/files/DataSet%209/EFTA00279768.pdf,False,,,0.1,320x240,Silent surveillance video; 320x240; 0s
EFTA00279769,9,avi,video,18432,0.02,https://www.justice.gov/epstein/files/DataSet%209/EFTA00279769.pdf,False,,,0.1,320x240,Silent surveillance video; 320x240; 0s
EFTA00279770,9,avi,video,18432,0.02,https://www.justice.gov/epstein/files/DataSet%209/EFTA00279770.pdf,False,,,0.0,320x240,Silent surveillance video; 320x240
EFTA00279771,9,avi,video,144384,0.14,https://www.justice.gov/epstein/files/DataSet%209/EFTA00279771.pdf,False,,,0.2,320x240,Silent surveillance video; 320x240; 0s
EFTA00279772,9,avi,video,20480,0.02,https://www.justice.gov/epstein/files/DataSet%209/EFTA00279772.pdf,False,,,0.1,320x240,Silent surveillance video; 320x240; 0s
EFTA00279773,9,avi,video,26624,0.03,https://www.justice.gov/epstein/files/DataSet%209/EFTA00279773.pdf,False,,,0.1,320x240,Silent surveillance video; 320x240; 0s
EFTA00279774,9,avi,video,26624,0.03,https://www.justice.gov/epstein/files/DataSet%209/EFTA00279774.pdf,False,,,0.1,320x240,Silent surveillance video; 320x240; 0s
EFTA00279775,9,avi,video,25088,0.02,https://www.justice.gov/epstein/files/DataSet%209/EFTA00279775.pdf,False,,,0.1,320x240,Silent surveillance video; 320x240; 0s
EFTA00279776,9,avi,video,13312,0.01,https://www.justice.gov/epstein/files/DataSet%209/EFTA00279776.pdf,False,,,0.0,320x240,Silent surveillance video; 320x240
EFTA00279777,9,avi,video,13312,0.01,https://www.justice.gov/epstein/files/DataSet%209/EFTA00279777.pdf,False,,,0.0,320x240,Silent surveillance video; 320x240
EFTA00279778,9,avi,video,14336,0.01,https://www.justice.gov/epstein/files/DataSet%209/EFTA00279778.pdf,False,,,0.0,320x240,Silent surveillance video; 320x240
EFTA00279779,9,avi,video,12800,0.01,https://www.justice.gov/epstein/files/DataSet%209/EFTA00279779.pdf,False,,,0.0,320x240,Silent surveillance video; 320x240
EFTA00279780,9,avi,video,13824,0.01,https://www.justice.gov/epstein/files/DataSet%209/EFTA00279780.pdf,False,,,0.0,320x240,Silent surveillance video; 320x240
EFTA00279781,9,avi,video,15360,0.01,https://www.justice.gov/epstein/files/DataSet%209/EFTA00279781.pdf,False,,,0.0,320x240,Silent surveillance video; 320x240
EFTA00279782,9,avi,video,12800,0.01,https://www.justice.gov/epstein/files/DataSet%209/EFTA00279782.pdf,False,,,0.0,320x240,Silent surveillance video; 320x240
EFTA00279783,9,avi,video,27648,0.03,https://www.justice.gov/epstein/files/DataSet%209/EFTA00279783.pdf,False,,,0.1,320x240,Silent surveillance video; 320x240; 0s
EFTA00279784,9,avi,video,14336,0.01,https://www.justice.gov/epstein/files/DataSet%209/EFTA00279784.pdf,False,,,0.0,320x240,Silent surveillance video; 320x240
EFTA00279785,9,avi,video,14848,0.01,https://www.justice.gov/epstein/files/DataSet%209/EFTA00279785.pdf,False,,,0.0,320x240,Silent surveillance video; 320x240
EFTA00279786,9,avi,video,15360,0.01,https://www.justice.gov/epstein/files/DataSet%209/EFTA00279786.pdf,False,,,0.0,320x240,Silent surveillance video; 320x240
EFTA00279787,9,avi,video,30720,0.03,https://www.justice.gov/epstein/files/DataSet%209/EFTA00279787.pdf,False,,,0.1,320x240,Silent surveillance video; 320x240; 0s
EFTA00279788,9,avi,video,15872,0.02,https://www.justice.gov/epstein/files/DataSet%209/EFTA00279788.pdf,False,,,0.0,320x240,Silent surveillance video; 320x240
EFTA00279789,9,avi,video,16896,0.02,https://www.justice.gov/epstein/files/DataSet%209/EFTA00279789.pdf,False,,,0.0,320x240,Silent surveillance video; 320x240
EFTA00279790,9,avi,video,16896,0.02,https://www.justice.gov/epstein/files/DataSet%209/EFTA00279790.pdf,False,,,0.0,320x240,Silent surveillance video; 320x240
EFTA00279791,9,avi,video,31232,0.03,https://www.justice.gov/epstein/files/DataSet%209/EFTA00279791.pdf,False,,,0.1,320x240,Silent surveillance video; 320x240; 0s
EFTA00279792,9,avi,video,39936,0.04,https://www.justice.gov/epstein/files/DataSet%209/EFTA00279792.pdf,False,,,0.1,320x240,Silent surveillance video; 320x240; 0s
EFTA00279793,9,avi,video,17408,0.02,https://www.justice.gov/epstein/files/DataSet%209/EFTA00279793.pdf,False,,,0.0,320x240,Silent surveillance video; 320x240
EFTA00279794,9,avi,video,16896,0.02,https://www.justice.gov/epstein/files/DataSet%209/EFTA00279794.pdf,False,,,0.0,320x240,Silent surveillance video; 320x240
EFTA00279795,9,avi,video,17920,0.02,https://www.justice.gov/epstein/files/DataSet%209/EFTA00279795.pdf,False,,,0.0,320x240,Silent surveillance video; 320x240
EFTA00279796,9,avi,video,17408,0.02,https://www.justice.gov/epstein/files/DataSet%209/EFTA00279796.pdf,False,,,0.0,320x240,Silent surveillance video; 320x240
EFTA00279797,9,avi,video,3072,0.0,https://www.justice.gov/epstein/files/DataSet%209/EFTA00279797.pdf,False,,,0.0,320x240,Silent surveillance video; 320x240
EFTA00279798,9,avi,video,16384,0.02,https://www.justice.gov/epstein/files/DataSet%209/EFTA00279798.pdf,False,,,0.0,320x240,Silent surveillance video; 320x240
EFTA00279799,9,avi,video,16896,0.02,https://www.justice.gov/epstein/files/DataSet%209/EFTA00279799.pdf,False,,,0.0,320x240,Silent surveillance video; 320x240
EFTA00279800,9,avi,video,16896,0.02,https://www.justice.gov/epstein/files/DataSet%209/EFTA00279800.pdf,False,,,0.0,320x240,Silent surveillance video; 320x240
EFTA00279801,9,avi,video,16896,0.02,https://www.justice.gov/epstein/files/DataSet%209/EFTA00279801.pdf,False,,,0.0,320x240,Silent surveillance video; 320x240
EFTA00279802,9,avi,video,16384,0.02,https://www.justice.gov/epstein/files/DataSet%209/EFTA00279802.pdf,False,,,0.0,320x240,Silent surveillance video; 320x240
EFTA00279803,9,avi,video,31232,0.03,https://www.justice.gov/epstein/files/DataSet%209/EFTA00279803.pdf,False,,,0.1,320x240,Silent surveillance video; 320x240; 0s
EFTA00279804,9,avi,video,30720,0.03,https://www.justice.gov/epstein/files/DataSet%209/EFTA00279804.pdf,False,,,0.1,320x240,Silent surveillance video; 320x240; 0s
EFTA00279805,9,avi,video,16896,0.02,https://www.justice.gov/epstein/files/DataSet%209/EFTA00279805.pdf,False,,,0.0,320x240,Silent surveillance video; 320x240
EFTA00279806,9,avi,video,16896,0.02,https://www.justice.gov/epstein/files/DataSet%209/EFTA00279806.pdf,False,,,0.0,320x240,Silent surveillance video; 320x240
EFTA00279807,9,avi,video,16896,0.02,https://www.justice.gov/epstein/files/DataSet%209/EFTA00279807.pdf,False,,,0.0,320x240,Silent surveillance video; 320x240
EFTA00279808,9,avi,video,16896,0.02,https://www.justice.gov/epstein/files/DataSet%209/EFTA00279808.pdf,False,,,0.0,320x240,Silent surveillance video; 320x240
EFTA00279809,9,avi,video,16896,0.02,https://www.justice.gov/epstein/files/DataSet%209/EFTA00279809.pdf,False,,,0.0,320x240,Silent surveillance video; 320x240
EFTA00279810,9,avi,video,16384,0.02,https://www.justice.gov/epstein/files/DataSet%209/EFTA00279810.pdf,False,,,0.0,320x240,Silent surveillance video; 320x240
EFTA00279811,9,avi,video,30720,0.03,https://www.justice.gov/epstein/files/DataSet%209/EFTA00279811.pdf,False,,,0.1,320x240,Silent surveillance video; 320x240; 0s
EFTA00279812,9,avi,video,16896,0.02,https://www.justice.gov/epstein/files/DataSet%209/EFTA00279812.pdf,False,,,0.0,320x240,Silent surveillance video; 320x240
EFTA00279813,9,avi,video,16896,0.02,https://www.justice.gov/epstein/files/DataSet%209/EFTA00279813.pdf,False,,,0.0,320x240,Silent surveillance video; 320x240
EFTA00279814,9,avi,video,31744,0.03,https://www.justice.gov/epstein/files/DataSet%209/EFTA00279814.pdf,False,,,0.1,320x240,Silent surveillance video; 320x240; 0s
EFTA00279815,9,avi,video,16384,0.02,https://www.justice.gov/epstein/files/DataSet%209/EFTA00279815.pdf,False,,,0.0,320x240,Silent surveillance video; 320x240
EFTA00279816,9,avi,video,31232,0.03,https://www.justice.gov/epstein/files/DataSet%209/EFTA00279816.pdf,False,,,0.1,320x240,Silent surveillance video; 320x240; 0s
EFTA00279817,9,avi,video,16384,0.02,https://www.justice.gov/epstein/files/DataSet%209/EFTA00279817.pdf,False,,,0.0,320x240,Silent surveillance video; 320x240
EFTA00279818,9,avi,video,16896,0.02,https://www.justice.gov/epstein/files/DataSet%209/EFTA00279818.pdf,False,,,0.0,320x240,Silent surveillance video; 320x240
EFTA00279819,9,avi,video,16384,0.02,https://www.justice.gov/epstein/files/DataSet%209/EFTA00279819.pdf,False,,,0.0,320x240,Silent surveillance video; 320x240
EFTA00279820,9,avi,video,15872,0.02,https://www.justice.gov/epstein/files/DataSet%209/EFTA00279820.pdf,False,,,0.0,320x240,Silent surveillance video; 320x240
EFTA00279821,9,avi,video,15872,0.02,https://www.justice.gov/epstein/files/DataSet%209/EFTA00279821.pdf,False,,,0.0,320x240,Silent surveillance video; 320x240
EFTA00279822,9,avi,video,15360,0.01,https://www.justice.gov/epstein/files/DataSet%209/EFTA00279822.pdf,False,,,0.0,320x240,Silent surveillance video; 320x240
EFTA00279823,9,avi,video,29696,0.03,https://www.justice.gov/epstein/files/DataSet%209/EFTA00279823.pdf,False,,,0.1,320x240,Silent surveillance video; 320x240; 0s
EFTA00279824,9,avi,video,14336,0.01,https://www.justice.gov/epstein/files/DataSet%209/EFTA00279824.pdf,False,,,0.0,320x240,Silent surveillance video; 320x240
EFTA00279825,9,avi,video,15360,0.01,https://www.justice.gov/epstein/files/DataSet%209/EFTA00279825.pdf,False,,,0.0,320x240,Silent surveillance video; 320x240
EFTA00279826,9,avi,video,15872,0.02,https://www.justice.gov/epstein/files/DataSet%209/EFTA00279826.pdf,False,,,0.0,320x240,Silent surveillance video; 320x240
EFTA00279827,9,avi,video,16896,0.02,https://www.justice.gov/epstein/files/DataSet%209/EFTA00279827.pdf,False,,,0.0,320x240,Silent surveillance video; 320x240
EFTA00279828,9,avi,video,31232,0.03,https://www.justice.gov/epstein/files/DataSet%209/EFTA00279828.pdf,False,,,0.1,320x240,Silent surveillance video; 320x240; 0s
EFTA00279829,9,avi,video,16384,0.02,https://www.justice.gov/epstein/files/DataSet%209/EFTA00279829.pdf,False,,,0.0,320x240,Silent surveillance video; 320x240
EFTA00279830,9,avi,video,15360,0.01,https://www.justice.gov/epstein/files/DataSet%209/EFTA00279830.pdf,False,,,0.0,320x240,Silent surveillance video; 320x240
EFTA00279831,9,avi,video,29184,0.03,https://www.justice.gov/epstein/files/DataSet%209/EFTA00279831.pdf,False,,,0.1,320x240,Silent surveillance video; 320x240; 0s
EFTA00279832,9,avi,video,14848,0.01,https://www.justice.gov/epstein/files/DataSet%209/EFTA00279832.pdf,False,,,0.0,320x240,Silent surveillance video; 320x240
EFTA00279833,9,avi,video,14336,0.01,https://www.justice.gov/epstein/files/DataSet%209/EFTA00279833.pdf,False,,,0.0,320x240,Silent surveillance video; 320x240
EFTA00279834,9,avi,video,15360,0.01,https://www.justice.gov/epstein/files/DataSet%209/EFTA00279834.pdf,False,,,0.0,320x240,Silent surveillance video; 320x240
EFTA00279835,9,avi,video,15872,0.02,https://www.justice.gov/epstein/files/DataSet%209/EFTA00279835.pdf,False,,,0.0,320x240,Silent surveillance video; 320x240
EFTA00279836,9,avi,video,14848,0.01,https://www.justice.gov/epstein/files/DataSet%209/EFTA00279836.pdf,False,,,0.0,320x240,Silent surveillance video; 320x240
EFTA00279837,9,avi,video,14848,0.01,https://www.justice.gov/epstein/files/DataSet%209/EFTA00279837.pdf,False,,,0.0,320x240,Silent surveillance video; 320x240
EFTA00279838,9,avi,video,15872,0.02,https://www.justice.gov/epstein/files/DataSet%209/EFTA00279838.pdf,False,,,0.0,320x240,Silent surveillance video; 320x240
EFTA00279839,9,avi,video,15360,0.01,https://www.justice.gov/epstein/files/DataSet%209/EFTA00279839.pdf,False,,,0.0,320x240,Silent surveillance video; 320x240
EFTA00279840,9,avi,video,15872,0.02,https://www.justice.gov/epstein/files/DataSet%209/EFTA00279840.pdf,False,,,0.0,320x240,Silent surveillance video; 320x240
EFTA00279841,9,avi,video,16384,0.02,https://www.justice.gov/epstein/files/DataSet%209/EFTA00279841.pdf,False,,,0.0,320x240,Silent surveillance video; 320x240
EFTA00279842,9,avi,video,30208,0.03,https://www.justice.gov/epstein/files/DataSet%209/EFTA00279842.pdf,False,,,0.1,320x240,Silent surveillance video; 320x240; 0s
EFTA00279843,9,avi,video,16384,0.02,https://www.justice.gov/epstein/files/DataSet%209/EFTA00279843.pdf,False,,,0.0,320x240,Silent surveillance video; 320x240
EFTA00279844,9,avi,video,16384,0.02,https://www.justice.gov/epstein/files/DataSet%209/EFTA00279844.pdf,False,,,0.0,320x240,Silent surveillance video; 320x240
EFTA00279845,9,avi,video,30720,0.03,https://www.justice.gov/epstein/files/DataSet%209/EFTA00279845.pdf,False,,,0.1,320x240,Silent surveillance video; 320x240; 0s
EFTA00279846,9,avi,video,29696,0.03,https://www.justice.gov/epstein/files/DataSet%209/EFTA00279846.pdf,False,,,0.1,320x240,Silent surveillance video; 320x240; 0s
EFTA00279847,9,avi,video,15872,0.02,https://www.justice.gov/epstein/files/DataSet%209/EFTA00279847.pdf,False,,,0.0,320x240,Silent surveillance video; 320x240
EFTA00279848,9,avi,video,17408,0.02,https://www.justice.gov/epstein/files/DataSet%209/EFTA00279848.pdf,False,,,0.0,320x240,Silent surveillance video; 320x240
EFTA00279849,9,avi,video,16384,0.02,https://www.justice.gov/epstein/files/DataSet%209/EFTA00279849.pdf,False,,,0.0,320x240,Silent surveillance video; 320x240
EFTA00279850,9,avi,video,16896,0.02,https://www.justice.gov/epstein/files/DataSet%209/EFTA00279850.pdf,False,,,0.0,320x240,Silent surveillance video; 320x240
EFTA00279851,9,avi,video,15872,0.02,https://www.justice.gov/epstein/files/DataSet%209/EFTA00279851.pdf,False,,,0.0,320x240,Silent surveillance video; 320x240
EFTA00279852,9,avi,video,31232,0.03,https://www.justice.gov/epstein/files/DataSet%209/EFTA00279852.pdf,False,,,0.1,320x240,Silent surveillance video; 320x240; 0s
EFTA00279853,9,avi,video,16384,0.02,https://www.justice.gov/epstein/files/DataSet%209/EFTA00279853.pdf,False,,,0.0,320x240,Silent surveillance video; 320x240
EFTA00279854,9,avi,video,16896,0.02,https://www.justice.gov/epstein/files/DataSet%209/EFTA00279854.pdf,False,,,0.0,320x240,Silent surveillance video; 320x240
EFTA00279855,9,avi,video,31232,0.03,https://www.justice.gov/epstein/files/DataSet%209/EFTA00279855.pdf,False,,,0.1,320x240,Silent surveillance video; 320x240; 0s
EFTA00279856,9,avi,video,16384,0.02,https://www.justice.gov/epstein/files/DataSet%209/EFTA00279856.pdf,False,,,0.0,320x240,Silent surveillance video; 320x240
EFTA00279857,9,avi,video,16384,0.02,https://www.justice.gov/epstein/files/DataSet%209/EFTA00279857.pdf,False,,,0.0,320x240,Silent surveillance video; 320x240
EFTA00279858,9,avi,video,30720,0.03,https://www.justice.gov/epstein/files/DataSet%209/EFTA00279858.pdf,False,,,0.1,320x240,Silent surveillance video; 320x240; 0s
EFTA00279859,9,avi,video,30720,0.03,https://www.justice.gov/epstein/files/DataSet%209/EFTA00279859.pdf,False,,,0.1,320x240,Silent surveillance video; 320x240; 0s
EFTA00279860,9,avi,video,16384,0.02,https://www.justice.gov/epstein/files/DataSet%209/EFTA00279860.pdf,False,,,0.0,320x240,Silent surveillance video; 320x240
EFTA00279861,9,avi,video,16896,0.02,https://www.justice.gov/epstein/files/DataSet%209/EFTA00279861.pdf,False,,,0.0,320x240,Silent surveillance video; 320x240
EFTA00279862,9,avi,video,16896,0.02,https://www.justice.gov/epstein/files/DataSet%209/EFTA00279862.pdf,False,,,0.0,320x240,Silent surveillance video; 320x240
EFTA00279863,9,avi,video,16896,0.02,https://www.justice.gov/epstein/files/DataSet%209/EFTA00279863.pdf,False,,,0.0,320x240,Silent surveillance video; 320x240
EFTA00279864,9,avi,video,16896,0.02,https://www.justice.gov/epstein/files/DataSet%209/EFTA00279864.pdf,False,,,0.0,320x240,Silent surveillance video; 320x240
EFTA00279865,9,avi,video,16896,0.02,https://www.justice.gov/epstein/files/DataSet%209/EFTA00279865.pdf,False,,,0.0,320x240,Silent surveillance video; 320x240
EFTA00279866,9,avi,video,16384,0.02,https://www.justice.gov/epstein/files/DataSet%209/EFTA00279866.pdf,False,,,0.0,320x240,Silent surveillance video; 320x240
EFTA00279867,9,avi,video,16384,0.02,https://www.justice.gov/epstein/files/DataSet%209/EFTA00279867.pdf,False,,,0.0,320x240,Silent surveillance video; 320x240
EFTA00279868,9,avi,video,30720,0.03,https://www.justice.gov/epstein/files/DataSet%209/EFTA00279868.pdf,False,,,0.1,320x240,Silent surveillance video; 320x240; 0s
EFTA00279869,9,avi,video,17408,0.02,https://www.justice.gov/epstein/files/DataSet%209/EFTA00279869.pdf,False,,,0.0,320x240,Silent surveillance video; 320x240
EFTA00279870,9,avi,video,17408,0.02,https://www.justice.gov/epstein/files/DataSet%209/EFTA00279870.pdf,False,,,0.0,320x240,Silent surveillance video; 320x240
EFTA00279871,9,avi,video,30208,0.03,https://www.justice.gov/epstein/files/DataSet%209/EFTA00279871.pdf,False,,,0.1,320x240,Silent surveillance video; 320x240; 0s
EFTA00279872,9,avi,video,16896,0.02,https://www.justice.gov/epstein/files/DataSet%209/EFTA00279872.pdf,False,,,0.0,320x240,Silent surveillance video; 320x240
EFTA00279873,9,avi,video,16896,0.02,https://www.justice.gov/epstein/files/DataSet%209/EFTA00279873.pdf,False,,,0.0,320x240,Silent surveillance video; 320x240
EFTA00279874,9,avi,video,16896,0.02,https://www.justice.gov/epstein/files/DataSet%209/EFTA00279874.pdf,False,,,0.0,320x240,Silent surveillance video; 320x240
EFTA00279875,9,avi,video,17408,0.02,https://www.justice.gov/epstein/files/DataSet%209/EFTA00279875.pdf,False,,,0.0,320x240,Silent surveillance video; 320x240
EFTA00279876,9,avi,video,17408,0.02,https://www.justice.gov/epstein/files/DataSet%209/EFTA00279876.pdf,False,,,0.0,320x240,Silent surveillance video; 320x240
EFTA00279877,9,avi,video,18432,0.02,https://www.justice.gov/epstein/files/DataSet%209/EFTA00279877.pdf,False,,,0.1,320x240,Silent surveillance video; 320x240; 0s
EFTA00279878,9,avi,video,15872,0.02,https://www.justice.gov/epstein/files/DataSet%209/EFTA00279878.pdf,False,,,0.0,320x240,Silent surveillance video; 320x240
EFTA00279879,9,avi,video,16896,0.02,https://www.justice.gov/epstein/files/DataSet%209/EFTA00279879.pdf,False,,,0.0,320x240,Silent surveillance video; 320x240
EFTA00279880,9,avi,video,3072,0.0,https://www.justice.gov/epstein/files/DataSet%209/EFTA00279880.pdf,False,,,0.0,320x240,Silent surveillance video; 320x240
EFTA00279881,9,avi,video,3072,0.0,https://www.justice.gov/epstein/files/DataSet%209/EFTA00279881.pdf,False,,,0.0,320x240,Silent surveillance video; 320x240
EFTA00279882,9,avi,video,8704,0.01,https://www.justice.gov/epstein/files/DataSet%209/EFTA00279882.pdf,False,,,0.0,320x240,Silent surveillance video; 320x240
EFTA00279883,9,avi,video,38400,0.04,https://www.justice.gov/epstein/files/DataSet%209/EFTA00279883.pdf,False,,,0.2,320x240,Silent surveillance video; 320x240; 0s
EFTA00279884,9,avi,video,10752,0.01,https://www.justice.gov/epstein/files/DataSet%209/EFTA00279884.pdf,False,,,0.0,320x240,Silent surveillance video; 320x240
EFTA00279885,9,avi,video,14848,0.01,https://www.justice.gov/epstein/files/DataSet%209/EFTA00279885.pdf,False,,,0.1,320x240,Silent surveillance video; 320x240; 0s
EFTA00279886,9,avi,video,14336,0.01,https://www.justice.gov/epstein/files/DataSet%209/EFTA00279886.pdf,False,,,0,,Video file
EFTA00279887,9,avi,video,181760,0.17,https://www.justice.gov/epstein/files/DataSet%209/EFTA00279887.pdf,False,,,0.0,320x240,Silent surveillance video; 320x240
EFTA00279888,9,avi,video,9728,0.01,https://www.justice.gov/epstein/files/DataSet%209/EFTA00279888.pdf,False,,,0.0,320x240,Silent surveillance video; 320x240
EFTA00279889,9,avi,video,30208,0.03,https://www.justice.gov/epstein/files/DataSet%209/EFTA00279889.pdf,False,,,0.1,320x240,Silent surveillance video; 320x240; 0s
EFTA00279890,9,avi,video,32256,0.03,https://www.justice.gov/epstein/files/DataSet%209/EFTA00279890.pdf,False,,,0.0,320x240,Silent surveillance video; 320x240
EFTA00279891,9,avi,video,14848,0.01,https://www.justice.gov/epstein/files/DataSet%209/EFTA00279891.pdf,False,,,0.0,320x240,Silent surveillance video; 320x240
EFTA00279892,9,avi,video,12800,0.01,https://www.justice.gov/epstein/files/DataSet%209/EFTA00279892.pdf,False,,,0,,Video file
EFTA00279893,9,avi,video,142848,0.14,https://www.justice.gov/epstein/files/DataSet%209/EFTA00279893.pdf,False,,,0.7,320x240,Silent surveillance video; 320x240; 1s
EFTA00279894,9,avi,video,8192,0.01,https://www.justice.gov/epstein/files/DataSet%209/EFTA00279894.pdf,False,,,0.0,320x240,Silent surveillance video; 320x240
EFTA00279895,9,avi,video,42496,0.04,https://www.justice.gov/epstein/files/DataSet%209/EFTA00279895.pdf,False,,,0.1,320x240,Silent surveillance video; 320x240; 0s
EFTA00279896,9,avi,video,15360,0.01,https://www.justice.gov/epstein/files/DataSet%209/EFTA00279896.pdf,False,,,0.0,320x240,Silent surveillance video; 320x240
EFTA00279897,9,avi,video,17920,0.02,https://www.justice.gov/epstein/files/DataSet%209/EFTA00279897.pdf,False,,,0.0,320x240,Silent surveillance video; 320x240
EFTA00279898,9,avi,video,17408,0.02,https://www.justice.gov/epstein/files/DataSet%209/EFTA00279898.pdf,False,,,0.0,320x240,Silent surveillance video; 320x240
EFTA00279899,9,avi,video,17408,0.02,https://www.justice.gov/epstein/files/DataSet%209/EFTA00279899.pdf,False,,,0.0,320x240,Silent surveillance video; 320x240
EFTA00279900,9,avi,video,20992,0.02,https://www.justice.gov/epstein/files/DataSet%209/EFTA00279900.pdf,False,,,0.0,320x240,Silent surveillance video; 320x240
EFTA00279901,9,avi,video,19968,0.02,https://www.justice.gov/epstein/files/DataSet%209/EFTA00279901.pdf,False,,,0.0,320x240,Silent surveillance video; 320x240
EFTA00279902,9,avi,video,18432,0.02,https://www.justice.gov/epstein/files/DataSet%209/EFTA00279902.pdf,False,,,0.0,320x240,Silent surveillance video; 320x240
EFTA00279903,9,avi,video,14848,0.01,https://www.justice.gov/epstein/files/DataSet%209/EFTA00279903.pdf,False,,,0.0,320x240,Silent surveillance video; 320x240
EFTA00279904,9,avi,video,15872,0.02,https://www.justice.gov/epstein/files/DataSet%209/EFTA00279904.pdf,False,,,0.0,320x240,Silent surveillance video; 320x240
EFTA00279905,9,avi,video,15360,0.01,https://www.justice.gov/epstein/files/DataSet%209/EFTA00279905.pdf,False,,,0.0,320x240,Silent surveillance video; 320x240
EFTA00279906,9,avi,video,27648,0.03,https://www.justice.gov/epstein/files/DataSet%209/EFTA00279906.pdf,False,,,0.1,320x240,Silent surveillance video; 320x240; 0s
EFTA00279907,9,avi,video,16384,0.02,https://www.justice.gov/epstein/files/DataSet%209/EFTA00279907.pdf,False,,,0.0,320x240,Silent surveillance video; 320x240
EFTA00279908,9,avi,video,15872,0.02,https://www.justice.gov/epstein/files/DataSet%209/EFTA00279908.pdf,False,,,0.0,320x240,Silent surveillance video; 320x240
EFTA00279909,9,avi,video,16384,0.02,https://www.justice.gov/epstein/files/DataSet%209/EFTA00279909.pdf,False,,,0.0,320x240,Silent surveillance video; 320x240
EFTA00279910,9,avi,video,15872,0.02,https://www.justice.gov/epstein/files/DataSet%209/EFTA00279910.pdf,False,,,0.0,320x240,Silent surveillance video; 320x240
EFTA00279911,9,avi,video,15872,0.02,https://www.justice.gov/epstein/files/DataSet%209/EFTA00279911.pdf,False,,,0.0,320x240,Silent surveillance video; 320x240
EFTA00279912,9,avi,video,15360,0.01,https://www.justice.gov/epstein/files/DataSet%209/EFTA00279912.pdf,False,,,0.0,320x240,Silent surveillance video; 320x240
EFTA00279913,9,avi,video,15872,0.02,https://www.justice.gov/epstein/files/DataSet%209/EFTA00279913.pdf,False,,,0.0,320x240,Silent surveillance video; 320x240
EFTA00279914,9,avi,video,14848,0.01,https://www.justice.gov/epstein/files/DataSet%209/EFTA00279914.pdf,False,,,0.0,320x240,Silent surveillance video; 320x240
EFTA00279915,9,avi,video,15360,0.01,https://www.justice.gov/epstein/files/DataSet%209/EFTA00279915.pdf,False,,,0.0,320x240,Silent surveillance video; 320x240
EFTA00279916,9,avi,video,16384,0.02,https://www.justice.gov/epstein/files/DataSet%209/EFTA00279916.pdf,False,,,0.0,320x240,Silent surveillance video; 320x240
EFTA00279917,9,avi,video,15360,0.01,https://www.justice.gov/epstein/files/DataSet%209/EFTA00279917.pdf,False,,,0.0,320x240,Silent surveillance video; 320x240
EFTA00279918,9,avi,video,16384,0.02,https://www.justice.gov/epstein/files/DataSet%209/EFTA00279918.pdf,False,,,0.0,320x240,Silent surveillance video; 320x240
EFTA00279919,9,avi,video,15360,0.01,https://www.justice.gov/epstein/files/DataSet%209/EFTA00279919.pdf,False,,,0.0,320x240,Silent surveillance video; 320x240
EFTA00279920,9,avi,video,16384,0.02,https://www.justice.gov/epstein/files/DataSet%209/EFTA00279920.pdf,False,,,0.0,320x240,Silent surveillance video; 320x240
EFTA00279921,9,avi,video,16896,0.02,https://www.justice.gov/epstein/files/DataSet%209/EFTA00279921.pdf,False,,,0.0,320x240,Silent surveillance video; 320x240
EFTA00279922,9,avi,video,16896,0.02,https://www.justice.gov/epstein/files/DataSet%209/EFTA00279922.pdf,False,,,0.0,320x240,Silent surveillance video; 320x240
EFTA00279923,9,avi,video,16896,0.02,https://www.justice.gov/epstein/files/DataSet%209/EFTA00279923.pdf,False,,,0.0,320x240,Silent surveillance video; 320x240
EFTA00279924,9,avi,video,15360,0.01,https://www.justice.gov/epstein/files/DataSet%209/EFTA00279924.pdf,False,,,0.0,320x240,Silent surveillance video; 320x240
EFTA00279925,9,avi,video,13312,0.01,https://www.justice.gov/epstein/files/DataSet%209/EFTA00279925.pdf,False,,,0.0,320x240,Silent surveillance video; 320x240
EFTA00279926,9,avi,video,15872,0.02,https://www.justice.gov/epstein/files/DataSet%209/EFTA00279926.pdf,False,,,0.0,320x240,Silent surveillance video; 320x240
EFTA00279927,9,avi,video,15360,0.01,https://www.justice.gov/epstein/files/DataSet%209/EFTA00279927.pdf,False,,,0.0,320x240,Silent surveillance video; 320x240
EFTA00279928,9,avi,video,14848,0.01,https://www.justice.gov/epstein/files/DataSet%209/EFTA00279928.pdf,False,,,0.0,320x240,Silent surveillance video; 320x240
