efta_number,dataset,extension,category,file_size_bytes,file_size_mb,doj_pdf_link,has_audio,has_transcript,transcript_word_count,duration_seconds,video_resolution,brief_description
EFTA00003212,2,avi,video,1471924,1.4,https://www.justice.gov/epstein/files/DataSet%202/EFTA00003212.pdf,,yes,3,4.3,,Video with speech (3 words transcribed); 4s
EFTA00010707,8,mp4,video,19106311,18.22,https://www.justice.gov/epstein/files/DataSet%208/EFTA00010707.pdf,,yes,0,142.6,,MCC surveillance video (silent); 2.4min
EFTA00013397,8,unknown,unknown,,,https://www.justice.gov/epstein/files/DataSet%208/EFTA00013397.pdf,,,,,,No Images Produced — native file type unknown
EFTA00014716,8,m4a,audio,488648,0.47,https://www.justice.gov/epstein/files/DataSet%208/EFTA00014716.pdf,,yes,44,31.4,,Audio recording (44 words transcribed); 31s
EFTA00015032,8,xlsx,spreadsheet,7878,0.01,https://www.justice.gov/epstein/files/DataSet%208/EFTA00015032.pdf,,,,,,Spreadsheet (XLSX)
EFTA00015920,8,m4a,audio,314229,0.3,https://www.justice.gov/epstein/files/DataSet%208/EFTA00015920.pdf,,yes,82,35.5,,Audio recording (82 words transcribed); 36s
EFTA00016155,8,xlsx,spreadsheet,22608,0.02,https://www.justice.gov/epstein/files/DataSet%208/EFTA00016155.pdf,,,,,,Spreadsheet (XLSX)
EFTA00016338,8,csv,spreadsheet,775503,0.74,https://www.justice.gov/epstein/files/DataSet%208/EFTA00016338.pdf,,,,,,Spreadsheet (CSV)
EFTA00016339,8,csv,spreadsheet,975803,0.93,https://www.justice.gov/epstein/files/DataSet%208/EFTA00016339.pdf,,,,,,Spreadsheet (CSV)
EFTA00016340,8,csv,spreadsheet,708903,0.68,https://www.justice.gov/epstein/files/DataSet%208/EFTA00016340.pdf,,,,,,Spreadsheet (CSV)
EFTA00016341,8,csv,spreadsheet,150578,0.14,https://www.justice.gov/epstein/files/DataSet%208/EFTA00016341.pdf,,,,,,Spreadsheet (CSV)
EFTA00018595,8,xlsx,spreadsheet,14741,0.01,https://www.justice.gov/epstein/files/DataSet%208/EFTA00018595.pdf,,,,,,Spreadsheet (XLSX)
EFTA00019180,8,xls,spreadsheet,15872,0.02,https://www.justice.gov/epstein/files/DataSet%208/EFTA00019180.pdf,,,,,,Spreadsheet (XLS)
EFTA00019181,8,xls,spreadsheet,12288,0.01,https://www.justice.gov/epstein/files/DataSet%208/EFTA00019181.pdf,,,,,,Spreadsheet (XLS)
EFTA00020242,8,xlsx,spreadsheet,21193,0.02,https://www.justice.gov/epstein/files/DataSet%208/EFTA00020242.pdf,,,,,,Spreadsheet (XLSX)
EFTA00021326,8,m4a,audio,431255,0.41,https://www.justice.gov/epstein/files/DataSet%208/EFTA00021326.pdf,,yes,48,28.6,,Audio recording (48 words transcribed); 29s
EFTA00023539,8,xlsx,spreadsheet,8726,0.01,https://www.justice.gov/epstein/files/DataSet%208/EFTA00023539.pdf,,,,,,Spreadsheet (XLSX)
EFTA00024809,8,xlsx,spreadsheet,512641,0.49,https://www.justice.gov/epstein/files/DataSet%208/EFTA00024809.pdf,,,,,,Spreadsheet (XLSX)
EFTA00024813,8,xlsx,spreadsheet,20596,0.02,https://www.justice.gov/epstein/files/DataSet%208/EFTA00024813.pdf,,,,,,Spreadsheet (XLSX)
EFTA00028842,8,mp4,video,764181,0.73,https://www.justice.gov/epstein/files/DataSet%208/EFTA00028842.pdf,,yes,0,12.1,,MCC surveillance video (silent); 12s
EFTA00028983,8,mp3,audio,901137,0.86,https://www.justice.gov/epstein/files/DataSet%208/EFTA00028983.pdf,,yes,162,56.5,,Audio recording (162 words transcribed); 56s
EFTA00029272,8,xlsx,spreadsheet,7533,0.01,https://www.justice.gov/epstein/files/DataSet%208/EFTA00029272.pdf,,,,,,Spreadsheet (XLSX)
EFTA00029480,8,xlsx,spreadsheet,7940,0.01,https://www.justice.gov/epstein/files/DataSet%208/EFTA00029480.pdf,,,,,,Spreadsheet (XLSX)
EFTA00029995,8,mp4,video,5434816,5.18,https://www.justice.gov/epstein/files/DataSet%208/EFTA00029995.pdf,,yes,0,21.2,,MCC surveillance video (silent); 21s
EFTA00029996,8,mp4,video,2298221,2.19,https://www.justice.gov/epstein/files/DataSet%208/EFTA00029996.pdf,,yes,0,8.1,,MCC surveillance video (silent); 8s
EFTA00029997,8,mp4,video,4736383,4.52,https://www.justice.gov/epstein/files/DataSet%208/EFTA00029997.pdf,,yes,0,17.8,,MCC surveillance video (silent); 18s
EFTA00029998,8,mp4,video,5588068,5.33,https://www.justice.gov/epstein/files/DataSet%208/EFTA00029998.pdf,,yes,0,18.9,,MCC surveillance video (silent); 19s
EFTA00032989,8,mp4,video,22821241,21.76,https://www.justice.gov/epstein/files/DataSet%208/EFTA00032989.pdf,,yes,0,3624.5,,MCC surveillance video (silent); 1.0h
EFTA00032990,8,mp4,video,22730923,21.68,https://www.justice.gov/epstein/files/DataSet%208/EFTA00032990.pdf,,yes,0,3624.5,,MCC surveillance video (silent); 1.0h
EFTA00032991,8,mp4,video,22230714,21.2,https://www.justice.gov/epstein/files/DataSet%208/EFTA00032991.pdf,,yes,0,3624.5,,MCC surveillance video (silent); 1.0h
EFTA00033003,8,mp4,video,15450250,14.73,https://www.justice.gov/epstein/files/DataSet%208/EFTA00033003.pdf,,yes,0,3624.5,,MCC surveillance video (silent); 1.0h
EFTA00033004,8,mp4,video,15318377,14.61,https://www.justice.gov/epstein/files/DataSet%208/EFTA00033004.pdf,,yes,0,3624.5,,MCC surveillance video (silent); 1.0h
EFTA00033005,8,mp4,video,15136778,14.44,https://www.justice.gov/epstein/files/DataSet%208/EFTA00033005.pdf,,yes,0,3562.0,,MCC surveillance video (silent); 59.4min
EFTA00033006,8,mp4,video,15749814,15.02,https://www.justice.gov/epstein/files/DataSet%208/EFTA00033006.pdf,,yes,0,3624.5,,MCC surveillance video (silent); 1.0h
EFTA00033007,8,mp4,video,15726062,15.0,https://www.justice.gov/epstein/files/DataSet%208/EFTA00033007.pdf,,yes,0,3562.0,,MCC surveillance video (silent); 59.4min
EFTA00033008,8,mp4,video,15548969,14.83,https://www.justice.gov/epstein/files/DataSet%208/EFTA00033008.pdf,,yes,0,3562.0,,MCC surveillance video (silent); 59.4min
EFTA00033009,8,mp4,video,15758666,15.03,https://www.justice.gov/epstein/files/DataSet%208/EFTA00033009.pdf,,yes,0,3624.5,,MCC surveillance video (silent); 1.0h
EFTA00033010,8,mp4,video,16509708,15.74,https://www.justice.gov/epstein/files/DataSet%208/EFTA00033010.pdf,,yes,0,3562.0,,MCC surveillance video (silent); 59.4min
EFTA00033011,8,mp4,video,15385214,14.67,https://www.justice.gov/epstein/files/DataSet%208/EFTA00033011.pdf,,yes,0,3624.5,,MCC surveillance video (silent); 1.0h
EFTA00033012,8,mp4,video,15168581,14.47,https://www.justice.gov/epstein/files/DataSet%208/EFTA00033012.pdf,,yes,0,3562.0,,MCC surveillance video (silent); 59.4min
EFTA00033013,8,mp4,video,14735012,14.05,https://www.justice.gov/epstein/files/DataSet%208/EFTA00033013.pdf,,yes,0,3624.5,,MCC surveillance video (silent); 1.0h
EFTA00033014,8,mp4,video,14027542,13.38,https://www.justice.gov/epstein/files/DataSet%208/EFTA00033014.pdf,,yes,0,3562.0,,MCC surveillance video (silent); 59.4min
EFTA00033015,8,mp4,video,13785403,13.15,https://www.justice.gov/epstein/files/DataSet%208/EFTA00033015.pdf,,yes,0,3624.5,,MCC surveillance video (silent); 1.0h
EFTA00033016,8,mp4,video,14214297,13.56,https://www.justice.gov/epstein/files/DataSet%208/EFTA00033016.pdf,,yes,0,3562.0,,MCC surveillance video (silent); 59.4min
EFTA00033017,8,mp4,video,15377175,14.66,https://www.justice.gov/epstein/files/DataSet%208/EFTA00033017.pdf,,yes,0,3562.0,,MCC surveillance video (silent); 59.4min
EFTA00033018,8,mp4,video,15100782,14.4,https://www.justice.gov/epstein/files/DataSet%208/EFTA00033018.pdf,,yes,0,3624.5,,MCC surveillance video (silent); 1.0h
EFTA00033019,8,mp4,video,14771364,14.09,https://www.justice.gov/epstein/files/DataSet%208/EFTA00033019.pdf,,yes,0,3562.0,,MCC surveillance video (silent); 59.4min
EFTA00033020,8,mp4,video,15954143,15.22,https://www.justice.gov/epstein/files/DataSet%208/EFTA00033020.pdf,,yes,0,3624.5,,MCC surveillance video (silent); 1.0h
EFTA00033021,8,mp4,video,15687699,14.96,https://www.justice.gov/epstein/files/DataSet%208/EFTA00033021.pdf,,yes,0,3562.0,,MCC surveillance video (silent); 59.4min
EFTA00033022,8,mp4,video,16078732,15.33,https://www.justice.gov/epstein/files/DataSet%208/EFTA00033022.pdf,,yes,0,3624.5,,MCC surveillance video (silent); 1.0h
EFTA00033023,8,mp4,video,15640281,14.92,https://www.justice.gov/epstein/files/DataSet%208/EFTA00033023.pdf,,yes,0,3624.5,,MCC surveillance video (silent); 1.0h
EFTA00033024,8,mp4,video,14597118,13.92,https://www.justice.gov/epstein/files/DataSet%208/EFTA00033024.pdf,,yes,0,3562.0,,MCC surveillance video (silent); 59.4min
EFTA00033025,8,mp4,video,13588850,12.96,https://www.justice.gov/epstein/files/DataSet%208/EFTA00033025.pdf,,yes,0,3562.0,,MCC surveillance video (silent); 59.4min
EFTA00033026,8,mp4,video,14117952,13.46,https://www.justice.gov/epstein/files/DataSet%208/EFTA00033026.pdf,,yes,0,3562.0,,MCC surveillance video (silent); 59.4min
EFTA00033027,8,mp4,video,14417847,13.75,https://www.justice.gov/epstein/files/DataSet%208/EFTA00033027.pdf,,yes,0,3624.5,,MCC surveillance video (silent); 1.0h
EFTA00033028,8,mp4,video,14495996,13.82,https://www.justice.gov/epstein/files/DataSet%208/EFTA00033028.pdf,,yes,0,3590.5,,MCC surveillance video (silent); 59.8min
EFTA00033029,8,mp4,video,14349152,13.68,https://www.justice.gov/epstein/files/DataSet%208/EFTA00033029.pdf,,yes,0,3624.5,,MCC surveillance video (silent); 1.0h
EFTA00033030,8,mp4,video,16499589,15.74,https://www.justice.gov/epstein/files/DataSet%208/EFTA00033030.pdf,,yes,0,3562.0,,MCC surveillance video (silent); 59.4min
EFTA00033031,8,mp4,video,16023660,15.28,https://www.justice.gov/epstein/files/DataSet%208/EFTA00033031.pdf,,yes,0,3624.5,,MCC surveillance video (silent); 1.0h
EFTA00033032,8,mp4,video,17550326,16.74,https://www.justice.gov/epstein/files/DataSet%208/EFTA00033032.pdf,,yes,0,3624.5,,MCC surveillance video (silent); 1.0h
EFTA00033033,8,mp4,video,24683189,23.54,https://www.justice.gov/epstein/files/DataSet%208/EFTA00033033.pdf,,yes,0,3624.5,,MCC surveillance video (silent); 1.0h
EFTA00033034,8,mp4,video,24859181,23.71,https://www.justice.gov/epstein/files/DataSet%208/EFTA00033034.pdf,,yes,0,3624.5,,MCC surveillance video (silent); 1.0h
EFTA00033035,8,mp4,video,24299809,23.17,https://www.justice.gov/epstein/files/DataSet%208/EFTA00033035.pdf,,yes,0,3586.8,,MCC surveillance video (silent); 59.8min
EFTA00033036,8,mp4,video,24392292,23.26,https://www.justice.gov/epstein/files/DataSet%208/EFTA00033036.pdf,,yes,0,3562.0,,MCC surveillance video (silent); 59.4min
EFTA00033037,8,mp4,video,23862310,22.76,https://www.justice.gov/epstein/files/DataSet%208/EFTA00033037.pdf,,yes,0,3624.5,,MCC surveillance video (silent); 1.0h
EFTA00033038,8,mp4,video,24081848,22.97,https://www.justice.gov/epstein/files/DataSet%208/EFTA00033038.pdf,,yes,0,3557.5,,MCC surveillance video (silent); 59.3min
EFTA00033039,8,mp4,video,24836858,23.69,https://www.justice.gov/epstein/files/DataSet%208/EFTA00033039.pdf,,yes,0,3624.5,,MCC surveillance video (silent); 1.0h
EFTA00033040,8,mp4,video,25224489,24.06,https://www.justice.gov/epstein/files/DataSet%208/EFTA00033040.pdf,,yes,0,3624.5,,MCC surveillance video (silent); 1.0h
EFTA00033041,8,mp4,video,24586755,23.45,https://www.justice.gov/epstein/files/DataSet%208/EFTA00033041.pdf,,yes,0,3562.0,,MCC surveillance video (silent); 59.4min
EFTA00033042,8,mp4,video,23876377,22.77,https://www.justice.gov/epstein/files/DataSet%208/EFTA00033042.pdf,,yes,0,3562.0,,MCC surveillance video (silent); 59.4min
EFTA00033043,8,mp4,video,25090921,23.93,https://www.justice.gov/epstein/files/DataSet%208/EFTA00033043.pdf,,yes,0,3624.5,,MCC surveillance video (silent); 1.0h
EFTA00033044,8,mp4,video,24698556,23.55,https://www.justice.gov/epstein/files/DataSet%208/EFTA00033044.pdf,,yes,0,3562.0,,MCC surveillance video (silent); 59.4min
EFTA00033045,8,mp4,video,25064303,23.9,https://www.justice.gov/epstein/files/DataSet%208/EFTA00033045.pdf,,yes,0,3624.5,,MCC surveillance video (silent); 1.0h
EFTA00033046,8,mp4,video,24556462,23.42,https://www.justice.gov/epstein/files/DataSet%208/EFTA00033046.pdf,,yes,0,3562.0,,MCC surveillance video (silent); 59.4min
EFTA00033047,8,mp4,video,24929136,23.77,https://www.justice.gov/epstein/files/DataSet%208/EFTA00033047.pdf,,yes,0,3624.5,,MCC surveillance video (silent); 1.0h
EFTA00033048,8,mp4,video,24967133,23.81,https://www.justice.gov/epstein/files/DataSet%208/EFTA00033048.pdf,,yes,0,3624.5,,MCC surveillance video (silent); 1.0h
EFTA00033049,8,mp4,video,24684137,23.54,https://www.justice.gov/epstein/files/DataSet%208/EFTA00033049.pdf,,yes,0,3562.0,,MCC surveillance video (silent); 59.4min
EFTA00033050,8,mp4,video,23052330,21.98,https://www.justice.gov/epstein/files/DataSet%208/EFTA00033050.pdf,,yes,0,3562.0,,MCC surveillance video (silent); 59.4min
EFTA00033051,8,mp4,video,23893993,22.79,https://www.justice.gov/epstein/files/DataSet%208/EFTA00033051.pdf,,yes,0,3562.0,,MCC surveillance video (silent); 59.4min
EFTA00033052,8,mp4,video,24620836,23.48,https://www.justice.gov/epstein/files/DataSet%208/EFTA00033052.pdf,,yes,0,3624.5,,MCC surveillance video (silent); 1.0h
EFTA00033053,8,mp4,video,24553814,23.42,https://www.justice.gov/epstein/files/DataSet%208/EFTA00033053.pdf,,yes,0,3562.0,,MCC surveillance video (silent); 59.4min
EFTA00033054,8,mp4,video,24412345,23.28,https://www.justice.gov/epstein/files/DataSet%208/EFTA00033054.pdf,,yes,0,3624.5,,MCC surveillance video (silent); 1.0h
EFTA00033055,8,mp4,video,25313115,24.14,https://www.justice.gov/epstein/files/DataSet%208/EFTA00033055.pdf,,yes,0,3562.0,,MCC surveillance video (silent); 59.4min
EFTA00033056,8,mp4,video,22441124,21.4,https://www.justice.gov/epstein/files/DataSet%208/EFTA00033056.pdf,,yes,0,3624.5,,MCC surveillance video (silent); 1.0h
EFTA00033057,8,mp4,video,25134354,23.97,https://www.justice.gov/epstein/files/DataSet%208/EFTA00033057.pdf,,yes,0,3624.5,,MCC surveillance video (silent); 1.0h
EFTA00033058,8,mp4,video,24199632,23.08,https://www.justice.gov/epstein/files/DataSet%208/EFTA00033058.pdf,,yes,0,3566.5,,MCC surveillance video (silent); 59.4min
EFTA00033059,8,mp4,video,23505251,22.42,https://www.justice.gov/epstein/files/DataSet%208/EFTA00033059.pdf,,yes,0,3562.0,,MCC surveillance video (silent); 59.4min
EFTA00033060,8,mp4,video,23948236,22.84,https://www.justice.gov/epstein/files/DataSet%208/EFTA00033060.pdf,,yes,0,3562.0,,MCC surveillance video (silent); 59.4min
EFTA00033061,8,mp4,video,24064217,22.95,https://www.justice.gov/epstein/files/DataSet%208/EFTA00033061.pdf,,yes,0,3562.0,,MCC surveillance video (silent); 59.4min
EFTA00033062,8,mp4,video,24230939,23.11,https://www.justice.gov/epstein/files/DataSet%208/EFTA00033062.pdf,,yes,0,3562.0,,MCC surveillance video (silent); 59.4min
EFTA00033063,8,mp4,video,25250658,24.08,https://www.justice.gov/epstein/files/DataSet%208/EFTA00033063.pdf,,yes,0,3624.5,,MCC surveillance video (silent); 1.0h
EFTA00033064,8,mp4,video,25646661,24.46,https://www.justice.gov/epstein/files/DataSet%208/EFTA00033064.pdf,,yes,0,3624.5,,MCC surveillance video (silent); 1.0h
EFTA00033065,8,mp4,video,24682048,23.54,https://www.justice.gov/epstein/files/DataSet%208/EFTA00033065.pdf,,yes,0,3624.5,,MCC surveillance video (silent); 1.0h
EFTA00033066,8,mp4,video,24449993,23.32,https://www.justice.gov/epstein/files/DataSet%208/EFTA00033066.pdf,,yes,0,3624.5,,MCC surveillance video (silent); 1.0h
EFTA00033067,8,mp4,video,25083745,23.92,https://www.justice.gov/epstein/files/DataSet%208/EFTA00033067.pdf,,yes,0,3576.5,,MCC surveillance video (silent); 59.6min
EFTA00033068,8,mp4,video,24275645,23.15,https://www.justice.gov/epstein/files/DataSet%208/EFTA00033068.pdf,,yes,0,3624.5,,MCC surveillance video (silent); 1.0h
EFTA00033069,8,mp4,video,21283188,20.3,https://www.justice.gov/epstein/files/DataSet%208/EFTA00033069.pdf,,yes,0,3562.0,,MCC surveillance video (silent); 59.4min
EFTA00033070,8,mp4,video,23379425,22.3,https://www.justice.gov/epstein/files/DataSet%208/EFTA00033070.pdf,,yes,0,3562.0,,MCC surveillance video (silent); 59.4min
EFTA00033071,8,mp4,video,24486316,23.35,https://www.justice.gov/epstein/files/DataSet%208/EFTA00033071.pdf,,yes,0,3624.5,,MCC surveillance video (silent); 1.0h
EFTA00033072,8,mp4,video,25366859,24.19,https://www.justice.gov/epstein/files/DataSet%208/EFTA00033072.pdf,,yes,0,3624.5,,MCC surveillance video (silent); 1.0h
EFTA00033073,8,mp4,video,23822781,22.72,https://www.justice.gov/epstein/files/DataSet%208/EFTA00033073.pdf,,yes,0,3562.0,,MCC surveillance video (silent); 59.4min
EFTA00033074,8,mp4,video,24345398,23.22,https://www.justice.gov/epstein/files/DataSet%208/EFTA00033074.pdf,,yes,0,3562.0,,MCC surveillance video (silent); 59.4min
EFTA00033075,8,mp4,video,26270041,25.05,https://www.justice.gov/epstein/files/DataSet%208/EFTA00033075.pdf,,yes,0,3624.5,,MCC surveillance video (silent); 1.0h
EFTA00033076,8,mp4,video,24883631,23.73,https://www.justice.gov/epstein/files/DataSet%208/EFTA00033076.pdf,,yes,0,3624.5,,MCC surveillance video (silent); 1.0h
EFTA00033077,8,mp4,video,24521920,23.39,https://www.justice.gov/epstein/files/DataSet%208/EFTA00033077.pdf,,yes,0,3624.5,,MCC surveillance video (silent); 1.0h
EFTA00033078,8,mp4,video,24376016,23.25,https://www.justice.gov/epstein/files/DataSet%208/EFTA00033078.pdf,,yes,0,3624.5,,MCC surveillance video (silent); 1.0h
EFTA00033079,8,mp4,video,23903179,22.8,https://www.justice.gov/epstein/files/DataSet%208/EFTA00033079.pdf,,yes,0,3624.5,,MCC surveillance video (silent); 1.0h
EFTA00033080,8,mp4,video,24409189,23.28,https://www.justice.gov/epstein/files/DataSet%208/EFTA00033080.pdf,,yes,0,3624.5,,MCC surveillance video (silent); 1.0h
EFTA00033081,8,mp4,video,24003420,22.89,https://www.justice.gov/epstein/files/DataSet%208/EFTA00033081.pdf,,yes,0,3624.5,,MCC surveillance video (silent); 1.0h
EFTA00033082,8,mp4,video,22686060,21.64,https://www.justice.gov/epstein/files/DataSet%208/EFTA00033082.pdf,,yes,0,3624.5,,MCC surveillance video (silent); 1.0h
EFTA00033083,8,mp4,video,23706562,22.61,https://www.justice.gov/epstein/files/DataSet%208/EFTA00033083.pdf,,yes,0,3624.5,,MCC surveillance video (silent); 1.0h
EFTA00033084,8,mp4,video,23576950,22.48,https://www.justice.gov/epstein/files/DataSet%208/EFTA00033084.pdf,,yes,0,3591.3,,MCC surveillance video (silent); 59.9min
EFTA00033085,8,mp4,video,21395641,20.4,https://www.justice.gov/epstein/files/DataSet%208/EFTA00033085.pdf,,yes,0,3580.0,,MCC surveillance video (silent); 59.7min
EFTA00033086,8,mp4,video,24287070,23.16,https://www.justice.gov/epstein/files/DataSet%208/EFTA00033086.pdf,,yes,0,3562.0,,MCC surveillance video (silent); 59.4min
EFTA00033087,8,mp4,video,24373081,23.24,https://www.justice.gov/epstein/files/DataSet%208/EFTA00033087.pdf,,yes,0,3624.5,,MCC surveillance video (silent); 1.0h
EFTA00033088,8,mp4,video,25283695,24.11,https://www.justice.gov/epstein/files/DataSet%208/EFTA00033088.pdf,,yes,0,3624.5,,MCC surveillance video (silent); 1.0h
EFTA00033089,8,mp4,video,24184220,23.06,https://www.justice.gov/epstein/files/DataSet%208/EFTA00033089.pdf,,yes,0,3544.0,,MCC surveillance video (silent); 59.1min
EFTA00033090,8,mp4,video,24822232,23.67,https://www.justice.gov/epstein/files/DataSet%208/EFTA00033090.pdf,,yes,0,3562.0,,MCC surveillance video (silent); 59.4min
EFTA00033091,8,mp4,video,23996937,22.89,https://www.justice.gov/epstein/files/DataSet%208/EFTA00033091.pdf,,yes,0,3624.5,,MCC surveillance video (silent); 1.0h
EFTA00033092,8,mp4,video,23882807,22.78,https://www.justice.gov/epstein/files/DataSet%208/EFTA00033092.pdf,,yes,0,3562.0,,MCC surveillance video (silent); 59.4min
EFTA00033093,8,mp4,video,23969310,22.86,https://www.justice.gov/epstein/files/DataSet%208/EFTA00033093.pdf,,yes,0,3624.5,,MCC surveillance video (silent); 1.0h
EFTA00033094,8,mp4,video,24230468,23.11,https://www.justice.gov/epstein/files/DataSet%208/EFTA00033094.pdf,,yes,0,3562.0,,MCC surveillance video (silent); 59.4min
EFTA00033095,8,mp4,video,24769094,23.62,https://www.justice.gov/epstein/files/DataSet%208/EFTA00033095.pdf,,yes,0,3624.5,,MCC surveillance video (silent); 1.0h
EFTA00033096,8,mp4,video,24727338,23.58,https://www.justice.gov/epstein/files/DataSet%208/EFTA00033096.pdf,,yes,0,3624.5,,MCC surveillance video (silent); 1.0h
EFTA00033097,8,mp4,video,24448986,23.32,https://www.justice.gov/epstein/files/DataSet%208/EFTA00033097.pdf,,yes,0,3562.0,,MCC surveillance video (silent); 59.4min
EFTA00033098,8,mp4,video,17515112,16.7,https://www.justice.gov/epstein/files/DataSet%208/EFTA00033098.pdf,,yes,0,3618.8,,MCC surveillance video (silent); 1.0h
EFTA00033099,8,mp4,video,24599634,23.46,https://www.justice.gov/epstein/files/DataSet%208/EFTA00033099.pdf,,yes,0,3624.5,,MCC surveillance video (silent); 1.0h
EFTA00033100,8,mp4,video,24340321,23.21,https://www.justice.gov/epstein/files/DataSet%208/EFTA00033100.pdf,,yes,0,3562.0,,MCC surveillance video (silent); 59.4min
EFTA00033101,8,mp4,video,24409118,23.28,https://www.justice.gov/epstein/files/DataSet%208/EFTA00033101.pdf,,yes,0,3624.5,,MCC surveillance video (silent); 1.0h
EFTA00033102,8,mp4,video,24542951,23.41,https://www.justice.gov/epstein/files/DataSet%208/EFTA00033102.pdf,,yes,0,3562.0,,MCC surveillance video (silent); 59.4min
EFTA00033103,8,mp4,video,24707338,23.56,https://www.justice.gov/epstein/files/DataSet%208/EFTA00033103.pdf,,yes,0,3624.5,,MCC surveillance video (silent); 1.0h
EFTA00033104,8,mp4,video,24428582,23.3,https://www.justice.gov/epstein/files/DataSet%208/EFTA00033104.pdf,,yes,0,3562.0,,MCC surveillance video (silent); 59.4min
EFTA00033105,8,mp4,video,23847322,22.74,https://www.justice.gov/epstein/files/DataSet%208/EFTA00033105.pdf,,yes,0,3624.5,,MCC surveillance video (silent); 1.0h
EFTA00033106,8,mp4,video,25067516,23.91,https://www.justice.gov/epstein/files/DataSet%208/EFTA00033106.pdf,,yes,0,3624.5,,MCC surveillance video (silent); 1.0h
EFTA00033107,8,mp4,video,23873260,22.77,https://www.justice.gov/epstein/files/DataSet%208/EFTA00033107.pdf,,yes,0,3624.5,,MCC surveillance video (silent); 1.0h
EFTA00033108,8,mp4,video,24593528,23.45,https://www.justice.gov/epstein/files/DataSet%208/EFTA00033108.pdf,,yes,0,3562.0,,MCC surveillance video (silent); 59.4min
EFTA00033109,8,mp4,video,23984774,22.87,https://www.justice.gov/epstein/files/DataSet%208/EFTA00033109.pdf,,yes,0,3562.0,,MCC surveillance video (silent); 59.4min
EFTA00033110,8,mp4,video,24414845,23.28,https://www.justice.gov/epstein/files/DataSet%208/EFTA00033110.pdf,,yes,0,3624.5,,MCC surveillance video (silent); 1.0h
EFTA00033111,8,mp4,video,23307669,22.23,https://www.justice.gov/epstein/files/DataSet%208/EFTA00033111.pdf,,yes,0,3562.0,,MCC surveillance video (silent); 59.4min
EFTA00033112,8,mp4,video,23652157,22.56,https://www.justice.gov/epstein/files/DataSet%208/EFTA00033112.pdf,,yes,0,3624.5,,MCC surveillance video (silent); 1.0h
EFTA00033113,8,mp4,video,24076855,22.96,https://www.justice.gov/epstein/files/DataSet%208/EFTA00033113.pdf,,yes,0,3624.5,,MCC surveillance video (silent); 1.0h
EFTA00033114,8,mp4,video,24277041,23.15,https://www.justice.gov/epstein/files/DataSet%208/EFTA00033114.pdf,,yes,0,3624.5,,MCC surveillance video (silent); 1.0h
EFTA00033115,8,mp4,video,24338303,23.21,https://www.justice.gov/epstein/files/DataSet%208/EFTA00033115.pdf,,yes,0,3624.5,,MCC surveillance video (silent); 1.0h
EFTA00033116,8,mp4,video,22941770,21.88,https://www.justice.gov/epstein/files/DataSet%208/EFTA00033116.pdf,,yes,0,3624.5,,MCC surveillance video (silent); 1.0h
EFTA00033117,8,mp4,video,22865092,21.81,https://www.justice.gov/epstein/files/DataSet%208/EFTA00033117.pdf,,yes,0,3562.0,,MCC surveillance video (silent); 59.4min
EFTA00033118,8,mp4,video,21601216,20.6,https://www.justice.gov/epstein/files/DataSet%208/EFTA00033118.pdf,,yes,0,3624.5,,MCC surveillance video (silent); 1.0h
EFTA00033119,8,mp4,video,22858203,21.8,https://www.justice.gov/epstein/files/DataSet%208/EFTA00033119.pdf,,yes,0,3624.5,,MCC surveillance video (silent); 1.0h
EFTA00033120,8,mp4,video,23628380,22.53,https://www.justice.gov/epstein/files/DataSet%208/EFTA00033120.pdf,,yes,0,3624.5,,MCC surveillance video (silent); 1.0h
EFTA00033121,8,mp4,video,22879526,21.82,https://www.justice.gov/epstein/files/DataSet%208/EFTA00033121.pdf,,yes,0,3610.3,,MCC surveillance video (silent); 1.0h
EFTA00033122,8,mp4,video,23880603,22.77,https://www.justice.gov/epstein/files/DataSet%208/EFTA00033122.pdf,,yes,0,3562.0,,MCC surveillance video (silent); 59.4min
EFTA00033123,8,mp4,video,22301144,21.27,https://www.justice.gov/epstein/files/DataSet%208/EFTA00033123.pdf,,yes,0,3605.0,,MCC surveillance video (silent); 1.0h
EFTA00033124,8,mp4,video,20968493,20.0,https://www.justice.gov/epstein/files/DataSet%208/EFTA00033124.pdf,,yes,0,3562.0,,MCC surveillance video (silent); 59.4min
EFTA00033125,8,mp4,video,20582218,19.63,https://www.justice.gov/epstein/files/DataSet%208/EFTA00033125.pdf,,yes,0,3624.5,,MCC surveillance video (silent); 1.0h
EFTA00033126,8,mp4,video,20830104,19.87,https://www.justice.gov/epstein/files/DataSet%208/EFTA00033126.pdf,,yes,0,3624.5,,MCC surveillance video (silent); 1.0h
EFTA00033127,8,mp4,video,24081640,22.97,https://www.justice.gov/epstein/files/DataSet%208/EFTA00033127.pdf,,yes,0,3562.0,,MCC surveillance video (silent); 59.4min
EFTA00033128,8,mp4,video,24939657,23.78,https://www.justice.gov/epstein/files/DataSet%208/EFTA00033128.pdf,,yes,0,3624.5,,MCC surveillance video (silent); 1.0h
EFTA00033129,8,mp4,video,24490847,23.36,https://www.justice.gov/epstein/files/DataSet%208/EFTA00033129.pdf,,yes,0,3562.0,,MCC surveillance video (silent); 59.4min
EFTA00033130,8,mp4,video,23827434,22.72,https://www.justice.gov/epstein/files/DataSet%208/EFTA00033130.pdf,,yes,0,3624.5,,MCC surveillance video (silent); 1.0h
EFTA00033131,8,mp4,video,19285368,18.39,https://www.justice.gov/epstein/files/DataSet%208/EFTA00033131.pdf,,yes,0,3598.5,,MCC surveillance video (silent); 60.0min
EFTA00033132,8,mp4,video,21231065,20.25,https://www.justice.gov/epstein/files/DataSet%208/EFTA00033132.pdf,,yes,0,3624.5,,MCC surveillance video (silent); 1.0h
EFTA00033133,8,mp4,video,23573945,22.48,https://www.justice.gov/epstein/files/DataSet%208/EFTA00033133.pdf,,yes,0,3562.0,,MCC surveillance video (silent); 59.4min
EFTA00033134,8,mp4,video,21909350,20.89,https://www.justice.gov/epstein/files/DataSet%208/EFTA00033134.pdf,,yes,0,3624.5,,MCC surveillance video (silent); 1.0h
EFTA00033135,8,mp4,video,24976013,23.82,https://www.justice.gov/epstein/files/DataSet%208/EFTA00033135.pdf,,yes,0,3624.5,,MCC surveillance video (silent); 1.0h
EFTA00033136,8,mp4,video,25041088,23.88,https://www.justice.gov/epstein/files/DataSet%208/EFTA00033136.pdf,,yes,0,3624.5,,MCC surveillance video (silent); 1.0h
EFTA00033137,8,mp4,video,24980421,23.82,https://www.justice.gov/epstein/files/DataSet%208/EFTA00033137.pdf,,yes,0,3624.5,,MCC surveillance video (silent); 1.0h
EFTA00033138,8,mp4,video,24618140,23.48,https://www.justice.gov/epstein/files/DataSet%208/EFTA00033138.pdf,,yes,0,3624.5,,MCC surveillance video (silent); 1.0h
EFTA00033139,8,mp4,video,24618414,23.48,https://www.justice.gov/epstein/files/DataSet%208/EFTA00033139.pdf,,yes,0,3624.5,,MCC surveillance video (silent); 1.0h
EFTA00033140,8,mp4,video,24207151,23.09,https://www.justice.gov/epstein/files/DataSet%208/EFTA00033140.pdf,,yes,0,3624.5,,MCC surveillance video (silent); 1.0h
EFTA00033141,8,mp4,video,24989447,23.83,https://www.justice.gov/epstein/files/DataSet%208/EFTA00033141.pdf,,yes,0,3624.5,,MCC surveillance video (silent); 1.0h
EFTA00033142,8,mp4,video,24848513,23.7,https://www.justice.gov/epstein/files/DataSet%208/EFTA00033142.pdf,,yes,0,3591.3,,MCC surveillance video (silent); 59.9min
EFTA00033143,8,mp4,video,25131088,23.97,https://www.justice.gov/epstein/files/DataSet%208/EFTA00033143.pdf,,yes,0,3562.0,,MCC surveillance video (silent); 59.4min
EFTA00033144,8,mp4,video,24022270,22.91,https://www.justice.gov/epstein/files/DataSet%208/EFTA00033144.pdf,,yes,0,3562.0,,MCC surveillance video (silent); 59.4min
EFTA00033145,8,mp4,video,22030760,21.01,https://www.justice.gov/epstein/files/DataSet%208/EFTA00033145.pdf,,yes,0,3624.5,,MCC surveillance video (silent); 1.0h
EFTA00033146,8,mp4,video,22383742,21.35,https://www.justice.gov/epstein/files/DataSet%208/EFTA00033146.pdf,,yes,0,3562.0,,MCC surveillance video (silent); 59.4min
EFTA00033147,8,mp4,video,22955759,21.89,https://www.justice.gov/epstein/files/DataSet%208/EFTA00033147.pdf,,yes,0,3562.0,,MCC surveillance video (silent); 59.4min
EFTA00033148,8,mp4,video,23632551,22.54,https://www.justice.gov/epstein/files/DataSet%208/EFTA00033148.pdf,,yes,0,3624.5,,MCC surveillance video (silent); 1.0h
EFTA00033149,8,mp4,video,23962623,22.85,https://www.justice.gov/epstein/files/DataSet%208/EFTA00033149.pdf,,yes,0,3624.5,,MCC surveillance video (silent); 1.0h
EFTA00033150,8,mp4,video,24740490,23.59,https://www.justice.gov/epstein/files/DataSet%208/EFTA00033150.pdf,,yes,0,3624.5,,MCC surveillance video (silent); 1.0h
EFTA00033151,8,mp4,video,23623391,22.53,https://www.justice.gov/epstein/files/DataSet%208/EFTA00033151.pdf,,yes,0,3624.5,,MCC surveillance video (silent); 1.0h
EFTA00033152,8,mp4,video,24769444,23.62,https://www.justice.gov/epstein/files/DataSet%208/EFTA00033152.pdf,,yes,0,3624.5,,MCC surveillance video (silent); 1.0h
EFTA00033153,8,mp4,video,23940755,22.83,https://www.justice.gov/epstein/files/DataSet%208/EFTA00033153.pdf,,yes,0,3562.0,,MCC surveillance video (silent); 59.4min
EFTA00033154,8,mp4,video,24351808,23.22,https://www.justice.gov/epstein/files/DataSet%208/EFTA00033154.pdf,,yes,0,3562.0,,MCC surveillance video (silent); 59.4min
EFTA00033155,8,mp4,video,24617123,23.48,https://www.justice.gov/epstein/files/DataSet%208/EFTA00033155.pdf,,yes,0,3562.0,,MCC surveillance video (silent); 59.4min
EFTA00033156,8,mp4,video,25522660,24.34,https://www.justice.gov/epstein/files/DataSet%208/EFTA00033156.pdf,,yes,0,3624.5,,MCC surveillance video (silent); 1.0h
EFTA00033157,8,mp4,video,23723733,22.62,https://www.justice.gov/epstein/files/DataSet%208/EFTA00033157.pdf,,yes,0,3624.5,,MCC surveillance video (silent); 1.0h
EFTA00033158,8,mp4,video,18157130,17.32,https://www.justice.gov/epstein/files/DataSet%208/EFTA00033158.pdf,,yes,0,3562.0,,MCC surveillance video (silent); 59.4min
EFTA00033159,8,mp4,video,21731967,20.73,https://www.justice.gov/epstein/files/DataSet%208/EFTA00033159.pdf,,yes,0,3624.5,,MCC surveillance video (silent); 1.0h
EFTA00033160,8,mp4,video,21421676,20.43,https://www.justice.gov/epstein/files/DataSet%208/EFTA00033160.pdf,,yes,0,3562.0,,MCC surveillance video (silent); 59.4min
EFTA00033161,8,mp4,video,24540778,23.4,https://www.justice.gov/epstein/files/DataSet%208/EFTA00033161.pdf,,yes,0,3562.0,,MCC surveillance video (silent); 59.4min
EFTA00033162,8,mp4,video,24338810,23.21,https://www.justice.gov/epstein/files/DataSet%208/EFTA00033162.pdf,,yes,0,3624.5,,MCC surveillance video (silent); 1.0h
EFTA00033163,8,mp4,video,24457051,23.32,https://www.justice.gov/epstein/files/DataSet%208/EFTA00033163.pdf,,yes,0,3624.5,,MCC surveillance video (silent); 1.0h
EFTA00033164,8,mp4,video,15979347,15.24,https://www.justice.gov/epstein/files/DataSet%208/EFTA00033164.pdf,,yes,0,3562.0,,MCC surveillance video (silent); 59.4min
EFTA00033165,8,mp4,video,18883586,18.01,https://www.justice.gov/epstein/files/DataSet%208/EFTA00033165.pdf,,yes,0,3624.5,,MCC surveillance video (silent); 1.0h
EFTA00033166,8,mp4,video,23194452,22.12,https://www.justice.gov/epstein/files/DataSet%208/EFTA00033166.pdf,,yes,0,3562.0,,MCC surveillance video (silent); 59.4min
EFTA00033167,8,mp4,video,22110073,21.09,https://www.justice.gov/epstein/files/DataSet%208/EFTA00033167.pdf,,yes,0,3608.5,,MCC surveillance video (silent); 1.0h
EFTA00033168,8,mp4,video,23970917,22.86,https://www.justice.gov/epstein/files/DataSet%208/EFTA00033168.pdf,,yes,0,3562.0,,MCC surveillance video (silent); 59.4min
EFTA00033169,8,mp4,video,24100028,22.98,https://www.justice.gov/epstein/files/DataSet%208/EFTA00033169.pdf,,yes,0,3624.5,,MCC surveillance video (silent); 1.0h
EFTA00033170,8,mp4,video,24502117,23.37,https://www.justice.gov/epstein/files/DataSet%208/EFTA00033170.pdf,,yes,0,3624.5,,MCC surveillance video (silent); 1.0h
EFTA00033171,8,mp4,video,24942731,23.79,https://www.justice.gov/epstein/files/DataSet%208/EFTA00033171.pdf,,yes,0,3624.5,,MCC surveillance video (silent); 1.0h
EFTA00033172,8,mp4,video,24376945,23.25,https://www.justice.gov/epstein/files/DataSet%208/EFTA00033172.pdf,,yes,0,3562.0,,MCC surveillance video (silent); 59.4min
EFTA00033173,8,mp4,video,22653240,21.6,https://www.justice.gov/epstein/files/DataSet%208/EFTA00033173.pdf,,yes,0,3562.0,,MCC surveillance video (silent); 59.4min
EFTA00033174,8,mp4,video,23235146,22.16,https://www.justice.gov/epstein/files/DataSet%208/EFTA00033174.pdf,,yes,0,3624.5,,MCC surveillance video (silent); 1.0h
EFTA00033175,8,mp4,video,23858718,22.75,https://www.justice.gov/epstein/files/DataSet%208/EFTA00033175.pdf,,yes,0,3562.0,,MCC surveillance video (silent); 59.4min
EFTA00033176,8,mp4,video,24653938,23.51,https://www.justice.gov/epstein/files/DataSet%208/EFTA00033176.pdf,,yes,0,3624.5,,MCC surveillance video (silent); 1.0h
EFTA00033177,8,mp4,video,24861074,23.71,https://www.justice.gov/epstein/files/DataSet%208/EFTA00033177.pdf,,yes,0,3624.5,,MCC surveillance video (silent); 1.0h
EFTA00033178,8,mp4,video,25047579,23.89,https://www.justice.gov/epstein/files/DataSet%208/EFTA00033178.pdf,,yes,0,3624.5,,MCC surveillance video (silent); 1.0h
EFTA00033179,8,mp4,video,23424557,22.34,https://www.justice.gov/epstein/files/DataSet%208/EFTA00033179.pdf,,yes,0,3562.0,,MCC surveillance video (silent); 59.4min
EFTA00033180,8,mp4,video,24003144,22.89,https://www.justice.gov/epstein/files/DataSet%208/EFTA00033180.pdf,,yes,0,3562.0,,MCC surveillance video (silent); 59.4min
EFTA00033181,8,mp4,video,24518760,23.38,https://www.justice.gov/epstein/files/DataSet%208/EFTA00033181.pdf,,yes,0,3603.8,,MCC surveillance video (silent); 1.0h
EFTA00033182,8,mp4,video,23696199,22.6,https://www.justice.gov/epstein/files/DataSet%208/EFTA00033182.pdf,,yes,0,3624.5,,MCC surveillance video (silent); 1.0h
EFTA00033183,8,mp4,video,24172787,23.05,https://www.justice.gov/epstein/files/DataSet%208/EFTA00033183.pdf,,yes,0,3562.0,,MCC surveillance video (silent); 59.4min
EFTA00033184,8,mp4,video,23668751,22.57,https://www.justice.gov/epstein/files/DataSet%208/EFTA00033184.pdf,,yes,0,3616.0,,MCC surveillance video (silent); 1.0h
EFTA00033185,8,mp4,video,23418900,22.33,https://www.justice.gov/epstein/files/DataSet%208/EFTA00033185.pdf,,yes,0,3562.0,,MCC surveillance video (silent); 59.4min
EFTA00033186,8,mp4,video,23676749,22.58,https://www.justice.gov/epstein/files/DataSet%208/EFTA00033186.pdf,,yes,0,3562.0,,MCC surveillance video (silent); 59.4min
EFTA00033187,8,mp4,video,24091774,22.98,https://www.justice.gov/epstein/files/DataSet%208/EFTA00033187.pdf,,yes,0,3624.5,,MCC surveillance video (silent); 1.0h
EFTA00033188,8,mp4,video,24023309,22.91,https://www.justice.gov/epstein/files/DataSet%208/EFTA00033188.pdf,,yes,0,3624.5,,MCC surveillance video (silent); 1.0h
EFTA00033189,8,mp4,video,24257365,23.13,https://www.justice.gov/epstein/files/DataSet%208/EFTA00033189.pdf,,yes,0,3624.5,,MCC surveillance video (silent); 1.0h
EFTA00033190,8,mp4,video,24773281,23.63,https://www.justice.gov/epstein/files/DataSet%208/EFTA00033190.pdf,,yes,0,3624.5,,MCC surveillance video (silent); 1.0h
EFTA00033191,8,mp4,video,24952006,23.8,https://www.justice.gov/epstein/files/DataSet%208/EFTA00033191.pdf,,yes,0,3624.5,,MCC surveillance video (silent); 1.0h
EFTA00033192,8,mp4,video,24301748,23.18,https://www.justice.gov/epstein/files/DataSet%208/EFTA00033192.pdf,,yes,0,3562.0,,MCC surveillance video (silent); 59.4min
EFTA00033193,8,mp4,video,21392874,20.4,https://www.justice.gov/epstein/files/DataSet%208/EFTA00033193.pdf,,yes,0,3589.5,,MCC surveillance video (silent); 59.8min
EFTA00033194,8,mp4,video,21169992,20.19,https://www.justice.gov/epstein/files/DataSet%208/EFTA00033194.pdf,,yes,0,3624.5,,MCC surveillance video (silent); 1.0h
EFTA00033195,8,mp4,video,21948959,20.93,https://www.justice.gov/epstein/files/DataSet%208/EFTA00033195.pdf,,yes,0,3624.5,,MCC surveillance video (silent); 1.0h
EFTA00033196,8,mp4,video,22605465,21.56,https://www.justice.gov/epstein/files/DataSet%208/EFTA00033196.pdf,,yes,0,3624.5,,MCC surveillance video (silent); 1.0h
EFTA00033197,8,mp4,video,22151615,21.13,https://www.justice.gov/epstein/files/DataSet%208/EFTA00033197.pdf,,yes,0,3562.0,,MCC surveillance video (silent); 59.4min
EFTA00033198,8,mp4,video,25326816,24.15,https://www.justice.gov/epstein/files/DataSet%208/EFTA00033198.pdf,,yes,0,3562.0,,MCC surveillance video (silent); 59.4min
EFTA00033199,8,mp4,video,21440578,20.45,https://www.justice.gov/epstein/files/DataSet%208/EFTA00033199.pdf,,yes,0,3624.5,,MCC surveillance video (silent); 1.0h
EFTA00033200,8,mp4,video,22032635,21.01,https://www.justice.gov/epstein/files/DataSet%208/EFTA00033200.pdf,,yes,0,3562.0,,MCC surveillance video (silent); 59.4min
EFTA00033201,8,mp4,video,24571415,23.43,https://www.justice.gov/epstein/files/DataSet%208/EFTA00033201.pdf,,yes,0,3624.5,,MCC surveillance video (silent); 1.0h
EFTA00033202,8,mp4,video,24103798,22.99,https://www.justice.gov/epstein/files/DataSet%208/EFTA00033202.pdf,,yes,0,3624.5,,MCC surveillance video (silent); 1.0h
EFTA00033203,8,mp4,video,24059569,22.94,https://www.justice.gov/epstein/files/DataSet%208/EFTA00033203.pdf,,yes,0,3562.0,,MCC surveillance video (silent); 59.4min
EFTA00033204,8,mp4,video,23703472,22.61,https://www.justice.gov/epstein/files/DataSet%208/EFTA00033204.pdf,,yes,0,3599.0,,MCC surveillance video (silent); 60.0min
EFTA00033205,8,mp4,video,25410599,24.23,https://www.justice.gov/epstein/files/DataSet%208/EFTA00033205.pdf,,yes,0,3624.5,,MCC surveillance video (silent); 1.0h
EFTA00033206,8,mp4,video,24420698,23.29,https://www.justice.gov/epstein/files/DataSet%208/EFTA00033206.pdf,,yes,0,3562.0,,MCC surveillance video (silent); 59.4min
EFTA00033207,8,mp4,video,22772090,21.72,https://www.justice.gov/epstein/files/DataSet%208/EFTA00033207.pdf,,yes,0,3562.0,,MCC surveillance video (silent); 59.4min
EFTA00033208,8,mp4,video,24607062,23.47,https://www.justice.gov/epstein/files/DataSet%208/EFTA00033208.pdf,,yes,0,3562.0,,MCC surveillance video (silent); 59.4min
EFTA00033209,8,mp4,video,24734738,23.59,https://www.justice.gov/epstein/files/DataSet%208/EFTA00033209.pdf,,yes,0,3624.5,,MCC surveillance video (silent); 1.0h
EFTA00033210,8,mp4,video,24176999,23.06,https://www.justice.gov/epstein/files/DataSet%208/EFTA00033210.pdf,,yes,0,3562.0,,MCC surveillance video (silent); 59.4min
EFTA00033211,8,mp4,video,24636193,23.49,https://www.justice.gov/epstein/files/DataSet%208/EFTA00033211.pdf,,yes,0,3624.5,,MCC surveillance video (silent); 1.0h
EFTA00033212,8,mp4,video,24309675,23.18,https://www.justice.gov/epstein/files/DataSet%208/EFTA00033212.pdf,,yes,0,3562.0,,MCC surveillance video (silent); 59.4min
EFTA00033213,8,mp4,video,23159716,22.09,https://www.justice.gov/epstein/files/DataSet%208/EFTA00033213.pdf,,yes,0,3624.5,,MCC surveillance video (silent); 1.0h
EFTA00033214,8,mp4,video,24486077,23.35,https://www.justice.gov/epstein/files/DataSet%208/EFTA00033214.pdf,,yes,0,3624.5,,MCC surveillance video (silent); 1.0h
EFTA00033215,8,mp4,video,24922000,23.77,https://www.justice.gov/epstein/files/DataSet%208/EFTA00033215.pdf,,yes,0,3624.5,,MCC surveillance video (silent); 1.0h
EFTA00033216,8,mp4,video,24710481,23.57,https://www.justice.gov/epstein/files/DataSet%208/EFTA00033216.pdf,,yes,0,3624.5,,MCC surveillance video (silent); 1.0h
EFTA00033217,8,mp4,video,24682060,23.54,https://www.justice.gov/epstein/files/DataSet%208/EFTA00033217.pdf,,yes,0,3624.5,,MCC surveillance video (silent); 1.0h
EFTA00033218,8,mp4,video,23475495,22.39,https://www.justice.gov/epstein/files/DataSet%208/EFTA00033218.pdf,,yes,0,3624.5,,MCC surveillance video (silent); 1.0h
EFTA00033219,8,mp4,video,22585212,21.54,https://www.justice.gov/epstein/files/DataSet%208/EFTA00033219.pdf,,yes,0,3624.5,,MCC surveillance video (silent); 1.0h
EFTA00033220,8,mp4,video,22561640,21.52,https://www.justice.gov/epstein/files/DataSet%208/EFTA00033220.pdf,,yes,0,3562.0,,MCC surveillance video (silent); 59.4min
EFTA00033221,8,mp4,video,22125720,21.1,https://www.justice.gov/epstein/files/DataSet%208/EFTA00033221.pdf,,yes,0,3624.5,,MCC surveillance video (silent); 1.0h
EFTA00033222,8,mp4,video,22834177,21.78,https://www.justice.gov/epstein/files/DataSet%208/EFTA00033222.pdf,,yes,0,3624.5,,MCC surveillance video (silent); 1.0h
EFTA00033223,8,mp4,video,11187709,10.67,https://www.justice.gov/epstein/files/DataSet%208/EFTA00033223.pdf,,yes,0,1695.0,,MCC surveillance video (silent); 28.2min
EFTA00033224,8,mp4,video,21923715,20.91,https://www.justice.gov/epstein/files/DataSet%208/EFTA00033224.pdf,,yes,0,3562.0,,MCC surveillance video (silent); 59.4min
EFTA00033225,8,mp4,video,16831679,16.05,https://www.justice.gov/epstein/files/DataSet%208/EFTA00033225.pdf,,yes,0,3624.5,,MCC surveillance video (silent); 1.0h
EFTA00033226,8,mp4,video,23816363,22.71,https://www.justice.gov/epstein/files/DataSet%208/EFTA00033226.pdf,,yes,0,3624.5,,MCC surveillance video (silent); 1.0h
EFTA00033227,8,mp4,video,23829361,22.73,https://www.justice.gov/epstein/files/DataSet%208/EFTA00033227.pdf,,yes,0,3624.5,,MCC surveillance video (silent); 1.0h
EFTA00033228,8,mp4,video,23433699,22.35,https://www.justice.gov/epstein/files/DataSet%208/EFTA00033228.pdf,,yes,0,3562.0,,MCC surveillance video (silent); 59.4min
EFTA00033229,8,mp4,video,23412402,22.33,https://www.justice.gov/epstein/files/DataSet%208/EFTA00033229.pdf,,yes,0,3624.5,,MCC surveillance video (silent); 1.0h
EFTA00033230,8,mp4,video,24451599,23.32,https://www.justice.gov/epstein/files/DataSet%208/EFTA00033230.pdf,,yes,0,3562.0,,MCC surveillance video (silent); 59.4min
EFTA00033231,8,mp4,video,25972562,24.77,https://www.justice.gov/epstein/files/DataSet%208/EFTA00033231.pdf,,yes,0,3562.0,,MCC surveillance video (silent); 59.4min
EFTA00033232,8,mp4,video,25935701,24.73,https://www.justice.gov/epstein/files/DataSet%208/EFTA00033232.pdf,,yes,0,3624.5,,MCC surveillance video (silent); 1.0h
EFTA00033233,8,mp4,video,25472462,24.29,https://www.justice.gov/epstein/files/DataSet%208/EFTA00033233.pdf,,yes,0,3562.0,,MCC surveillance video (silent); 59.4min
EFTA00033234,8,mp4,video,23655368,22.56,https://www.justice.gov/epstein/files/DataSet%208/EFTA00033234.pdf,,yes,0,3624.5,,MCC surveillance video (silent); 1.0h
EFTA00033235,8,mp4,video,23997461,22.89,https://www.justice.gov/epstein/files/DataSet%208/EFTA00033235.pdf,,yes,0,3624.5,,MCC surveillance video (silent); 1.0h
EFTA00033236,8,mp4,video,23782198,22.68,https://www.justice.gov/epstein/files/DataSet%208/EFTA00033236.pdf,,yes,0,3562.0,,MCC surveillance video (silent); 59.4min
EFTA00033237,8,mp4,video,24729594,23.58,https://www.justice.gov/epstein/files/DataSet%208/EFTA00033237.pdf,,yes,0,3624.5,,MCC surveillance video (silent); 1.0h
EFTA00033238,8,mp4,video,23464420,22.38,https://www.justice.gov/epstein/files/DataSet%208/EFTA00033238.pdf,,yes,0,3562.0,,MCC surveillance video (silent); 59.4min
EFTA00033239,8,mp4,video,23863620,22.76,https://www.justice.gov/epstein/files/DataSet%208/EFTA00033239.pdf,,yes,0,3624.5,,MCC surveillance video (silent); 1.0h
EFTA00033240,8,mp4,video,23485682,22.4,https://www.justice.gov/epstein/files/DataSet%208/EFTA00033240.pdf,,yes,0,3562.0,,MCC surveillance video (silent); 59.4min
EFTA00033241,8,mp4,video,23043601,21.98,https://www.justice.gov/epstein/files/DataSet%208/EFTA00033241.pdf,,yes,0,3591.3,,MCC surveillance video (silent); 59.9min
EFTA00033242,8,mp4,video,24135924,23.02,https://www.justice.gov/epstein/files/DataSet%208/EFTA00033242.pdf,,yes,0,3624.5,,MCC surveillance video (silent); 1.0h
EFTA00033243,8,mp4,video,23677622,22.58,https://www.justice.gov/epstein/files/DataSet%208/EFTA00033243.pdf,,yes,0,3562.0,,MCC surveillance video (silent); 59.4min
EFTA00033244,8,mp4,video,26472108,25.25,https://www.justice.gov/epstein/files/DataSet%208/EFTA00033244.pdf,,yes,0,3624.5,,MCC surveillance video (silent); 1.0h
EFTA00033245,8,mp4,video,26467490,25.24,https://www.justice.gov/epstein/files/DataSet%208/EFTA00033245.pdf,,yes,0,3562.0,,MCC surveillance video (silent); 59.4min
EFTA00033246,8,mp4,video,23802589,22.7,https://www.justice.gov/epstein/files/DataSet%208/EFTA00033246.pdf,,yes,0,3624.5,,MCC surveillance video (silent); 1.0h
EFTA00033247,8,mp4,video,23180599,22.11,https://www.justice.gov/epstein/files/DataSet%208/EFTA00033247.pdf,,yes,0,3562.0,,MCC surveillance video (silent); 59.4min
EFTA00033248,8,mp4,video,23645299,22.55,https://www.justice.gov/epstein/files/DataSet%208/EFTA00033248.pdf,,yes,0,3624.5,,MCC surveillance video (silent); 1.0h
EFTA00033249,8,mp4,video,24290390,23.17,https://www.justice.gov/epstein/files/DataSet%208/EFTA00033249.pdf,,yes,0,3624.5,,MCC surveillance video (silent); 1.0h
EFTA00033250,8,mp4,video,23828409,22.72,https://www.justice.gov/epstein/files/DataSet%208/EFTA00033250.pdf,,yes,0,3624.5,,MCC surveillance video (silent); 1.0h
EFTA00033251,8,mp4,video,23414707,22.33,https://www.justice.gov/epstein/files/DataSet%208/EFTA00033251.pdf,,yes,0,3562.0,,MCC surveillance video (silent); 59.4min
EFTA00033252,8,mp4,video,23575278,22.48,https://www.justice.gov/epstein/files/DataSet%208/EFTA00033252.pdf,,yes,0,3624.5,,MCC surveillance video (silent); 1.0h
EFTA00033253,8,mp4,video,24966135,23.81,https://www.justice.gov/epstein/files/DataSet%208/EFTA00033253.pdf,,yes,0,3624.5,,MCC surveillance video (silent); 1.0h
EFTA00033254,8,mp4,video,25204010,24.04,https://www.justice.gov/epstein/files/DataSet%208/EFTA00033254.pdf,,yes,0,3624.5,,MCC surveillance video (silent); 1.0h
EFTA00033255,8,mp4,video,25657202,24.47,https://www.justice.gov/epstein/files/DataSet%208/EFTA00033255.pdf,,yes,0,3562.0,,MCC surveillance video (silent); 59.4min
EFTA00033256,8,mp4,video,24307204,23.18,https://www.justice.gov/epstein/files/DataSet%208/EFTA00033256.pdf,,yes,0,3624.5,,MCC surveillance video (silent); 1.0h
EFTA00033257,8,mp4,video,25767155,24.57,https://www.justice.gov/epstein/files/DataSet%208/EFTA00033257.pdf,,yes,0,3562.0,,MCC surveillance video (silent); 59.4min
EFTA00033258,8,mp4,video,24782160,23.63,https://www.justice.gov/epstein/files/DataSet%208/EFTA00033258.pdf,,yes,0,3624.5,,MCC surveillance video (silent); 1.0h
EFTA00033259,8,mp4,video,24156114,23.04,https://www.justice.gov/epstein/files/DataSet%208/EFTA00033259.pdf,,yes,0,3562.0,,MCC surveillance video (silent); 59.4min
EFTA00033260,8,mp4,video,25961751,24.76,https://www.justice.gov/epstein/files/DataSet%208/EFTA00033260.pdf,,yes,0,3624.5,,MCC surveillance video (silent); 1.0h
EFTA00033261,8,mp4,video,23919292,22.81,https://www.justice.gov/epstein/files/DataSet%208/EFTA00033261.pdf,,yes,0,3562.0,,MCC surveillance video (silent); 59.4min
EFTA00033262,8,mp4,video,32170013,30.68,https://www.justice.gov/epstein/files/DataSet%208/EFTA00033262.pdf,,yes,0,3624.5,,MCC surveillance video (silent); 1.0h
EFTA00033263,8,mp4,video,26327237,25.11,https://www.justice.gov/epstein/files/DataSet%208/EFTA00033263.pdf,,yes,0,3624.5,,MCC surveillance video (silent); 1.0h
EFTA00033264,8,mp4,video,23706590,22.61,https://www.justice.gov/epstein/files/DataSet%208/EFTA00033264.pdf,,yes,0,3591.3,,MCC surveillance video (silent); 59.9min
EFTA00033265,8,mp4,video,23105851,22.04,https://www.justice.gov/epstein/files/DataSet%208/EFTA00033265.pdf,,yes,0,3562.0,,MCC surveillance video (silent); 59.4min
EFTA00033266,8,mp4,video,23463114,22.38,https://www.justice.gov/epstein/files/DataSet%208/EFTA00033266.pdf,,yes,0,3624.5,,MCC surveillance video (silent); 1.0h
EFTA00033267,8,mp4,video,24931304,23.78,https://www.justice.gov/epstein/files/DataSet%208/EFTA00033267.pdf,,yes,0,3624.5,,MCC surveillance video (silent); 1.0h
EFTA00033268,8,mp4,video,23868254,22.76,https://www.justice.gov/epstein/files/DataSet%208/EFTA00033268.pdf,,yes,0,3624.5,,MCC surveillance video (silent); 1.0h
EFTA00033269,8,mp4,video,23088445,22.02,https://www.justice.gov/epstein/files/DataSet%208/EFTA00033269.pdf,,yes,0,3624.5,,MCC surveillance video (silent); 1.0h
EFTA00033270,8,mp4,video,22693916,21.64,https://www.justice.gov/epstein/files/DataSet%208/EFTA00033270.pdf,,yes,0,3624.5,,MCC surveillance video (silent); 1.0h
EFTA00033271,8,mp4,video,22355041,21.32,https://www.justice.gov/epstein/files/DataSet%208/EFTA00033271.pdf,,yes,0,3624.5,,MCC surveillance video (silent); 1.0h
EFTA00033272,8,mp4,video,22325075,21.29,https://www.justice.gov/epstein/files/DataSet%208/EFTA00033272.pdf,,yes,0,3624.5,,MCC surveillance video (silent); 1.0h
EFTA00033273,8,mp4,video,23118534,22.05,https://www.justice.gov/epstein/files/DataSet%208/EFTA00033273.pdf,,yes,0,3624.5,,MCC surveillance video (silent); 1.0h
EFTA00033274,8,mp4,video,23055692,21.99,https://www.justice.gov/epstein/files/DataSet%208/EFTA00033274.pdf,,yes,0,3624.5,,MCC surveillance video (silent); 1.0h
EFTA00033275,8,mp4,video,24579728,23.44,https://www.justice.gov/epstein/files/DataSet%208/EFTA00033275.pdf,,yes,0,3624.5,,MCC surveillance video (silent); 1.0h
EFTA00033276,8,mp4,video,23428247,22.34,https://www.justice.gov/epstein/files/DataSet%208/EFTA00033276.pdf,,yes,0,3562.0,,MCC surveillance video (silent); 59.4min
EFTA00033277,8,mp4,video,25247628,24.08,https://www.justice.gov/epstein/files/DataSet%208/EFTA00033277.pdf,,yes,0,3624.5,,MCC surveillance video (silent); 1.0h
EFTA00033278,8,mp4,video,23172220,22.1,https://www.justice.gov/epstein/files/DataSet%208/EFTA00033278.pdf,,yes,0,3562.0,,MCC surveillance video (silent); 59.4min
EFTA00033279,8,mp4,video,23708319,22.61,https://www.justice.gov/epstein/files/DataSet%208/EFTA00033279.pdf,,yes,0,3624.5,,MCC surveillance video (silent); 1.0h
EFTA00033280,8,mp4,video,23782341,22.68,https://www.justice.gov/epstein/files/DataSet%208/EFTA00033280.pdf,,yes,0,3562.0,,MCC surveillance video (silent); 59.4min
EFTA00033281,8,mp4,video,25375050,24.2,https://www.justice.gov/epstein/files/DataSet%208/EFTA00033281.pdf,,yes,0,3562.0,,MCC surveillance video (silent); 59.4min
EFTA00033282,8,mp4,video,26317077,25.1,https://www.justice.gov/epstein/files/DataSet%208/EFTA00033282.pdf,,yes,0,3562.0,,MCC surveillance video (silent); 59.4min
EFTA00033283,8,mp4,video,24594767,23.46,https://www.justice.gov/epstein/files/DataSet%208/EFTA00033283.pdf,,yes,0,3624.5,,MCC surveillance video (silent); 1.0h
EFTA00033284,8,mp4,video,23978592,22.87,https://www.justice.gov/epstein/files/DataSet%208/EFTA00033284.pdf,,yes,0,3624.5,,MCC surveillance video (silent); 1.0h
EFTA00033285,8,mp4,video,24546417,23.41,https://www.justice.gov/epstein/files/DataSet%208/EFTA00033285.pdf,,yes,0,3624.5,,MCC surveillance video (silent); 1.0h
EFTA00033286,8,mp4,video,25847811,24.65,https://www.justice.gov/epstein/files/DataSet%208/EFTA00033286.pdf,,yes,0,3624.5,,MCC surveillance video (silent); 1.0h
EFTA00033287,8,mp4,video,24013726,22.9,https://www.justice.gov/epstein/files/DataSet%208/EFTA00033287.pdf,,yes,0,3562.0,,MCC surveillance video (silent); 59.4min
EFTA00033288,8,mp4,video,25188426,24.02,https://www.justice.gov/epstein/files/DataSet%208/EFTA00033288.pdf,,yes,0,3624.5,,MCC surveillance video (silent); 1.0h
EFTA00033289,8,mp4,video,25028719,23.87,https://www.justice.gov/epstein/files/DataSet%208/EFTA00033289.pdf,,yes,0,3562.0,,MCC surveillance video (silent); 59.4min
EFTA00033290,8,mp4,video,24326505,23.2,https://www.justice.gov/epstein/files/DataSet%208/EFTA00033290.pdf,,yes,0,3624.5,,MCC surveillance video (silent); 1.0h
EFTA00033291,8,mp4,video,24488928,23.35,https://www.justice.gov/epstein/files/DataSet%208/EFTA00033291.pdf,,yes,0,3624.5,,MCC surveillance video (silent); 1.0h
EFTA00033292,8,mp4,video,23758869,22.66,https://www.justice.gov/epstein/files/DataSet%208/EFTA00033292.pdf,,yes,0,3624.5,,MCC surveillance video (silent); 1.0h
EFTA00033293,8,mp4,video,23462858,22.38,https://www.justice.gov/epstein/files/DataSet%208/EFTA00033293.pdf,,yes,0,3624.5,,MCC surveillance video (silent); 1.0h
EFTA00033294,8,mp4,video,23368983,22.29,https://www.justice.gov/epstein/files/DataSet%208/EFTA00033294.pdf,,yes,0,3624.5,,MCC surveillance video (silent); 1.0h
EFTA00033295,8,mp4,video,24213473,23.09,https://www.justice.gov/epstein/files/DataSet%208/EFTA00033295.pdf,,yes,0,3624.5,,MCC surveillance video (silent); 1.0h
EFTA00033296,8,mp4,video,24082947,22.97,https://www.justice.gov/epstein/files/DataSet%208/EFTA00033296.pdf,,yes,0,3624.5,,MCC surveillance video (silent); 1.0h
EFTA00033297,8,mp4,video,23715714,22.62,https://www.justice.gov/epstein/files/DataSet%208/EFTA00033297.pdf,,yes,0,3624.5,,MCC surveillance video (silent); 1.0h
EFTA00033298,8,mp4,video,23170547,22.1,https://www.justice.gov/epstein/files/DataSet%208/EFTA00033298.pdf,,yes,0,3562.0,,MCC surveillance video (silent); 59.4min
EFTA00033299,8,mp4,video,24816219,23.67,https://www.justice.gov/epstein/files/DataSet%208/EFTA00033299.pdf,,yes,0,3624.5,,MCC surveillance video (silent); 1.0h
EFTA00033300,8,mp4,video,23901286,22.79,https://www.justice.gov/epstein/files/DataSet%208/EFTA00033300.pdf,,yes,0,3624.5,,MCC surveillance video (silent); 1.0h
EFTA00033301,8,mp4,video,23491206,22.4,https://www.justice.gov/epstein/files/DataSet%208/EFTA00033301.pdf,,yes,0,3562.0,,MCC surveillance video (silent); 59.4min
EFTA00033302,8,mp4,video,24166051,23.05,https://www.justice.gov/epstein/files/DataSet%208/EFTA00033302.pdf,,yes,0,3624.5,,MCC surveillance video (silent); 1.0h
EFTA00033303,8,mp4,video,23981818,22.87,https://www.justice.gov/epstein/files/DataSet%208/EFTA00033303.pdf,,yes,0,3624.5,,MCC surveillance video (silent); 1.0h
EFTA00033304,8,mp4,video,24012320,22.9,https://www.justice.gov/epstein/files/DataSet%208/EFTA00033304.pdf,,yes,0,3562.0,,MCC surveillance video (silent); 59.4min
EFTA00033305,8,mp4,video,23550607,22.46,https://www.justice.gov/epstein/files/DataSet%208/EFTA00033305.pdf,,yes,0,3624.5,,MCC surveillance video (silent); 1.0h
EFTA00033306,8,mp4,video,23997424,22.89,https://www.justice.gov/epstein/files/DataSet%208/EFTA00033306.pdf,,yes,0,3624.5,,MCC surveillance video (silent); 1.0h
EFTA00033307,8,mp4,video,23424820,22.34,https://www.justice.gov/epstein/files/DataSet%208/EFTA00033307.pdf,,yes,0,3562.0,,MCC surveillance video (silent); 59.4min
EFTA00033308,8,mp4,video,24770607,23.62,https://www.justice.gov/epstein/files/DataSet%208/EFTA00033308.pdf,,yes,0,3624.5,,MCC surveillance video (silent); 1.0h
EFTA00033309,8,mp4,video,23382316,22.3,https://www.justice.gov/epstein/files/DataSet%208/EFTA00033309.pdf,,yes,0,3562.0,,MCC surveillance video (silent); 59.4min
EFTA00033310,8,mp4,video,23488172,22.4,https://www.justice.gov/epstein/files/DataSet%208/EFTA00033310.pdf,,yes,0,3562.0,,MCC surveillance video (silent); 59.4min
EFTA00033311,8,mp4,video,23722370,22.62,https://www.justice.gov/epstein/files/DataSet%208/EFTA00033311.pdf,,yes,0,3562.0,,MCC surveillance video (silent); 59.4min
EFTA00033312,8,mp4,video,26066432,24.86,https://www.justice.gov/epstein/files/DataSet%208/EFTA00033312.pdf,,yes,0,3624.5,,MCC surveillance video (silent); 1.0h
EFTA00033313,8,mp4,video,23415128,22.33,https://www.justice.gov/epstein/files/DataSet%208/EFTA00033313.pdf,,yes,0,3624.5,,MCC surveillance video (silent); 1.0h
EFTA00033314,8,mp4,video,24902508,23.75,https://www.justice.gov/epstein/files/DataSet%208/EFTA00033314.pdf,,yes,0,3562.0,,MCC surveillance video (silent); 59.4min
EFTA00033315,8,mp4,video,25138471,23.97,https://www.justice.gov/epstein/files/DataSet%208/EFTA00033315.pdf,,yes,0,3624.5,,MCC surveillance video (silent); 1.0h
EFTA00033316,8,mp4,video,24009736,22.9,https://www.justice.gov/epstein/files/DataSet%208/EFTA00033316.pdf,,yes,0,3624.5,,MCC surveillance video (silent); 1.0h
EFTA00033317,8,mp4,video,23425085,22.34,https://www.justice.gov/epstein/files/DataSet%208/EFTA00033317.pdf,,yes,0,3562.0,,MCC surveillance video (silent); 59.4min
EFTA00033318,8,mp4,video,24673159,23.53,https://www.justice.gov/epstein/files/DataSet%208/EFTA00033318.pdf,,yes,0,3624.5,,MCC surveillance video (silent); 1.0h
EFTA00033319,8,mp4,video,24045170,22.93,https://www.justice.gov/epstein/files/DataSet%208/EFTA00033319.pdf,,yes,0,3562.0,,MCC surveillance video (silent); 59.4min
EFTA00033320,8,mp4,video,23747452,22.65,https://www.justice.gov/epstein/files/DataSet%208/EFTA00033320.pdf,,yes,0,3562.0,,MCC surveillance video (silent); 59.4min
EFTA00033321,8,mp4,video,24918757,23.76,https://www.justice.gov/epstein/files/DataSet%208/EFTA00033321.pdf,,yes,0,3562.0,,MCC surveillance video (silent); 59.4min
EFTA00033322,8,mp4,video,23637986,22.54,https://www.justice.gov/epstein/files/DataSet%208/EFTA00033322.pdf,,yes,0,3624.5,,MCC surveillance video (silent); 1.0h
EFTA00033323,8,mp4,video,22847768,21.79,https://www.justice.gov/epstein/files/DataSet%208/EFTA00033323.pdf,,yes,0,3562.0,,MCC surveillance video (silent); 59.4min
EFTA00033324,8,mp4,video,23947907,22.84,https://www.justice.gov/epstein/files/DataSet%208/EFTA00033324.pdf,,yes,0,3562.0,,MCC surveillance video (silent); 59.4min
EFTA00033325,8,mp4,video,23876530,22.77,https://www.justice.gov/epstein/files/DataSet%208/EFTA00033325.pdf,,yes,0,3624.5,,MCC surveillance video (silent); 1.0h
EFTA00033326,8,mp4,video,23091136,22.02,https://www.justice.gov/epstein/files/DataSet%208/EFTA00033326.pdf,,yes,0,3624.5,,MCC surveillance video (silent); 1.0h
EFTA00033327,8,mp4,video,23086597,22.02,https://www.justice.gov/epstein/files/DataSet%208/EFTA00033327.pdf,,yes,0,3562.0,,MCC surveillance video (silent); 59.4min
EFTA00033328,8,mp4,video,23723508,22.62,https://www.justice.gov/epstein/files/DataSet%208/EFTA00033328.pdf,,yes,0,3562.0,,MCC surveillance video (silent); 59.4min
EFTA00033329,8,mp4,video,24459715,23.33,https://www.justice.gov/epstein/files/DataSet%208/EFTA00033329.pdf,,yes,0,3562.0,,MCC surveillance video (silent); 59.4min
EFTA00033330,8,mp4,video,23837927,22.73,https://www.justice.gov/epstein/files/DataSet%208/EFTA00033330.pdf,,yes,0,3624.5,,MCC surveillance video (silent); 1.0h
EFTA00033331,8,mp4,video,22949759,21.89,https://www.justice.gov/epstein/files/DataSet%208/EFTA00033331.pdf,,yes,0,3562.0,,MCC surveillance video (silent); 59.4min
EFTA00033332,8,mp4,video,24562087,23.42,https://www.justice.gov/epstein/files/DataSet%208/EFTA00033332.pdf,,yes,0,3624.5,,MCC surveillance video (silent); 1.0h
EFTA00033333,8,mp4,video,23374732,22.29,https://www.justice.gov/epstein/files/DataSet%208/EFTA00033333.pdf,,yes,0,3562.0,,MCC surveillance video (silent); 59.4min
EFTA00033334,8,mp4,video,23517141,22.43,https://www.justice.gov/epstein/files/DataSet%208/EFTA00033334.pdf,,yes,0,3624.5,,MCC surveillance video (silent); 1.0h
EFTA00033335,8,mp4,video,23032051,21.97,https://www.justice.gov/epstein/files/DataSet%208/EFTA00033335.pdf,,yes,0,3562.0,,MCC surveillance video (silent); 59.4min
EFTA00033336,8,mp4,video,23341049,22.26,https://www.justice.gov/epstein/files/DataSet%208/EFTA00033336.pdf,,yes,0,3624.5,,MCC surveillance video (silent); 1.0h
EFTA00033337,8,mp4,video,22999595,21.93,https://www.justice.gov/epstein/files/DataSet%208/EFTA00033337.pdf,,yes,0,3562.0,,MCC surveillance video (silent); 59.4min
EFTA00033338,8,mp4,video,24940535,23.79,https://www.justice.gov/epstein/files/DataSet%208/EFTA00033338.pdf,,yes,0,3624.5,,MCC surveillance video (silent); 1.0h
EFTA00033339,8,mp4,video,22786319,21.73,https://www.justice.gov/epstein/files/DataSet%208/EFTA00033339.pdf,,yes,0,3562.0,,MCC surveillance video (silent); 59.4min
EFTA00033340,8,mp4,video,23446958,22.36,https://www.justice.gov/epstein/files/DataSet%208/EFTA00033340.pdf,,yes,0,3624.5,,MCC surveillance video (silent); 1.0h
EFTA00033341,8,mp4,video,23368227,22.29,https://www.justice.gov/epstein/files/DataSet%208/EFTA00033341.pdf,,yes,0,3562.0,,MCC surveillance video (silent); 59.4min
EFTA00033342,8,mp4,video,22287983,21.26,https://www.justice.gov/epstein/files/DataSet%208/EFTA00033342.pdf,,yes,0,3624.5,,MCC surveillance video (silent); 1.0h
EFTA00033343,8,mp4,video,22262274,21.23,https://www.justice.gov/epstein/files/DataSet%208/EFTA00033343.pdf,,yes,0,3624.5,,MCC surveillance video (silent); 1.0h
EFTA00033344,8,mp4,video,24355028,23.23,https://www.justice.gov/epstein/files/DataSet%208/EFTA00033344.pdf,,yes,0,3624.5,,MCC surveillance video (silent); 1.0h
EFTA00033345,8,mp4,video,22963137,21.9,https://www.justice.gov/epstein/files/DataSet%208/EFTA00033345.pdf,,yes,0,3624.5,,MCC surveillance video (silent); 1.0h
EFTA00033346,8,mp4,video,22089212,21.07,https://www.justice.gov/epstein/files/DataSet%208/EFTA00033346.pdf,,yes,0,3562.0,,MCC surveillance video (silent); 59.4min
EFTA00033347,8,mp4,video,22761261,21.71,https://www.justice.gov/epstein/files/DataSet%208/EFTA00033347.pdf,,yes,0,3624.5,,MCC surveillance video (silent); 1.0h
EFTA00033348,8,mp4,video,23317910,22.24,https://www.justice.gov/epstein/files/DataSet%208/EFTA00033348.pdf,,yes,0,3624.5,,MCC surveillance video (silent); 1.0h
EFTA00033349,8,mp4,video,23418854,22.33,https://www.justice.gov/epstein/files/DataSet%208/EFTA00033349.pdf,,yes,0,3562.0,,MCC surveillance video (silent); 59.4min
EFTA00033350,8,mp4,video,24123574,23.01,https://www.justice.gov/epstein/files/DataSet%208/EFTA00033350.pdf,,yes,0,3624.5,,MCC surveillance video (silent); 1.0h
EFTA00033351,8,mp4,video,22975949,21.91,https://www.justice.gov/epstein/files/DataSet%208/EFTA00033351.pdf,,yes,0,3624.5,,MCC surveillance video (silent); 1.0h
EFTA00033352,8,mp4,video,23400055,22.32,https://www.justice.gov/epstein/files/DataSet%208/EFTA00033352.pdf,,yes,0,3562.0,,MCC surveillance video (silent); 59.4min
EFTA00033353,8,mp4,video,22996600,21.93,https://www.justice.gov/epstein/files/DataSet%208/EFTA00033353.pdf,,yes,0,3562.0,,MCC surveillance video (silent); 59.4min
EFTA00033354,8,mp4,video,23570666,22.48,https://www.justice.gov/epstein/files/DataSet%208/EFTA00033354.pdf,,yes,0,3624.5,,MCC surveillance video (silent); 1.0h
EFTA00033355,8,mp4,video,23291533,22.21,https://www.justice.gov/epstein/files/DataSet%208/EFTA00033355.pdf,,yes,0,3624.5,,MCC surveillance video (silent); 1.0h
EFTA00033356,8,mp4,video,22713595,21.66,https://www.justice.gov/epstein/files/DataSet%208/EFTA00033356.pdf,,yes,0,3562.0,,MCC surveillance video (silent); 59.4min
EFTA00033357,8,mp4,video,23410193,22.33,https://www.justice.gov/epstein/files/DataSet%208/EFTA00033357.pdf,,yes,0,3562.0,,MCC surveillance video (silent); 59.4min
EFTA00033358,8,mp4,video,23583183,22.49,https://www.justice.gov/epstein/files/DataSet%208/EFTA00033358.pdf,,yes,0,3562.0,,MCC surveillance video (silent); 59.4min
EFTA00033359,8,mp4,video,24413341,23.28,https://www.justice.gov/epstein/files/DataSet%208/EFTA00033359.pdf,,yes,0,3562.0,,MCC surveillance video (silent); 59.4min
EFTA00033360,8,mp4,video,23960065,22.85,https://www.justice.gov/epstein/files/DataSet%208/EFTA00033360.pdf,,yes,0,3624.5,,MCC surveillance video (silent); 1.0h
EFTA00033361,8,mp4,video,23423772,22.34,https://www.justice.gov/epstein/files/DataSet%208/EFTA00033361.pdf,,yes,0,3624.5,,MCC surveillance video (silent); 1.0h
EFTA00033362,8,mp4,video,23561291,22.47,https://www.justice.gov/epstein/files/DataSet%208/EFTA00033362.pdf,,yes,0,3624.5,,MCC surveillance video (silent); 1.0h
EFTA00033363,8,mp4,video,23577176,22.48,https://www.justice.gov/epstein/files/DataSet%208/EFTA00033363.pdf,,yes,0,3562.0,,MCC surveillance video (silent); 59.4min
EFTA00033364,8,mp4,video,25795982,24.6,https://www.justice.gov/epstein/files/DataSet%208/EFTA00033364.pdf,,yes,0,3562.0,,MCC surveillance video (silent); 59.4min
EFTA00033365,8,mp4,video,23244709,22.17,https://www.justice.gov/epstein/files/DataSet%208/EFTA00033365.pdf,,yes,0,3624.5,,MCC surveillance video (silent); 1.0h
EFTA00033366,8,mp4,video,22315971,21.28,https://www.justice.gov/epstein/files/DataSet%208/EFTA00033366.pdf,,yes,0,3562.0,,MCC surveillance video (silent); 59.4min
EFTA00033367,8,mp4,video,22747955,21.69,https://www.justice.gov/epstein/files/DataSet%208/EFTA00033367.pdf,,yes,0,3562.0,,MCC surveillance video (silent); 59.4min
EFTA00033368,8,mp4,video,23786089,22.68,https://www.justice.gov/epstein/files/DataSet%208/EFTA00033368.pdf,,yes,0,3624.5,,MCC surveillance video (silent); 1.0h
EFTA00033369,8,mp4,video,24230001,23.11,https://www.justice.gov/epstein/files/DataSet%208/EFTA00033369.pdf,,yes,0,3624.5,,MCC surveillance video (silent); 1.0h
EFTA00033370,8,mp4,video,23756243,22.66,https://www.justice.gov/epstein/files/DataSet%208/EFTA00033370.pdf,,yes,0,3624.5,,MCC surveillance video (silent); 1.0h
EFTA00033371,8,mp4,video,23420802,22.34,https://www.justice.gov/epstein/files/DataSet%208/EFTA00033371.pdf,,yes,0,3562.0,,MCC surveillance video (silent); 59.4min
EFTA00033372,8,mp4,video,23474056,22.39,https://www.justice.gov/epstein/files/DataSet%208/EFTA00033372.pdf,,yes,0,3624.5,,MCC surveillance video (silent); 1.0h
EFTA00033373,8,mp4,video,23834418,22.73,https://www.justice.gov/epstein/files/DataSet%208/EFTA00033373.pdf,,yes,0,3562.0,,MCC surveillance video (silent); 59.4min
EFTA00033374,8,mp4,video,23866266,22.76,https://www.justice.gov/epstein/files/DataSet%208/EFTA00033374.pdf,,yes,0,3624.5,,MCC surveillance video (silent); 1.0h
EFTA00033375,8,mp4,video,23627097,22.53,https://www.justice.gov/epstein/files/DataSet%208/EFTA00033375.pdf,,yes,0,3624.5,,MCC surveillance video (silent); 1.0h
EFTA00033376,8,mp4,video,24889656,23.74,https://www.justice.gov/epstein/files/DataSet%208/EFTA00033376.pdf,,yes,0,3624.5,,MCC surveillance video (silent); 1.0h
EFTA00033377,8,mp4,video,23457932,22.37,https://www.justice.gov/epstein/files/DataSet%208/EFTA00033377.pdf,,yes,0,3562.0,,MCC surveillance video (silent); 59.4min
EFTA00033378,8,mp4,video,23206129,22.13,https://www.justice.gov/epstein/files/DataSet%208/EFTA00033378.pdf,,yes,0,3624.5,,MCC surveillance video (silent); 1.0h
EFTA00033379,8,mp4,video,23375736,22.29,https://www.justice.gov/epstein/files/DataSet%208/EFTA00033379.pdf,,yes,0,3624.5,,MCC surveillance video (silent); 1.0h
EFTA00033380,8,mp4,video,23092811,22.02,https://www.justice.gov/epstein/files/DataSet%208/EFTA00033380.pdf,,yes,0,3562.0,,MCC surveillance video (silent); 59.4min
EFTA00033381,8,mp4,video,23853801,22.75,https://www.justice.gov/epstein/files/DataSet%208/EFTA00033381.pdf,,yes,0,3562.0,,MCC surveillance video (silent); 59.4min
EFTA00033382,8,mp4,video,22932249,21.87,https://www.justice.gov/epstein/files/DataSet%208/EFTA00033382.pdf,,yes,0,3562.0,,MCC surveillance video (silent); 59.4min
EFTA00033383,8,mp4,video,23407197,22.32,https://www.justice.gov/epstein/files/DataSet%208/EFTA00033383.pdf,,yes,0,3624.5,,MCC surveillance video (silent); 1.0h
EFTA00033384,8,mp4,video,24765269,23.62,https://www.justice.gov/epstein/files/DataSet%208/EFTA00033384.pdf,,yes,0,3624.5,,MCC surveillance video (silent); 1.0h
EFTA00033385,8,mp4,video,25690725,24.5,https://www.justice.gov/epstein/files/DataSet%208/EFTA00033385.pdf,,yes,0,3624.5,,MCC surveillance video (silent); 1.0h
EFTA00033386,8,mp4,video,25744092,24.55,https://www.justice.gov/epstein/files/DataSet%208/EFTA00033386.pdf,,yes,0,3624.5,,MCC surveillance video (silent); 1.0h
EFTA00033387,8,mp4,video,24200471,23.08,https://www.justice.gov/epstein/files/DataSet%208/EFTA00033387.pdf,,yes,0,3562.0,,MCC surveillance video (silent); 59.4min
EFTA00033388,8,mp4,video,23952736,22.84,https://www.justice.gov/epstein/files/DataSet%208/EFTA00033388.pdf,,yes,0,3624.5,,MCC surveillance video (silent); 1.0h
EFTA00033389,8,mp4,video,21824213,20.81,https://www.justice.gov/epstein/files/DataSet%208/EFTA00033389.pdf,,yes,0,3624.5,,MCC surveillance video (silent); 1.0h
EFTA00033390,8,mp4,video,22048723,21.03,https://www.justice.gov/epstein/files/DataSet%208/EFTA00033390.pdf,,yes,0,3624.5,,MCC surveillance video (silent); 1.0h
EFTA00033391,8,mp4,video,21576741,20.58,https://www.justice.gov/epstein/files/DataSet%208/EFTA00033391.pdf,,yes,0,3562.0,,MCC surveillance video (silent); 59.4min
EFTA00033392,8,mp4,video,22691162,21.64,https://www.justice.gov/epstein/files/DataSet%208/EFTA00033392.pdf,,yes,0,3562.0,,MCC surveillance video (silent); 59.4min
EFTA00033393,8,mp4,video,25928921,24.73,https://www.justice.gov/epstein/files/DataSet%208/EFTA00033393.pdf,,yes,0,3624.5,,MCC surveillance video (silent); 1.0h
EFTA00033394,8,mp4,video,18819257,17.95,https://www.justice.gov/epstein/files/DataSet%208/EFTA00033394.pdf,,yes,0,3562.0,,MCC surveillance video (silent); 59.4min
EFTA00033395,8,mp4,video,18100284,17.26,https://www.justice.gov/epstein/files/DataSet%208/EFTA00033395.pdf,,yes,0,3562.0,,MCC surveillance video (silent); 59.4min
EFTA00033396,8,mp4,video,26832008,25.59,https://www.justice.gov/epstein/files/DataSet%208/EFTA00033396.pdf,,yes,0,3620.3,,MCC surveillance video (silent); 1.0h
EFTA00033397,8,mp4,video,21739908,20.73,https://www.justice.gov/epstein/files/DataSet%208/EFTA00033397.pdf,,yes,0,3562.0,,MCC surveillance video (silent); 59.4min
EFTA00033398,8,mp4,video,22449662,21.41,https://www.justice.gov/epstein/files/DataSet%208/EFTA00033398.pdf,,yes,0,3624.5,,MCC surveillance video (silent); 1.0h
EFTA00033399,8,mp4,video,19101044,18.22,https://www.justice.gov/epstein/files/DataSet%208/EFTA00033399.pdf,,yes,0,3624.5,,MCC surveillance video (silent); 1.0h
EFTA00033400,8,mp4,video,18141081,17.3,https://www.justice.gov/epstein/files/DataSet%208/EFTA00033400.pdf,,yes,0,3562.0,,MCC surveillance video (silent); 59.4min
EFTA00033401,8,mp4,video,21473855,20.48,https://www.justice.gov/epstein/files/DataSet%208/EFTA00033401.pdf,,yes,0,3562.0,,MCC surveillance video (silent); 59.4min
EFTA00033402,8,mp4,video,20369146,19.43,https://www.justice.gov/epstein/files/DataSet%208/EFTA00033402.pdf,,yes,0,3562.0,,MCC surveillance video (silent); 59.4min
EFTA00033403,8,mp4,video,21007067,20.03,https://www.justice.gov/epstein/files/DataSet%208/EFTA00033403.pdf,,yes,0,3562.0,,MCC surveillance video (silent); 59.4min
EFTA00033404,8,mp4,video,21615761,20.61,https://www.justice.gov/epstein/files/DataSet%208/EFTA00033404.pdf,,yes,0,3624.5,,MCC surveillance video (silent); 1.0h
EFTA00033405,8,mp4,video,20247741,19.31,https://www.justice.gov/epstein/files/DataSet%208/EFTA00033405.pdf,,yes,0,3562.0,,MCC surveillance video (silent); 59.4min
EFTA00033406,8,mp4,video,20161221,19.23,https://www.justice.gov/epstein/files/DataSet%208/EFTA00033406.pdf,,yes,0,3624.5,,MCC surveillance video (silent); 1.0h
EFTA00033407,8,mp4,video,19983294,19.06,https://www.justice.gov/epstein/files/DataSet%208/EFTA00033407.pdf,,yes,0,3624.5,,MCC surveillance video (silent); 1.0h
EFTA00033408,8,mp4,video,20491104,19.54,https://www.justice.gov/epstein/files/DataSet%208/EFTA00033408.pdf,,yes,0,3624.5,,MCC surveillance video (silent); 1.0h
EFTA00033409,8,mp4,video,17558500,16.75,https://www.justice.gov/epstein/files/DataSet%208/EFTA00033409.pdf,,yes,0,3562.0,,MCC surveillance video (silent); 59.4min
EFTA00033410,8,mp4,video,17388531,16.58,https://www.justice.gov/epstein/files/DataSet%208/EFTA00033410.pdf,,yes,0,3624.5,,MCC surveillance video (silent); 1.0h
EFTA00033411,8,mp4,video,19866963,18.95,https://www.justice.gov/epstein/files/DataSet%208/EFTA00033411.pdf,,yes,0,3624.5,,MCC surveillance video (silent); 1.0h
EFTA00033412,8,mp4,video,25517706,24.34,https://www.justice.gov/epstein/files/DataSet%208/EFTA00033412.pdf,,yes,0,3624.5,,MCC surveillance video (silent); 1.0h
EFTA00064598,9,mp4,video,22938008,21.88,https://www.justice.gov/epstein/files/DataSet%209/EFTA00064598.pdf,,yes,0,3624.5,,Video (no speech detected); 1.0h
EFTA00064599,9,mp4,video,22118971,21.09,https://www.justice.gov/epstein/files/DataSet%209/EFTA00064599.pdf,,yes,0,3562.0,,Video (no speech detected); 59.4min
EFTA00064600,9,mp4,video,23029305,21.96,https://www.justice.gov/epstein/files/DataSet%209/EFTA00064600.pdf,,yes,0,3562.0,,Video (no speech detected); 59.4min
EFTA00064601,9,mp4,video,23204992,22.13,https://www.justice.gov/epstein/files/DataSet%209/EFTA00064601.pdf,,yes,0,3624.5,,Video (no speech detected); 1.0h
EFTA00064602,9,mp4,video,21585118,20.59,https://www.justice.gov/epstein/files/DataSet%209/EFTA00064602.pdf,,yes,0,3562.0,,Video (no speech detected); 59.4min
EFTA00064603,9,mp4,video,20784115,19.82,https://www.justice.gov/epstein/files/DataSet%209/EFTA00064603.pdf,,yes,0,3591.3,,Video (no speech detected); 59.9min
EFTA00064604,9,mp4,video,22427626,21.39,https://www.justice.gov/epstein/files/DataSet%209/EFTA00064604.pdf,,yes,0,3624.5,,Video (no speech detected); 1.0h
EFTA00064605,9,mp4,video,21093374,20.12,https://www.justice.gov/epstein/files/DataSet%209/EFTA00064605.pdf,,yes,0,3624.5,,Video (no speech detected); 1.0h
EFTA00064606,9,mp4,video,22101213,21.08,https://www.justice.gov/epstein/files/DataSet%209/EFTA00064606.pdf,,yes,0,3562.0,,Video (no speech detected); 59.4min
EFTA00064607,9,mp4,video,23119346,22.05,https://www.justice.gov/epstein/files/DataSet%209/EFTA00064607.pdf,,yes,0,3624.5,,Video (no speech detected); 1.0h
EFTA00064608,9,mp4,video,22308810,21.28,https://www.justice.gov/epstein/files/DataSet%209/EFTA00064608.pdf,,yes,0,3562.0,,Video (no speech detected); 59.4min
EFTA00064609,9,mp4,video,24715647,23.57,https://www.justice.gov/epstein/files/DataSet%209/EFTA00064609.pdf,,yes,0,3624.5,,Video (no speech detected); 1.0h
EFTA00064610,9,mp4,video,24523204,23.39,https://www.justice.gov/epstein/files/DataSet%209/EFTA00064610.pdf,,yes,0,3624.5,,Video (no speech detected); 1.0h
EFTA00064611,9,mp4,video,24180887,23.06,https://www.justice.gov/epstein/files/DataSet%209/EFTA00064611.pdf,,yes,0,3562.0,,Video (no speech detected); 59.4min
EFTA00064612,9,mp4,video,24395125,23.27,https://www.justice.gov/epstein/files/DataSet%209/EFTA00064612.pdf,,yes,0,3624.5,,Video (no speech detected); 1.0h
EFTA00064613,9,mp4,video,23882523,22.78,https://www.justice.gov/epstein/files/DataSet%209/EFTA00064613.pdf,,yes,0,3562.0,,Video (no speech detected); 59.4min
EFTA00064614,9,mp4,video,24594036,23.45,https://www.justice.gov/epstein/files/DataSet%209/EFTA00064614.pdf,,yes,0,3624.5,,Video (no speech detected); 1.0h
EFTA00068376,9,m4a,audio,935129,0.89,https://www.justice.gov/epstein/files/DataSet%209/EFTA00068376.pdf,,yes,118,59.2,,Audio recording (118 words transcribed); 59s
EFTA00072394,9,m4a,audio,383217,0.37,https://www.justice.gov/epstein/files/DataSet%209/EFTA00072394.pdf,,yes,56,24.1,,Audio recording (56 words transcribed); 24s
EFTA00072395,9,m4a,audio,1595628,1.52,https://www.justice.gov/epstein/files/DataSet%209/EFTA00072395.pdf,,yes,241,101.0,,Audio recording (241 words transcribed); 1.7min
EFTA00072396,9,m4a,audio,1703655,1.62,https://www.justice.gov/epstein/files/DataSet%209/EFTA00072396.pdf,,yes,298,107.2,,Audio recording (298 words transcribed); 1.8min
EFTA00072397,9,m4a,audio,801032,0.76,https://www.justice.gov/epstein/files/DataSet%209/EFTA00072397.pdf,,yes,128,49.5,,Audio recording (128 words transcribed); 50s
EFTA00072398,9,m4a,audio,180675,0.17,https://www.justice.gov/epstein/files/DataSet%209/EFTA00072398.pdf,,yes,21,13.0,,Audio recording (21 words transcribed); 13s
EFTA00072399,9,m4a,audio,855660,0.82,https://www.justice.gov/epstein/files/DataSet%209/EFTA00072399.pdf,,yes,133,53.0,,Audio recording (133 words transcribed); 53s
EFTA00072400,9,m4a,audio,312490,0.3,https://www.justice.gov/epstein/files/DataSet%209/EFTA00072400.pdf,,yes,43,19.9,,Audio recording (43 words transcribed); 20s
EFTA00072401,9,m4a,audio,919316,0.88,https://www.justice.gov/epstein/files/DataSet%209/EFTA00072401.pdf,,yes,104,59.0,,Audio recording (104 words transcribed); 59s
EFTA00076840,9,mov,video,16351392,15.59,https://www.justice.gov/epstein/files/DataSet%209/EFTA00076840.pdf,,yes,111,155.7,,Video with speech (111 words transcribed); 2.6min
EFTA00083881,9,m4a,audio,1633906,1.56,https://www.justice.gov/epstein/files/DataSet%209/EFTA00083881.pdf,,yes,314,101.1,,Audio recording (314 words transcribed); 1.7min
EFTA00087284,9,mp4,video,11555337,11.02,https://www.justice.gov/epstein/files/DataSet%209/EFTA00087284.pdf,,yes,162,146.7,,Video with speech (162 words transcribed); 2.4min
EFTA00087285,9,mov,video,3721918,3.55,https://www.justice.gov/epstein/files/DataSet%209/EFTA00087285.pdf,,yes,31,34.9,,Video with speech (31 words transcribed); 35s
EFTA00089243,9,m4a,audio,876065,0.84,https://www.justice.gov/epstein/files/DataSet%209/EFTA00089243.pdf,,yes,100,56.2,,Audio recording (100 words transcribed); 56s
EFTA00090492,9,m4a,audio,413631,0.39,https://www.justice.gov/epstein/files/DataSet%209/EFTA00090492.pdf,,yes,91,46.4,,Audio recording (91 words transcribed); 46s
EFTA00093515,9,m4a,audio,1390882,1.33,https://www.justice.gov/epstein/files/DataSet%209/EFTA00093515.pdf,,yes,205,89.0,,Audio recording (205 words transcribed); 1.5min
EFTA00093695,9,mp4,video,5712380,5.45,https://www.justice.gov/epstein/files/DataSet%209/EFTA00093695.pdf,,yes,73,72.4,,Video with speech (73 words transcribed); 1.2min
EFTA00093696,9,mov,video,8215801,7.84,https://www.justice.gov/epstein/files/DataSet%209/EFTA00093696.pdf,,yes,133,78.0,,Video with speech (133 words transcribed); 1.3min
EFTA00093697,9,m4v,video,2595610,2.48,https://www.justice.gov/epstein/files/DataSet%209/EFTA00093697.pdf,,yes,269,85.7,,Video with speech (269 words transcribed); 1.4min
EFTA00096469,9,m4a,audio,575012,0.55,https://www.justice.gov/epstein/files/DataSet%209/EFTA00096469.pdf,,yes,86,36.1,,Audio recording (86 words transcribed); 36s
EFTA00099787,9,mp4,video,5588068,5.33,https://www.justice.gov/epstein/files/DataSet%209/EFTA00099787.pdf,,yes,0,18.9,,Video (no speech detected); 19s
EFTA00099789,9,mp4,video,5434816,5.18,https://www.justice.gov/epstein/files/DataSet%209/EFTA00099789.pdf,,yes,0,21.2,,Video (no speech detected); 21s
EFTA00102122,9,mov,video,3114941,2.97,https://www.justice.gov/epstein/files/DataSet%209/EFTA00102122.pdf,,yes,65,29.5,,Video with speech (65 words transcribed); 30s
EFTA00102123,9,mov,video,4519899,4.31,https://www.justice.gov/epstein/files/DataSet%209/EFTA00102123.pdf,,yes,83,42.4,,Video with speech (83 words transcribed); 42s
EFTA00104842,9,m4a,audio,493449,0.47,https://www.justice.gov/epstein/files/DataSet%209/EFTA00104842.pdf,,yes,82,34.2,,Audio recording (82 words transcribed); 34s
EFTA00108920,9,mp4,video,22118971,21.09,https://www.justice.gov/epstein/files/DataSet%209/EFTA00108920.pdf,,yes,0,3562.0,,Video (no speech detected); 59.4min
EFTA00108921,9,mp4,video,23029305,21.96,https://www.justice.gov/epstein/files/DataSet%209/EFTA00108921.pdf,,yes,0,3562.0,,Video (no speech detected); 59.4min
EFTA00108922,9,mp4,video,23204992,22.13,https://www.justice.gov/epstein/files/DataSet%209/EFTA00108922.pdf,,yes,0,3624.5,,Video (no speech detected); 1.0h
EFTA00108923,9,mp4,video,21585118,20.59,https://www.justice.gov/epstein/files/DataSet%209/EFTA00108923.pdf,,yes,0,3562.0,,Video (no speech detected); 59.4min
EFTA00108924,9,mp4,video,20784115,19.82,https://www.justice.gov/epstein/files/DataSet%209/EFTA00108924.pdf,,yes,0,3591.3,,Video (no speech detected); 59.9min
EFTA00108925,9,mp4,video,22427626,21.39,https://www.justice.gov/epstein/files/DataSet%209/EFTA00108925.pdf,,yes,0,3624.5,,Video (no speech detected); 1.0h
EFTA00108926,9,mp4,video,21093374,20.12,https://www.justice.gov/epstein/files/DataSet%209/EFTA00108926.pdf,,yes,0,3624.5,,Video (no speech detected); 1.0h
EFTA00108927,9,mp4,video,22101213,21.08,https://www.justice.gov/epstein/files/DataSet%209/EFTA00108927.pdf,,yes,0,3562.0,,Video (no speech detected); 59.4min
EFTA00108928,9,mp4,video,23119346,22.05,https://www.justice.gov/epstein/files/DataSet%209/EFTA00108928.pdf,,yes,0,3624.5,,Video (no speech detected); 1.0h
EFTA00108929,9,mp4,video,22308810,21.28,https://www.justice.gov/epstein/files/DataSet%209/EFTA00108929.pdf,,yes,0,3562.0,,Video (no speech detected); 59.4min
EFTA00108930,9,mp4,video,24715647,23.57,https://www.justice.gov/epstein/files/DataSet%209/EFTA00108930.pdf,,yes,0,3624.5,,Video (no speech detected); 1.0h
EFTA00108931,9,mp4,video,24523204,23.39,https://www.justice.gov/epstein/files/DataSet%209/EFTA00108931.pdf,,yes,0,3624.5,,Video (no speech detected); 1.0h
EFTA00108932,9,mp4,video,24180887,23.06,https://www.justice.gov/epstein/files/DataSet%209/EFTA00108932.pdf,,yes,0,3562.0,,Video (no speech detected); 59.4min
EFTA00123080,9,mov,video,1454900418,1387.5,https://www.justice.gov/epstein/files/DataSet%209/EFTA00123080.pdf,,yes,159,677.6,,Video with speech (159 words transcribed); 11.3min
EFTA00123083,9,mov,video,148788279,141.9,https://www.justice.gov/epstein/files/DataSet%209/EFTA00123083.pdf,,yes,72,69.2,,Video with speech (72 words transcribed); 1.2min
EFTA00128448,9,mp4,video,14458832,13.79,https://www.justice.gov/epstein/files/DataSet%209/EFTA00128448.pdf,,yes,0,3624.5,,Video (no speech detected); 1.0h
EFTA00128449,9,mp4,video,14505249,13.83,https://www.justice.gov/epstein/files/DataSet%209/EFTA00128449.pdf,,yes,0,3624.5,,Video (no speech detected); 1.0h
EFTA00128450,9,mp4,video,14888745,14.2,https://www.justice.gov/epstein/files/DataSet%209/EFTA00128450.pdf,,yes,0,3562.0,,Video (no speech detected); 59.4min
EFTA00128451,9,mp4,video,14478649,13.81,https://www.justice.gov/epstein/files/DataSet%209/EFTA00128451.pdf,,yes,0,3624.5,,Video (no speech detected); 1.0h
EFTA00128452,9,mp4,video,16202183,15.45,https://www.justice.gov/epstein/files/DataSet%209/EFTA00128452.pdf,,yes,0,3624.5,,Video (no speech detected); 1.0h
EFTA00128453,9,mp4,video,16167316,15.42,https://www.justice.gov/epstein/files/DataSet%209/EFTA00128453.pdf,,yes,0,3624.5,,Video (no speech detected); 1.0h
EFTA00128454,9,mp4,video,15753740,15.02,https://www.justice.gov/epstein/files/DataSet%209/EFTA00128454.pdf,,yes,0,3624.5,,Video (no speech detected); 1.0h
EFTA00128455,9,mp4,video,16980421,16.19,https://www.justice.gov/epstein/files/DataSet%209/EFTA00128455.pdf,,yes,0,3624.5,,Video (no speech detected); 1.0h
EFTA00128456,9,mp4,video,15520286,14.8,https://www.justice.gov/epstein/files/DataSet%209/EFTA00128456.pdf,,yes,0,3624.5,,Video (no speech detected); 1.0h
EFTA00128457,9,mp4,video,15023895,14.33,https://www.justice.gov/epstein/files/DataSet%209/EFTA00128457.pdf,,yes,0,3624.5,,Video (no speech detected); 1.0h
EFTA00128458,9,mp4,video,14142051,13.49,https://www.justice.gov/epstein/files/DataSet%209/EFTA00128458.pdf,,yes,0,3624.5,,Video (no speech detected); 1.0h
EFTA00128459,9,mp4,video,13901175,13.26,https://www.justice.gov/epstein/files/DataSet%209/EFTA00128459.pdf,,yes,0,3624.5,,Video (no speech detected); 1.0h
EFTA00128460,9,mp4,video,16011703,15.27,https://www.justice.gov/epstein/files/DataSet%209/EFTA00128460.pdf,,yes,0,3624.5,,Video (no speech detected); 1.0h
EFTA00128461,9,mp4,video,16394093,15.63,https://www.justice.gov/epstein/files/DataSet%209/EFTA00128461.pdf,,yes,0,3624.5,,Video (no speech detected); 1.0h
EFTA00128462,9,mp4,video,15866550,15.13,https://www.justice.gov/epstein/files/DataSet%209/EFTA00128462.pdf,,yes,0,3624.5,,Video (no speech detected); 1.0h
EFTA00128463,9,mp4,video,16141107,15.39,https://www.justice.gov/epstein/files/DataSet%209/EFTA00128463.pdf,,yes,0,3624.5,,Video (no speech detected); 1.0h
EFTA00128464,9,mp4,video,15906302,15.17,https://www.justice.gov/epstein/files/DataSet%209/EFTA00128464.pdf,,yes,0,3562.0,,Video (no speech detected); 59.4min
EFTA00128465,9,mp4,video,15636850,14.91,https://www.justice.gov/epstein/files/DataSet%209/EFTA00128465.pdf,,yes,0,3562.0,,Video (no speech detected); 59.4min
EFTA00128466,9,mp4,video,15550801,14.83,https://www.justice.gov/epstein/files/DataSet%209/EFTA00128466.pdf,,yes,0,3624.5,,Video (no speech detected); 1.0h
EFTA00128467,9,mp4,video,15667752,14.94,https://www.justice.gov/epstein/files/DataSet%209/EFTA00128467.pdf,,yes,0,3624.5,,Video (no speech detected); 1.0h
EFTA00128468,9,mp4,video,16506905,15.74,https://www.justice.gov/epstein/files/DataSet%209/EFTA00128468.pdf,,yes,0,3624.5,,Video (no speech detected); 1.0h
EFTA00128469,9,mp4,video,16278925,15.52,https://www.justice.gov/epstein/files/DataSet%209/EFTA00128469.pdf,,yes,0,3624.5,,Video (no speech detected); 1.0h
EFTA00128470,9,mp4,video,16395675,15.64,https://www.justice.gov/epstein/files/DataSet%209/EFTA00128470.pdf,,yes,0,3624.5,,Video (no speech detected); 1.0h
EFTA00128471,9,mp4,video,15751244,15.02,https://www.justice.gov/epstein/files/DataSet%209/EFTA00128471.pdf,,yes,0,3562.0,,Video (no speech detected); 59.4min
EFTA00128472,9,mp4,video,13147892,12.54,https://www.justice.gov/epstein/files/DataSet%209/EFTA00128472.pdf,,yes,0,3562.0,,Video (no speech detected); 59.4min
EFTA00128473,9,mp4,video,13397322,12.78,https://www.justice.gov/epstein/files/DataSet%209/EFTA00128473.pdf,,yes,0,3624.5,,Video (no speech detected); 1.0h
EFTA00128474,9,mp4,video,13916625,13.27,https://www.justice.gov/epstein/files/DataSet%209/EFTA00128474.pdf,,yes,0,3624.5,,Video (no speech detected); 1.0h
EFTA00128475,9,mp4,video,14233905,13.57,https://www.justice.gov/epstein/files/DataSet%209/EFTA00128475.pdf,,yes,0,3624.5,,Video (no speech detected); 1.0h
EFTA00128476,9,mp4,video,14423497,13.76,https://www.justice.gov/epstein/files/DataSet%209/EFTA00128476.pdf,,yes,0,3562.0,,Video (no speech detected); 59.4min
EFTA00128477,9,mp4,video,14363067,13.7,https://www.justice.gov/epstein/files/DataSet%209/EFTA00128477.pdf,,yes,0,3562.0,,Video (no speech detected); 59.4min
EFTA00128478,9,mp4,video,16019815,15.28,https://www.justice.gov/epstein/files/DataSet%209/EFTA00128478.pdf,,yes,0,3624.5,,Video (no speech detected); 1.0h
EFTA00128479,9,mp4,video,15934832,15.2,https://www.justice.gov/epstein/files/DataSet%209/EFTA00128479.pdf,,yes,0,3624.5,,Video (no speech detected); 1.0h
EFTA00128480,9,mp4,video,15413202,14.7,https://www.justice.gov/epstein/files/DataSet%209/EFTA00128480.pdf,,yes,0,3624.5,,Video (no speech detected); 1.0h
EFTA00128481,9,mp4,video,15267940,14.56,https://www.justice.gov/epstein/files/DataSet%209/EFTA00128481.pdf,,yes,0,3624.5,,Video (no speech detected); 1.0h
EFTA00128482,9,mp4,video,15870589,15.14,https://www.justice.gov/epstein/files/DataSet%209/EFTA00128482.pdf,,yes,0,3624.5,,Video (no speech detected); 1.0h
EFTA00128483,9,mp4,video,15959509,15.22,https://www.justice.gov/epstein/files/DataSet%209/EFTA00128483.pdf,,yes,0,3589.5,,Video (no speech detected); 59.8min
EFTA00128484,9,mp4,video,15627439,14.9,https://www.justice.gov/epstein/files/DataSet%209/EFTA00128484.pdf,,yes,0,3624.5,,Video (no speech detected); 1.0h
EFTA00128485,9,mp4,video,15474370,14.76,https://www.justice.gov/epstein/files/DataSet%209/EFTA00128485.pdf,,yes,0,3562.0,,Video (no speech detected); 59.4min
EFTA00128486,9,mp4,video,14757264,14.07,https://www.justice.gov/epstein/files/DataSet%209/EFTA00128486.pdf,,yes,0,3562.0,,Video (no speech detected); 59.4min
EFTA00128487,9,mp4,video,15057762,14.36,https://www.justice.gov/epstein/files/DataSet%209/EFTA00128487.pdf,,yes,0,3562.0,,Video (no speech detected); 59.4min
EFTA00128488,9,mp4,video,15845229,15.11,https://www.justice.gov/epstein/files/DataSet%209/EFTA00128488.pdf,,yes,0,3562.0,,Video (no speech detected); 59.4min
EFTA00128489,9,mp4,video,15884050,15.15,https://www.justice.gov/epstein/files/DataSet%209/EFTA00128489.pdf,,yes,0,3624.5,,Video (no speech detected); 1.0h
EFTA00128490,9,mp4,video,16170167,15.42,https://www.justice.gov/epstein/files/DataSet%209/EFTA00128490.pdf,,yes,0,3562.0,,Video (no speech detected); 59.4min
EFTA00128491,9,mp4,video,15418597,14.7,https://www.justice.gov/epstein/files/DataSet%209/EFTA00128491.pdf,,yes,0,3562.0,,Video (no speech detected); 59.4min
EFTA00128492,9,mp4,video,15817825,15.09,https://www.justice.gov/epstein/files/DataSet%209/EFTA00128492.pdf,,yes,0,3562.0,,Video (no speech detected); 59.4min
EFTA00128493,9,mp4,video,14245195,13.59,https://www.justice.gov/epstein/files/DataSet%209/EFTA00128493.pdf,,yes,0,3562.0,,Video (no speech detected); 59.4min
EFTA00128494,9,mp4,video,13982296,13.33,https://www.justice.gov/epstein/files/DataSet%209/EFTA00128494.pdf,,yes,0,3624.5,,Video (no speech detected); 1.0h
EFTA00128495,9,mp4,video,13766461,13.13,https://www.justice.gov/epstein/files/DataSet%209/EFTA00128495.pdf,,yes,0,3562.0,,Video (no speech detected); 59.4min
EFTA00128496,9,mp4,video,13479395,12.85,https://www.justice.gov/epstein/files/DataSet%209/EFTA00128496.pdf,,yes,0,3588.8,,Video (no speech detected); 59.8min
EFTA00128497,9,mp4,video,15521793,14.8,https://www.justice.gov/epstein/files/DataSet%209/EFTA00128497.pdf,,yes,0,3624.5,,Video (no speech detected); 1.0h
EFTA00128498,9,mp4,video,15958574,15.22,https://www.justice.gov/epstein/files/DataSet%209/EFTA00128498.pdf,,yes,0,3624.5,,Video (no speech detected); 1.0h
EFTA00128499,9,mp4,video,15813697,15.08,https://www.justice.gov/epstein/files/DataSet%209/EFTA00128499.pdf,,yes,0,3624.5,,Video (no speech detected); 1.0h
EFTA00128500,9,mp4,video,16008485,15.27,https://www.justice.gov/epstein/files/DataSet%209/EFTA00128500.pdf,,yes,0,3624.5,,Video (no speech detected); 1.0h
EFTA00128501,9,mp4,video,15255360,14.55,https://www.justice.gov/epstein/files/DataSet%209/EFTA00128501.pdf,,yes,0,3624.5,,Video (no speech detected); 1.0h
EFTA00128502,9,mp4,video,16041864,15.3,https://www.justice.gov/epstein/files/DataSet%209/EFTA00128502.pdf,,yes,0,3624.5,,Video (no speech detected); 1.0h
EFTA00128503,9,mp4,video,15448077,14.73,https://www.justice.gov/epstein/files/DataSet%209/EFTA00128503.pdf,,yes,0,3624.5,,Video (no speech detected); 1.0h
EFTA00128504,9,mp4,video,15589731,14.87,https://www.justice.gov/epstein/files/DataSet%209/EFTA00128504.pdf,,yes,0,3591.3,,Video (no speech detected); 59.9min
EFTA00128505,9,mp4,video,15562517,14.84,https://www.justice.gov/epstein/files/DataSet%209/EFTA00128505.pdf,,yes,0,3624.5,,Video (no speech detected); 1.0h
EFTA00128506,9,mp4,video,14306975,13.64,https://www.justice.gov/epstein/files/DataSet%209/EFTA00128506.pdf,,yes,0,3624.5,,Video (no speech detected); 1.0h
EFTA00128507,9,mp4,video,13531876,12.91,https://www.justice.gov/epstein/files/DataSet%209/EFTA00128507.pdf,,yes,0,3624.5,,Video (no speech detected); 1.0h
EFTA00128508,9,mp4,video,13895101,13.25,https://www.justice.gov/epstein/files/DataSet%209/EFTA00128508.pdf,,yes,0,3592.0,,Video (no speech detected); 59.9min
EFTA00128509,9,mp4,video,13944313,13.3,https://www.justice.gov/epstein/files/DataSet%209/EFTA00128509.pdf,,yes,0,3624.5,,Video (no speech detected); 1.0h
EFTA00128510,9,mp4,video,13572473,12.94,https://www.justice.gov/epstein/files/DataSet%209/EFTA00128510.pdf,,yes,0,3624.5,,Video (no speech detected); 1.0h
EFTA00128511,9,mp4,video,16351109,15.59,https://www.justice.gov/epstein/files/DataSet%209/EFTA00128511.pdf,,yes,0,3624.5,,Video (no speech detected); 1.0h
EFTA00128512,9,mp4,video,14904709,14.21,https://www.justice.gov/epstein/files/DataSet%209/EFTA00128512.pdf,,yes,0,3562.0,,Video (no speech detected); 59.4min
EFTA00128513,9,mp4,video,14781998,14.1,https://www.justice.gov/epstein/files/DataSet%209/EFTA00128513.pdf,,yes,0,3562.0,,Video (no speech detected); 59.4min
EFTA00128514,9,mp4,video,15295640,14.59,https://www.justice.gov/epstein/files/DataSet%209/EFTA00128514.pdf,,yes,0,3624.5,,Video (no speech detected); 1.0h
EFTA00128515,9,mp4,video,15434589,14.72,https://www.justice.gov/epstein/files/DataSet%209/EFTA00128515.pdf,,yes,0,3624.5,,Video (no speech detected); 1.0h
EFTA00128516,9,mp4,video,15198655,14.49,https://www.justice.gov/epstein/files/DataSet%209/EFTA00128516.pdf,,yes,0,3562.0,,Video (no speech detected); 59.4min
EFTA00128517,9,mp4,video,15357175,14.65,https://www.justice.gov/epstein/files/DataSet%209/EFTA00128517.pdf,,yes,0,3562.0,,Video (no speech detected); 59.4min
EFTA00128518,9,mp4,video,15582607,14.86,https://www.justice.gov/epstein/files/DataSet%209/EFTA00128518.pdf,,yes,0,3624.5,,Video (no speech detected); 1.0h
EFTA00128519,9,mp4,video,15971944,15.23,https://www.justice.gov/epstein/files/DataSet%209/EFTA00128519.pdf,,yes,0,3624.5,,Video (no speech detected); 1.0h
EFTA00128520,9,mp4,video,16040227,15.3,https://www.justice.gov/epstein/files/DataSet%209/EFTA00128520.pdf,,yes,0,3624.5,,Video (no speech detected); 1.0h
EFTA00128521,9,mp4,video,20044992,19.12,https://www.justice.gov/epstein/files/DataSet%209/EFTA00128521.pdf,,yes,0,3624.5,,Video (no speech detected); 1.0h
EFTA00128522,9,mp4,video,15744755,15.02,https://www.justice.gov/epstein/files/DataSet%209/EFTA00128522.pdf,,yes,0,3624.5,,Video (no speech detected); 1.0h
EFTA00128523,9,mp4,video,15587786,14.87,https://www.justice.gov/epstein/files/DataSet%209/EFTA00128523.pdf,,yes,0,3624.5,,Video (no speech detected); 1.0h
EFTA00128524,9,mp4,video,15544496,14.82,https://www.justice.gov/epstein/files/DataSet%209/EFTA00128524.pdf,,yes,0,3624.5,,Video (no speech detected); 1.0h
EFTA00128525,9,mp4,video,15453650,14.74,https://www.justice.gov/epstein/files/DataSet%209/EFTA00128525.pdf,,yes,0,3624.5,,Video (no speech detected); 1.0h
EFTA00128526,9,mp4,video,14982277,14.29,https://www.justice.gov/epstein/files/DataSet%209/EFTA00128526.pdf,,yes,0,3624.5,,Video (no speech detected); 1.0h
EFTA00128527,9,mp4,video,15743479,15.01,https://www.justice.gov/epstein/files/DataSet%209/EFTA00128527.pdf,,yes,0,3562.0,,Video (no speech detected); 59.4min
EFTA00128528,9,mp4,video,15306918,14.6,https://www.justice.gov/epstein/files/DataSet%209/EFTA00128528.pdf,,yes,0,3562.0,,Video (no speech detected); 59.4min
EFTA00128529,9,mp4,video,14752037,14.07,https://www.justice.gov/epstein/files/DataSet%209/EFTA00128529.pdf,,yes,0,3624.5,,Video (no speech detected); 1.0h
EFTA00128530,9,mp4,video,14507268,13.84,https://www.justice.gov/epstein/files/DataSet%209/EFTA00128530.pdf,,yes,0,3562.0,,Video (no speech detected); 59.4min
EFTA00128531,9,mp4,video,15865169,15.13,https://www.justice.gov/epstein/files/DataSet%209/EFTA00128531.pdf,,yes,0,3624.5,,Video (no speech detected); 1.0h
EFTA00128532,9,mp4,video,15836625,15.1,https://www.justice.gov/epstein/files/DataSet%209/EFTA00128532.pdf,,yes,0,3624.5,,Video (no speech detected); 1.0h
EFTA00128533,9,mp4,video,14833102,14.15,https://www.justice.gov/epstein/files/DataSet%209/EFTA00128533.pdf,,yes,0,3624.5,,Video (no speech detected); 1.0h
EFTA00128534,9,mp4,video,14946486,14.25,https://www.justice.gov/epstein/files/DataSet%209/EFTA00128534.pdf,,yes,0,3562.0,,Video (no speech detected); 59.4min
EFTA00128535,9,mp4,video,15297219,14.59,https://www.justice.gov/epstein/files/DataSet%209/EFTA00128535.pdf,,yes,0,3624.5,,Video (no speech detected); 1.0h
EFTA00128536,9,mp4,video,14491401,13.82,https://www.justice.gov/epstein/files/DataSet%209/EFTA00128536.pdf,,yes,0,3624.5,,Video (no speech detected); 1.0h
EFTA00128537,9,mp4,video,14487843,13.82,https://www.justice.gov/epstein/files/DataSet%209/EFTA00128537.pdf,,yes,0,3624.5,,Video (no speech detected); 1.0h
EFTA00128538,9,mp4,video,14734208,14.05,https://www.justice.gov/epstein/files/DataSet%209/EFTA00128538.pdf,,yes,0,3624.5,,Video (no speech detected); 1.0h
EFTA00128539,9,mp4,video,15294424,14.59,https://www.justice.gov/epstein/files/DataSet%209/EFTA00128539.pdf,,yes,0,3591.3,,Video (no speech detected); 59.9min
EFTA00128540,9,mp4,video,15414245,14.7,https://www.justice.gov/epstein/files/DataSet%209/EFTA00128540.pdf,,yes,0,3624.5,,Video (no speech detected); 1.0h
EFTA00128541,9,mp4,video,13377144,12.76,https://www.justice.gov/epstein/files/DataSet%209/EFTA00128541.pdf,,yes,0,3624.5,,Video (no speech detected); 1.0h
EFTA00128542,9,mp4,video,13439095,12.82,https://www.justice.gov/epstein/files/DataSet%209/EFTA00128542.pdf,,yes,0,3562.0,,Video (no speech detected); 59.4min
EFTA00128543,9,mp4,video,13623739,12.99,https://www.justice.gov/epstein/files/DataSet%209/EFTA00128543.pdf,,yes,0,3562.0,,Video (no speech detected); 59.4min
EFTA00128544,9,mp4,video,14333074,13.67,https://www.justice.gov/epstein/files/DataSet%209/EFTA00128544.pdf,,yes,0,3624.5,,Video (no speech detected); 1.0h
EFTA00128545,9,mp4,video,15473479,14.76,https://www.justice.gov/epstein/files/DataSet%209/EFTA00128545.pdf,,yes,0,3624.5,,Video (no speech detected); 1.0h
EFTA00128546,9,mp4,video,14860729,14.17,https://www.justice.gov/epstein/files/DataSet%209/EFTA00128546.pdf,,yes,0,3562.0,,Video (no speech detected); 59.4min
EFTA00128547,9,mp4,video,13859302,13.22,https://www.justice.gov/epstein/files/DataSet%209/EFTA00128547.pdf,,yes,0,3562.0,,Video (no speech detected); 59.4min
EFTA00128548,9,mp4,video,13956011,13.31,https://www.justice.gov/epstein/files/DataSet%209/EFTA00128548.pdf,,yes,0,3624.5,,Video (no speech detected); 1.0h
EFTA00128549,9,mp4,video,13978645,13.33,https://www.justice.gov/epstein/files/DataSet%209/EFTA00128549.pdf,,yes,0,3562.0,,Video (no speech detected); 59.4min
EFTA00128550,9,mp4,video,15525827,14.81,https://www.justice.gov/epstein/files/DataSet%209/EFTA00128550.pdf,,yes,0,3578.8,,Video (no speech detected); 59.6min
EFTA00128551,9,mp4,video,16269709,15.52,https://www.justice.gov/epstein/files/DataSet%209/EFTA00128551.pdf,,yes,0,3624.5,,Video (no speech detected); 1.0h
EFTA00128552,9,mp4,video,13501602,12.88,https://www.justice.gov/epstein/files/DataSet%209/EFTA00128552.pdf,,yes,0,3562.0,,Video (no speech detected); 59.4min
EFTA00128553,9,mp4,video,14296850,13.63,https://www.justice.gov/epstein/files/DataSet%209/EFTA00128553.pdf,,yes,0,3624.5,,Video (no speech detected); 1.0h
EFTA00128554,9,mp4,video,16495624,15.73,https://www.justice.gov/epstein/files/DataSet%209/EFTA00128554.pdf,,yes,0,3624.5,,Video (no speech detected); 1.0h
EFTA00128555,9,mp4,video,15879287,15.14,https://www.justice.gov/epstein/files/DataSet%209/EFTA00128555.pdf,,yes,0,3624.5,,Video (no speech detected); 1.0h
EFTA00128556,9,mp4,video,15300167,14.59,https://www.justice.gov/epstein/files/DataSet%209/EFTA00128556.pdf,,yes,0,3624.5,,Video (no speech detected); 1.0h
EFTA00128557,9,mp4,video,16032137,15.29,https://www.justice.gov/epstein/files/DataSet%209/EFTA00128557.pdf,,yes,0,3624.5,,Video (no speech detected); 1.0h
EFTA00128558,9,mp4,video,15998775,15.26,https://www.justice.gov/epstein/files/DataSet%209/EFTA00128558.pdf,,yes,0,3624.5,,Video (no speech detected); 1.0h
EFTA00128559,9,mp4,video,15852926,15.12,https://www.justice.gov/epstein/files/DataSet%209/EFTA00128559.pdf,,yes,0,3591.3,,Video (no speech detected); 59.9min
EFTA00128560,9,mp4,video,15366436,14.65,https://www.justice.gov/epstein/files/DataSet%209/EFTA00128560.pdf,,yes,0,3624.5,,Video (no speech detected); 1.0h
EFTA00128561,9,mp4,video,16081211,15.34,https://www.justice.gov/epstein/files/DataSet%209/EFTA00128561.pdf,,yes,0,3624.5,,Video (no speech detected); 1.0h
EFTA00128562,9,mp4,video,14581832,13.91,https://www.justice.gov/epstein/files/DataSet%209/EFTA00128562.pdf,,yes,0,3624.5,,Video (no speech detected); 1.0h
EFTA00128563,9,mp4,video,15518591,14.8,https://www.justice.gov/epstein/files/DataSet%209/EFTA00128563.pdf,,yes,0,3591.3,,Video (no speech detected); 59.9min
EFTA00128564,9,mp4,video,15398694,14.69,https://www.justice.gov/epstein/files/DataSet%209/EFTA00128564.pdf,,yes,0,3624.5,,Video (no speech detected); 1.0h
EFTA00128565,9,mp4,video,15405151,14.69,https://www.justice.gov/epstein/files/DataSet%209/EFTA00128565.pdf,,yes,0,3624.5,,Video (no speech detected); 1.0h
EFTA00128566,9,mp4,video,14375013,13.71,https://www.justice.gov/epstein/files/DataSet%209/EFTA00128566.pdf,,yes,0,3624.5,,Video (no speech detected); 1.0h
EFTA00128567,9,mp4,video,13724396,13.09,https://www.justice.gov/epstein/files/DataSet%209/EFTA00128567.pdf,,yes,0,3624.5,,Video (no speech detected); 1.0h
EFTA00128568,9,mp4,video,14083370,13.43,https://www.justice.gov/epstein/files/DataSet%209/EFTA00128568.pdf,,yes,0,3624.5,,Video (no speech detected); 1.0h
EFTA00128569,9,mp4,video,14205241,13.55,https://www.justice.gov/epstein/files/DataSet%209/EFTA00128569.pdf,,yes,0,3624.5,,Video (no speech detected); 1.0h
EFTA00128570,9,mp4,video,13672349,13.04,https://www.justice.gov/epstein/files/DataSet%209/EFTA00128570.pdf,,yes,0,3562.0,,Video (no speech detected); 59.4min
EFTA00128571,9,mp4,video,14239174,13.58,https://www.justice.gov/epstein/files/DataSet%209/EFTA00128571.pdf,,yes,0,3624.5,,Video (no speech detected); 1.0h
EFTA00128572,9,mp4,video,15148252,14.45,https://www.justice.gov/epstein/files/DataSet%209/EFTA00128572.pdf,,yes,0,3624.5,,Video (no speech detected); 1.0h
EFTA00128573,9,mp4,video,15617928,14.89,https://www.justice.gov/epstein/files/DataSet%209/EFTA00128573.pdf,,yes,0,3624.5,,Video (no speech detected); 1.0h
EFTA00128574,9,mp4,video,15830918,15.1,https://www.justice.gov/epstein/files/DataSet%209/EFTA00128574.pdf,,yes,0,3624.5,,Video (no speech detected); 1.0h
EFTA00128575,9,mp4,video,15724356,15.0,https://www.justice.gov/epstein/files/DataSet%209/EFTA00128575.pdf,,yes,0,3562.0,,Video (no speech detected); 59.4min
EFTA00128576,9,mp4,video,15624627,14.9,https://www.justice.gov/epstein/files/DataSet%209/EFTA00128576.pdf,,yes,0,3586.8,,Video (no speech detected); 59.8min
EFTA00128577,9,mp4,video,15955946,15.22,https://www.justice.gov/epstein/files/DataSet%209/EFTA00128577.pdf,,yes,0,3624.5,,Video (no speech detected); 1.0h
EFTA00128578,9,mp4,video,15259662,14.55,https://www.justice.gov/epstein/files/DataSet%209/EFTA00128578.pdf,,yes,0,3562.0,,Video (no speech detected); 59.4min
EFTA00128579,9,mp4,video,19054185,18.17,https://www.justice.gov/epstein/files/DataSet%209/EFTA00128579.pdf,,yes,0,3562.0,,Video (no speech detected); 59.4min
EFTA00128580,9,mp4,video,15554891,14.83,https://www.justice.gov/epstein/files/DataSet%209/EFTA00128580.pdf,,yes,0,3562.0,,Video (no speech detected); 59.4min
EFTA00128581,9,mp4,video,15240387,14.53,https://www.justice.gov/epstein/files/DataSet%209/EFTA00128581.pdf,,yes,0,3624.5,,Video (no speech detected); 1.0h
EFTA00128582,9,mp4,video,15406704,14.69,https://www.justice.gov/epstein/files/DataSet%209/EFTA00128582.pdf,,yes,0,3562.0,,Video (no speech detected); 59.4min
EFTA00128583,9,mp4,video,15855592,15.12,https://www.justice.gov/epstein/files/DataSet%209/EFTA00128583.pdf,,yes,0,3562.0,,Video (no speech detected); 59.4min
EFTA00128584,9,mp4,video,15587794,14.87,https://www.justice.gov/epstein/files/DataSet%209/EFTA00128584.pdf,,yes,0,3624.5,,Video (no speech detected); 1.0h
EFTA00128585,9,mp4,video,16106063,15.36,https://www.justice.gov/epstein/files/DataSet%209/EFTA00128585.pdf,,yes,0,3624.5,,Video (no speech detected); 1.0h
EFTA00128586,9,mp4,video,15789034,15.06,https://www.justice.gov/epstein/files/DataSet%209/EFTA00128586.pdf,,yes,0,3624.5,,Video (no speech detected); 1.0h
EFTA00128587,9,mp4,video,15830033,15.1,https://www.justice.gov/epstein/files/DataSet%209/EFTA00128587.pdf,,yes,0,3562.0,,Video (no speech detected); 59.4min
